{
  "test": "polynomial",
  "method": "lm",
  "dataset": "bodyfat",
  "formula": "Density ~ poly(BodyFat, 2, raw=TRUE)",
  "degree": 2,
  "n": 252,
  "k": 2,
  "df_residual": 249,
  "df_model": 2,
  "variable_names": ["Intercept", "x^1", "x^2"],
  "coefficients": [1.0995128684562951, -0.0023598595344891003, 2.8730653986460898e-06],
  "std_errors": [0.00081897873009139646, 8.5936178694647104e-05, 2.0996768249501509e-06],
  "t_stats": [1342.5414214769553, -27.460605886075943, 1.3683369576240858],
  "p_values": [0, 2.6611592709527878e-77, 0.1724400152415442],
  "r_squared": 0.97589532818775715,
  "adj_r_squared": 0.97570171636597203,
  "f_statistic": 5040.473867711662,
  "f_p_value": 3.7290847199027874e-202,
  "mse": 8.800728664977266e-06,
  "rmse": 0.0029666022087528462,
  "mae": 0.00052115761150067937,
  "residual_std_error": 0.0029666022087528462,
  "log_likelihood": 1110.6616703750979,
  "aic": -2213.3233407501957,
  "bic": -2199.2056244001501,
  "conf_int_lower": [1.097899859653567, -0.0025291140066923371, -1.2623255182232658e-06],
  "conf_int_upper": [1.1011258772590233, -0.0021906050622858635, 7.0084563155154449e-06],
  "fitted_values": [1.0709212622462365, 1.085224632059395, 1.0416474426647397, 1.0752810800511257, 1.0341514150546682, 1.0514467878822551, 1.0552626922226609, 1.0706923727643256, 1.0898857405942406, 1.0722958058251928, 1.0829026969881679, 1.0812807613861333, 1.0516707931529916, 1.0507751168378932, 1.0487632066154382, 1.0514467878822551, 1.033493189956372, 1.0469787493421983, 1.0624906206465223, 1.0613573781920058, 1.055487674335633, 1.0643067965617634, 1.0633982489136791, 1.0586434573545793, 1.0670379557915819, 1.0908207204439924, 1.0810492861453602, 1.0469787493421983, 1.0908207204439924, 1.0789685947372618, 1.0718373947869766, 1.0861550150045087, 1.0720665715754307, 1.0505513414123886, 1.0262868458920502, 1.0095024190149586, 1.0440868497417215, 1.0348101573047361, 1.0200056557938166, 1.025634826615015, 1.0215173806071591, 1.0249833244897517, 1.0278102353509111, 1.026939382320857, 1.0815122940882143, 1.0672659258925685, 1.0743614998319104, 1.0863877543940572, 1.0679501809633765, 1.0901193993647167, 1.075741214928581, 1.0840629462574316, 1.0808178683658951, 1.0847597853546855, 1.0903531155965005, 1.0476474898598533, 1.0525673888490175, 1.0356892847631383, 1.0280280922616944, 1.0431989881645074, 1.0398776954863407, 1.0317404513251331, 1.0297730161550491, 1.0405409197184305, 1.0262868458920502, 1.0313028412804031, 1.0501039629453031, 1.0674939534548633, 1.0847597853546855, 1.0695487872743739, 1.0438647981554561, 1.0789685947372618, 1.0796616413881894, 1.068178380909595, 1.0720665715754307, 1.0568387737009328, 1.0789685947372618, 1.0485399483417053, 1.0501039629453031, 1.056162965442397, 1.028246006633786, 1.0383321834239103, 1.0570641580430609, 1.037891125700702, 1.037891125700702, 1.0387734709923506, 1.0649888106415604, 1.0465332096369679, 1.0801239597953478, 1.0668100431519032, 1.052343153733049, 1.0575150991112405, 1.0796616413881894, 1.0425336953253306, 1.078506850943183, 1.0593211618362783, 1.0771229986323385, 1.0732133174373208, 1.0584176707832957, 1.0485399483417053, 1.0507751168378932, 1.0525673888490175, 1.0532404389647707, 1.0483167475292803, 1.041426023152862, 1.0579662700246522, 1.0550377675709968, 1.0572895998464966, 1.0595471782527939, 1.0503276234481917, 1.0541386435774198, 1.0356892847631383, 1.0487632066154382, 1.0505513414123886, 1.0385527984774765, 1.0609044834393551, 1.0532404389647707, 1.0672659258925685, 1.0405409197184305, 1.0577406558372924, 1.0359092102810088, 1.0416474426647397, 1.0654437740012983, 1.0624906206465223, 1.0674939534548633, 1.0590952028810707, 1.0374502978227254, 1.0593211618362783, 1.0516707931529916, 1.0649888106415604, 1.0577406558372924, 1.0474245188926603, 1.0454203659467818, 1.0398776954863407, 1.0436428040304986, 1.0376706830310596, 1.0494333262044848, 1.0326163609502887, 1.0480936041781634, 1.0525673888490175, 1.0425336953253306, 1.0572895998464966, 1.0460878997769696, 1.0775840528907215, 1.0755111187591992, 1.0665821879735324, 1.0552626922226609, 1.032178291215095, 1.0870863173305503, 1.0418689196379254, 1.0775840528907215, 1.0543633383838522, 1.0759713685592707, 1.0613573781920058, 1.0512228400728265, 1.0595471782527939, 1.0286820077618928, 1.0762015796512683, 1.0704635407437193, 1.0478705182883545, 1.0775840528907215, 1.0656713418731292, 1.0693202425603074, 1.0645340771270546, 1.0372299700756991, 1.0552626922226609, 1.0494333262044848, 1.0527916814262939, 1.0219498191341716, 1.0613573781920058, 1.0924591474414151, 1.0978623745841976, 1.052343153733049, 1.060451818531936, 1.0416474426647397, 1.0764318482045738, 1.069091755307549, 1.031521617572114, 1.0478705182883545, 1.060451818531936, 1.0387734709923506, 1.0995128684562947, 1.072754446708641, 1.0713792135939924, 1.0590952028810707, 1.0794305683765721, 1.0454203659467818, 1.0525673888490175, 1.052343153733049, 1.0436428040304986, 1.072983853342327, 1.0137727906555885, 1.0627174415213496, 1.0429771664234739, 1.0472016053867752, 1.0412046611022923, 1.0489865223504791, 1.0586434573545793, 1.0840629462574316, 1.0454203659467818, 1.071150209189462, 1.0487632066154382, 1.0341514150546682, 1.0854571416037113, 1.0208691537764503, 1.0611309020850264, 1.0249833244897517, 1.0252004344035315, 1.0771229986323385, 1.0743614998319104, 1.0829026969881679, 1.0374502978227254, 1.0545880906515923, 1.056388177400601, 1.0545880906515923, 0.99390189437375753, 1.0679501809633765, 1.0819755318763002, 1.043420867366849, 1.0647614151536535, 1.0706923727643256, 1.0400987127690628, 1.072754446708641, 1.0873192865653307, 1.0741317484303765, 1.0704635407437193, 1.0652162635907754, 1.0418689196379254, 1.0649888106415604, 1.0602255722701885, 1.0748211750189021, 1.0622638572330032, 1.0638524078151055, 1.0385527984774765, 1.0405409197184305, 1.0566134468201129, 1.0427554021437482, 1.0372299700756991, 1.0706923727643256, 1.031521617572114, 1.0602255722701885, 1.0204372898625176, 1.0304283107266388, 1.025634826615015, 1.033493189956372, 1.0643067965617634, 1.0308654610809049, 1.0739020544901507, 1.0234651640099164, 1.0328354820098475, 1.0400987127690628, 1.0271570093864086],