{
  "test": "wls",
  "method": "lm",
  "dataset": "bodyfat",
  "formula": "Density ~ BodyFat + Age + Weight + Height + Neck + Chest + Abdomen + Hip + Thigh + Knee + Ankle + Biceps + Forearm + Wrist",
  "n": 252,
  "k": 14,
  "df_residual": 237,
  "df_model": 14,
  "variable_names": ["Intercept", "BodyFat", "Age", "Weight", "Height", "Neck", "Chest", "Abdomen", "Hip", "Thigh", "Knee", "Ankle", "Biceps", "Forearm", "Wrist"],
  "coefficients": [1.0981463302318193, -0.002219542473288906, 1.7438215283166126e-05, 4.3211208460820298e-05, -4.6436907008498153e-06, 3.0637694396145224e-05, 7.0183828196158059e-05, -0.00015740203429346589, 9.0633569172527114e-05, -9.0837318482315943e-05, -1.4522350828952907e-05, -0.00024524857377480988, -0.00017239132973348816, -1.3547576270112195e-05, 0.00036166344680771563],
  "std_errors": [0.011956987816646388, 4.4572722491910821e-05, 2.2415635227071324e-05, 3.7016511136848937e-05, 6.6090078655346328e-05, 0.00016122289835035147, 6.818508244684911e-05, 7.3107994327413487e-05, 0.00010075850717311983, 9.9821636060947e-05, 0.00016639334976607857, 0.00015248519568526327, 0.00011794969227711637, 0.00013840228407717111, 0.0003748730337643996],
  "t_stats": [91.841385729522273, -49.795981694672449, 0.77794874454889518, 1.1673495727641579, -0.070263053022923974, 0.19003314485493761, 1.0293135342450745, -2.1530071470507357, 0.89951282244390152, -0.9099962900513312, -0.087277231027375321, -1.6083435029392275, -1.4615665916996556, -0.097885496330091359, 0.96476250418965603],
  "p_values": [2.8944648280524303e-187, 1.6167249463750993e-127, 0.43737515008880368, 0.24424234606228848, 0.94404354004120683, 0.84944582136693059, 0.30438168215623257, 0.03232775193427357, 0.3692925968242996, 0.3637490012075606, 0.93052484775278121, 0.10909125167601028, 0.14518461846659067, 0.92210594998107576, 0.33564715988862315],
  "r_squared": 0.97715184786236187,
  "adj_r_squared": 0.97580216798925246,
  "f_statistic": 723.98786358959296,
  "f_p_value": 1.3326212878026622e-185,
  "mse": 8.764345540400947e-06,
  "rmse": 0.0029604637373899629,
  "mae": 0.00092635600936153925,
  "residual_std_error": 0.0029604637373899629,
  "log_likelihood": 1117.4071343056389,
  "aic": -2202.8142686112778,
  "bic": -2146.3434032110949,
  "conf_int_lower": [1.0745907771409231, -0.0023073518068070249, -2.672112432261202e-05, -2.971220726014253e-05, -0.00013484273250134127, -0.00028697528638089813, -6.4142421375480349e-05, -0.00030142653847091698, -0.0001078631092109373, -0.00028748833828014638, -0.00034232124503960366, -0.00054564807050586236, -0.0004047550555391176, -0.00028620339899683222, -0.0003768454305609724],
  "conf_int_upper": [1.1217018833227155, -0.0021317331397707872, 6.1597554888944268e-05, 0.00011613462418178313, 0.00012555535109964164, 0.00034825067517318855, 0.00020451007776779647, -1.337753011601477e-05, 0.00028913024755599151, 0.0001058137013155145, 0.00031327654338169785, 5.5150922956242587e-05, 5.9972396072141299e-05, 0.00025910824645660786, 0.0011001723241764036],
  "fitted_values": [1.0694198630862721, 1.0850916823917305, 1.0404754861853436, 1.0760332140324873, 1.0321084078764782, 1.0517018585046696, 1.0558357937382117, 1.0707835886147061, 1.0895746462775182, 1.0725051119734919, 1.0830459712173288, 1.0813318580531306, 1.0521719234826512, 1.0500855515712133, 1.0471906175199257, 1.0503260834540542, 1.0326609575574004, 1.0471064706967663, 1.0624395427063242, 1.0609732931582232, 1.0554222890961544, 1.0649504166947801, 1.0631362995409674, 1.0583194405888927, 1.0670305323188196, 1.0903554348406133, 1.0800953889418008, 1.0464452037117413, 1.0902374629669809, 1.0789176260185198, 1.0697141226093185, 1.0858934646487823, 1.0728181639146472, 1.0507069612295346, 1.026059615024435, 1.0086643185828532, 1.0444587729675725, 1.0350405416747916, 1.0210668661147078, 1.024782509986075, 1.0225760438643552, 1.0244930177210885, 1.0268796569538394, 1.0266798499219196, 1.0806158410518523, 1.0681854095448071, 1.0741995984050823, 1.086176998157248, 1.0671311490814364, 1.0896438259324119, 1.0761048536558757, 1.0841270141327399, 1.0799188065820984, 1.0834890561460551, 1.0897221380258366, 1.0483031725182537, 1.0520707269821399, 1.0359751791094283, 1.028457307692259, 1.0428312829235611, 1.0410689814945573, 1.0320370938298145, 1.0295437868856163, 1.040147370841674, 1.02542003871506, 1.0305924821463111, 1.0502742491645394, 1.0673639354797144, 1.0846996070506925, 1.0705746815584247, 1.0443924125903739, 1.0784464217085306, 1.0803015703478196, 1.0683766014354024, 1.0718476213370502, 1.0579548199929947, 1.0793476745467085, 1.0499817091836503, 1.0505528850679986, 1.0565527230394238, 1.0282269107635864, 1.0386949315925262, 1.0573792647092197, 1.0381637761095157, 1.0377110507386522, 1.0366760315566137, 1.0654583939380677, 1.0468206573225001, 1.0805441163685447, 1.0675063292810336, 1.0527642842460501, 1.0581723505232328, 1.0803889462273579, 1.0429027895304233, 1.0789657054461135, 1.0625035007452115, 1.0774266332167306, 1.0728890310555359, 1.0580692870212138, 1.0496270172698667, 1.052505344755609, 1.052941139298982, 1.0533675322084142, 1.0495461536951707, 1.0413765973371096, 1.05771822824906, 1.0551541524973653, 1.0581014061762157, 1.061320269621979, 1.0498280229557806, 1.0536488347110948, 1.0338530500160363, 1.0480839021618895, 1.0500256281122018, 1.0386765726561427, 1.0607031807013019, 1.0539487328861636, 1.0678273039815815, 1.0402191125019964, 1.0588936167897616, 1.0369637662944038, 1.0414535209249103, 1.0651022877795833, 1.0619834260482921, 1.0669902685180044, 1.0585458945798289, 1.0368980718253362, 1.0601756327454772, 1.0523440255027872, 1.0651022004471933, 1.0582049696505733, 1.0467964716946643, 1.0454870347143168, 1.0394875935323227, 1.0438868640121644, 1.0374974296471733, 1.0488880418016693, 1.030948035573453, 1.0481705418826051, 1.0517205122409035, 1.0425803898543191, 1.0569511123415674, 1.0467011341078558, 1.0779460299061101, 1.0763937030075823, 1.0658552232625009, 1.0542109873356276, 1.0319986080857495, 1.0872508080735357, 1.0419599515234095, 1.0777631061879285, 1.0548345485494453, 1.0761309219906727, 1.060480526297098, 1.0508275422511293, 1.060017999548277, 1.0270934165222438, 1.0757210604546108, 1.0704933590313725, 1.0477510378301205, 1.077710812235892, 1.0662075657493364, 1.0693986233977606, 1.0637570034656336, 1.0377314181266246, 1.0559839533276876, 1.0497062582810466, 1.0538024087485831, 1.020278731251411, 1.0605030044216099, 1.0913614881463427, 1.0970695834585846, 1.0529304711044345, 1.0607358832423466, 1.0427860640310518, 1.0761410085359113, 1.0680011407637331, 1.0324208133767288, 1.0472834550450316, 1.0603723534457488, 1.0388671463089538, 1.0981607952114172, 1.0718759846317465, 1.0705074101624432, 1.0592082737655, 1.0790563503078614, 1.0459623178314235, 1.0530408123384216, 1.0521429529838298, 1.0429660014449851, 1.0732522374887277, 1.0134210178686112, 1.0630988476422525, 1.0431233989341218, 1.0466216175906771, 1.040669987782278, 1.04847077234438, 1.0578762878894359, 1.0852506619316846, 1.0452138985529367, 1.0715132915691643, 1.0486785082507786, 1.0337653097990325, 1.0853440320438033, 1.020729910193922, 1.0615671396048418, 1.024316652605169, 1.0240660182681056, 1.0772465493357684, 1.074207939176359, 1.0821676341504931, 1.0384919582159551, 1.0555372368692471, 1.0566840907321182, 1.0559886693795724, 0.99172576433878368, 1.0685127373634797, 1.0827039147955537, 1.0438178028989777, 1.0646015028978553, 1.069618820626794, 1.0398464431548502, 1.0723890403070693, 1.0860252103721721, 1.0745668472049847, 1.0705241887095325, 1.0654035211149449, 1.0427638659839833, 1.065642944953183, 1.0601384197221593, 1.0740586001095187, 1.0627743328356898, 1.064664276667991, 1.0388410202188409, 1.0405577656567668, 1.0568800639060507, 1.0436243899046374, 1.0379179951745114, 1.0710361596497122, 1.0313057303515512, 1.0604348003244104, 1.0210220135693013, 1.0320759420512411, 1.0256629650408353, 1.0343075963532355, 1.0654951470121048, 1.0315285160230547, 1.0743067493123752, 1.0241164483276892, 