{
  "test": "polynomial",
  "method": "lm",
  "dataset": "bodyfat",
  "formula": "Density ~ poly(BodyFat, 3, raw=TRUE)",
  "degree": 3,
  "n": 252,
  "k": 3,
  "df_residual": 248,
  "df_model": 3,
  "variable_names": ["Intercept", "x^1", "x^2", "x^3"],
  "coefficients": [1.0995253784022481, -0.002362416079333584, 3.0108714570210902e-06, -2.1323897225898081e-09],
  "std_errors": [0.0012139155788239721, 0.00020206990461183808, 1.0075852365845563e-05, 1.5247540651894679e-07],
  "t_stats": [905.76758185067206, -11.691083260872604, 0.29882052135133869, -0.013985138792365407],
  "p_values": [0, 1.9290001108821981e-25, 0.76532723312166118, 0.98885308131945682],
  "r_squared": 0.97589534719778548,
  "adj_r_squared": 0.97560375865582316,
  "f_statistic": 3346.8233718321139,
  "f_p_value": 2.9904012552531773e-200,
  "mse": 8.8362085054733407e-06,
  "rmse": 0.0029725760722769299,
  "mae": 0.00052072528735819593,
  "residual_std_error": 0.0029725760722769299,
  "log_likelihood": 1110.661769744403,
  "aic": -2211.3235394888061,
  "bic": -2193.6763940512492,
  "conf_int_lower": [1.097134479832639, -0.0027604080437876074, -1.6834282052279216e-05, -3.0244423817904886e-07],
  "conf_int_upper": [1.1019162769718571, -0.0019644241148795605, 2.2856024966321399e-05, 2.9817945873386927e-07],
  "fitted_values": [1.0709192072755078, 1.085226190833277, 1.0416489477961928, 1.0752795083855367, 1.0341536521496071, 1.0514465938179831, 1.05526182451733, 1.0706903049483201, 1.0898899382597402, 1.0722938532046953, 1.0829032390633895, 1.0812807024730831, 1.0516705581918111, 1.0507750459057963, 1.0487635060590355, 1.0514465938179831, 1.033495448143984, 1.0469793734415624, 1.0624887699576038, 1.0613556438862346, 1.0554867690867031, 1.0643047971945203, 1.0633963178039632, 1.0586420651189545, 1.0670358328197547, 1.0908255497270232, 1.0810491485118483, 1.0469793734415624, 1.0908255497270232, 1.0789678256258546, 1.0718354031494741, 1.0861570350600347, 1.072064598823236, 1.0505513116288518, 1.0262886932839483, 1.0094965059822625, 1.0440879747747098, 1.0348123650643164, 1.0200059200909146, 1.0256365692424849, 1.0215181497650359, 1.0249849496192949, 1.0278122796144573, 1.0269413220891326, 1.0815123156537885, 1.0672637985873672, 1.0743597865952694, 1.0863898948051181, 1.0679480465754794, 1.0901237515552833, 1.0757397225504006, 1.0840639727857979, 1.0808176537572902, 1.0847611253929221, 1.0903576245564819, 1.0476479931648282, 1.0525669913771343, 1.0356914411840212, 1.0280301593998482, 1.043200257072245, 1.0398794414810819, 1.0317427228351961, 1.0297752214973521, 1.040542579411603, 1.0262886932839483, 1.0313051058110489, 1.0501040155388741, 1.067491822793996, 1.0847611253929221, 1.0695466725204459, 1.0438659596992805, 1.0789678256258546, 1.0796610676368434, 1.0681762461759223, 1.072064598823236, 1.0568376501986643, 1.0789678256258546, 1.0485402887516106, 1.0501040155388741, 1.0561619494882628, 1.0282480953724515, 1.0383341097798695, 1.0570629994526921, 1.0378930977254992, 1.0378930977254992, 1.0387753489884257, 1.0649867685558998, 1.0465339134183376, 1.0801235246057306, 1.0668079254783638, 1.0523427967017132, 1.0575138715633547, 1.0796610676368434, 1.0425350680754064, 1.0785059597641562, 1.0593196765839348, 1.0771217793521706, 1.0732114580633914, 1.0584163105533495, 1.0485402887516106, 1.0507750459057963, 1.0525669913771343, 1.0532399210988799, 1.0483171288212718, 1.0414275602095291, 1.0579649752294555, 1.0550369377088731, 1.0572884065699908, 1.059545663037631, 1.0503276348441426, 1.0541379678283205, 1.0356914411840212, 1.0487635060590355, 1.0505513116288518, 1.0385547009834772, 1.0609028002917906, 1.0532399210988799, 1.0672637985873672, 1.040542579411603, 1.0577393944455782, 1.0359113517694978, 1.0416489477961928, 1.0654417076641927, 1.0624887699576038, 1.067491822793996, 1.0590937481214528, 1.0374523127229602, 1.0593196765839348, 1.0516705581918111, 1.0649867685558998, 1.0577393944455782, 1.04742506261489, 1.0454212652202719, 1.0398794414810819, 1.0436440017322561, 1.037672676849148, 1.0494335023717696, 1.0326186338424406, 1.0480940262552245, 1.0525669913771343, 1.0425350680754064, 1.0572884065699908, 1.0460886824428608, 1.0775829367296688, 1.0755095860181625, 1.0665800765504003, 1.05526182451733, 1.0321805654782084, 1.0870888310972224, 1.0418703923633181, 1.0775829367296688, 1.0543626237210562, 1.0759699179950455, 1.0613556438862346, 1.0512226869875676, 1.059545663037631, 1.0286841359304737, 1.0762001723648911, 1.0704614612520602, 1.0478709810406748, 1.0775829367296688, 1.0656692647169341, 1.069318121786927, 1.0645320626918979, 1.0372320053341415, 1.05526182451733, 1.0494335023717696, 1.0527912436599396, 1.02195071742474, 1.0613556438862346, 1.0924651704328374, 1.0978731617423183, 1.0523427967017132, 1.0604501890204452, 1.0416489477961928, 1.0764304856727323, 1.0690896296075731, 1.0315238861271614, 1.0478709810406748, 1.0604501890204452, 1.0387753489884257, 1.0995253784022474, 1.072752538141883, 1.0713771878738643, 1.0590937481214528, 1.0794299278536625, 1.0454212652202719, 1.0525669913771343, 1.0523427967017132, 1.0436440017322561, 1.0729819687231998, 1.0137700022222218, 1.0627155696317052, 1.0429784703536693, 1.0472021893780663, 1.0412062295905327, 1.0489867807563407, 1.0586420651189545, 1.0840639727857979, 1.0454212652202719, 1.0711481682464277, 1.0487635060590355, 1.0341536521496071, 1.0854588127025186, 1.0208697167688618, 1.0611291930422282, 1.0249849496192949, 1.0252021001352072, 1.0771217793521706, 1.0743597865952694, 1.0829032390633895, 1.0374523127229602, 1.0545873373235306, 1.0563871252292441, 1.0545873373235306, 0.99387536115400532, 1.0679480465754794, 1.0819757197247888, 1.0434221008608424, 1.0647593864747598, 1.0706903049483201, 1.0401004305627564, 1.072752538141883, 1.0873219289228566, 1.0741300032687899, 1.0704614612520602, 1.0652142089481127, 1.0418703923633181, 1.0649867685558998, 1.0602239704739485, 1.0748195297679446, 1.0622620284538373, 1.0638504410050396, 1.0385547009834772, 1.040542579411603, 1.0566123587951131, 1.0427567406923213, 1.0372320053341415, 1.0706903049483201, 1.0315238861271614, 1.0602239704739485, 1.0204377069510668, 1.0304305482099319, 1.0256365692424849, 1.033495448143984, 1.0643047971945203, 1.0308677143034124, 1.0739002787651568, 1.0234664635179966, 1.0328377527020001, 1.0401004305627564, 1.0271589772536165],