{
  "test": "ols",
  "method": "lm",
  "dataset": "bodyfat",
  "formula": "Density ~ BodyFat + Age + Weight + Height + Neck + Chest + Abdomen + Hip + Thigh + Knee + Ankle + Biceps + Forearm + Wrist",
  "n": 252,
  "k": 14,
  "df_residual": 237,
  "variable_names": ["Intercept", "BodyFat", "Age", "Weight", "Height", "Neck", "Chest", "Abdomen", "Hip", "Thigh", "Knee", "Ankle", "Biceps", "Forearm", "Wrist"],
  "coefficients": [1.0981463302318193, -0.002219542473288906, 1.7438215283166126e-05, 4.3211208460820298e-05, -4.6436907008498153e-06, 3.0637694396145224e-05, 7.0183828196158059e-05, -0.00015740203429346589, 9.0633569172527114e-05, -9.0837318482315943e-05, -1.4522350828952907e-05, -0.00024524857377480988, -0.00017239132973348816, -1.3547576270112195e-05, 0.00036166344680771563],
  "std_errors": [0.011956987816646388, 4.4572722491910821e-05, 2.2415635227071324e-05, 3.7016511136848937e-05, 6.6090078655346328e-05, 0.00016122289835035147, 6.818508244684911e-05, 7.3107994327413487e-05, 0.00010075850717311983, 9.9821636060947e-05, 0.00016639334976607857, 0.00015248519568526327, 0.00011794969227711637, 0.00013840228407717111, 0.0003748730337643996],
  "t_stats": [91.841385729522273, -49.795981694672449, 0.77794874454889518, 1.1673495727641579, -0.070263053022923974, 0.19003314485493761, 1.0293135342450745, -2.1530071470507357, 0.89951282244390152, -0.9099962900513312, -0.087277231027375321, -1.6083435029392275, -1.4615665916996556, -0.097885496330091359, 0.96476250418965603],
  "p_values": [2.8944648280524303e-187, 1.6167249463750993e-127, 0.43737515008880368, 0.24424234606228848, 0.94404354004120683, 0.84944582136693059, 0.30438168215623257, 0.03232775193427357, 0.3692925968242996, 0.3637490012075606, 0.93052484775278121, 0.10909125167601028, 0.14518461846659067, 0.92210594998107576, 0.33564715988862315],
  "r_squared": 0.97715184786236187,
  "adj_r_squared": 0.97580216798925246,
  "f_statistic": 723.98786358959296,
  "f_p_value": 1.3326212878026622e-185,
  "mse": 8.764345540400947e-06,
  "std_error": 0.0029604637373899629,
  "conf_int_lower": [1.0745907771409231, -0.0023073518068070249, -2.672112432261202e-05, -2.971220726014253e-05, -0.00013484273250134127, -0.00028697528638089813, -6.4142421375480349e-05, -0.00030142653847091698, -0.0001078631092109373, -0.00028748833828014638, -0.00034232124503960366, -0.00054564807050586236, -0.0004047550555391176, -0.00028620339899683222, -0.0003768454305609724],
  "conf_int_upper": [1.1217018833227155, -0.0021317331397707872, 6.1597554888944268e-05, 0.00011613462418178313, 0.00012555535109964164, 0.00034825067517318855, 0.00020451007776779647, -1.337753011601477e-05, 0.00028913024755599151, 0.0001058137013155145, 0.00031327654338169785, 5.5150922956242587e-05, 5.9972396072141299e-05, 0.00025910824645660786, 0.0011001723241764036],
  "residuals": [0.0013801369137279064, 0.00020831760826937347, 0.00092451381465660874, -0.0009332140324874161, 0.0018915921235218779, -0.0015018585046694523, -0.00093579373821164207, -0.00038358861470605459, 0.00042535372248178545, -0.00030511197349185863, -4.5971217328963728e-05, -0.00013185805313068957, -0.00087192348265138081, 0.00041444842878662842, 0.0012093824800743385, 0.00087391654594567666, 0.00063904244259975224, -0.00030647069676639869, -0.00023954270632414027, 2.6706841776742317e-05, -0.00032228909615458881, -0.00095041669477992754, -3.6299540967568998e-05, 8.0559411107340863e-05, -0.00023053231881973844, 0.00074456515938663669, 0.0010046110581990533, 0.00035479628825856691, 0.00076253703301913753, 8.237398148009207e-05, 0.0018858773906816869, 0.00030653535121765981, -0.00091816391464714822, -0.00050696122953457256, 0.00024038497556510508, 0.0014356814171468872, -0.00065877296757248, -0.00044054167479163551, -0.00086686611470785562, 0.0010174900139249567, -0.00087604386435507576, 0.00050698227891147443, 0.0010203430461605688, 0.00022015007808038058, 0.00078415894814763622, -0.0011854095448072064, 4.0159491773327958e-07, -0.019676998157247921, 0.00066885091856363479, 0.00065617406758817511, -0.00050485365587581241, -0.00012701413273977311, 0.00078119341790151451, 0.001310943853944854, 0.00087786197416332939, -0.0010031725182538193, 0.00032927301786003083, -0.00037517910942829862, -0.00045730769225889718, 0.00016871707643874301, -0.0014689814945572221, -0.00033709382981429704, 0.00025621311438368252, 0.00015262915832613613, 0.00097996128493988604, 0.00070751785368915925, -0.00037424916453923608, -6.393547971445779e-05, 3.9294930743315095e-07, -0.0012746815584247283, -0.00049241259037377484, 0.00035357829146938883, -0.00070157034781961371, -0.00037660143540237947, 0.0001523786629497925, 0.0086451800070052702, -0.0003476745467085483, -0.0016817091836502098, -0.00075288506799848923, -0.00055272303942382832, 7.3089236413551853e-05, -0.00049493159252619358, -0.00057926470921978871, -0.00046377610951556502, 8.8949261347752608e-05, 0.0019239684433862963, -0.00065839393806769206, -0.00062065732250004028, -0.00054411636854467338, -0.00090632928103359265, -0.00076428424605010526, -0.00087235052323287438, -0.00088894622735795521, -0.0005027895304233062, -0.00046570544611342248, 0.036596499254788369, -0.00042663321673054355, 0.00011096894446394082, 0.00013071297878614394, -0.0012270172698667112, -0.0019053447556089665, -0.00054113929898203265, -0.00036753220841422431, -0.0015461536951707074, -0.00017659733710974302, 8.1771750940046704e-05, -0.00045415249736526045, -0.0012014061762156975, -0.002020269621979192, 0.00017197704421939813, 0.00015116528890528325, 0.0016469499839637644, 0.00051609783811037925, 0.00027437188779830485, -0.00027657265614265735, -3.1807013019760795e-06, -0.0010487328861636825, -0.000727303981581706, 0.00018088749800363303, -0.0013936167897613885, -0.0011637662944036634, -5.3520924910223648e-05, 9.771222041668099e-05, 0.00031657395170785901, 0.00040973148199556654, 0.00015410542017094163, 0.00040192817466388808, -0.0011756327454773019, -0.00084402550278697567, -0.00030220044719330119, -0.00070496965057318859, 0.00040352830533565021, -0.00028703471431690243, 0.00031240646767727602, -0.00038686401216425843, -9.7429647173223572e-05, 0.00021195819833054734, 0.0015519644265469443, -7.0541882605134324e-05, 0.00047948775909666867, -0.00038038985431899615, 0.0001488876584325743, -0.00080113410785579613, -0.0004460299061100999, -0.00099370300758246902, 0.00054477673749901809, 0.0007890126643723776, 0.00020139191425040616, 4.9191926464232457e-05, -0.00035995152340934355, -0.00016310618792866394, -0.00063454854944527874, -0.00033092199067269251, 0.00051947370290199833, 0.00017245774887060845, -0.00061799954827717056, 0.0016065834777560775, 0.00037893954538929944, -9.3359031372504229e-05, -5.1037830120435749e-05, -0.00021081223589203822, -0.00090756574933650467, -0.00039862339776066129, 0.00064299653436638063, -0.0007314181266246235, -0.0010839533276876985, -0.0005062582810465802, -0.001302408748583199, -0.0022787312514108912, 0.00049699557838997878, 0.0012385118536572222, 0.0012304165414154114, -0.00083047110443442524, -0.00043588324234657253, -0.0013860640310517564, 0.00015899146408860471, 0.00089885923626684605, -0.00082081337672871776, 0.00041654495496847076, -7.2353445748834372e-05, -0.0001671463089537838, 0.010739204788582885, 0.00062401536825344023, 0.00079258983755676939, -0.00050827376550010737, 0.00034364969213841008, -0.00066231783142354454, -0.00064081233842161836, -0.00014295298382971646, 0.00043399855501493294, -0.00045223748872777854, 0.00057898213138874214, -0.00069884764225241797, -0.00022339893412179221, 0.00037838240932277031, 0.00043001221772181596, 0.00032922765562004255, 0.00042371211056417519, -0.0011506619316845941, 0.00098610144706324523, -0.00061329156916438855, -0.0002785082507785898, 0.00023469020096745737, 5.596795619670969e-05, 0.00017008980607798399, -0.00056713960484182022, 0.00068334739483090988, 0.0013339817318945004, -0.00014654933576840719, -7.9391763591056839e-06, 0.00073236584950690602, -0.0011919582159550053, -0.0012372368692470104, 