{
  "test": "polynomial",
  "method": "lm",
  "dataset": "cars_stopping",
  "formula": "speed ~ poly(dist, 2, raw=TRUE)",
  "degree": 2,
  "n": 50,
  "k": 2,
  "df_residual": 47,
  "df_model": 2,
  "variable_names": ["Intercept", "x^1", "x^2"],
  "coefficients": [5.1439609604236312, 0.32745443680503444, -0.0015283670745714747],
  "std_errors": [1.2954573079358389, 0.054739176898886889, 0.00049389069559052255],
  "t_stats": [3.9707684142983739, 5.9820855072392067, -3.0945451862462727],
  "p_values": [0.00024424113427841003, 2.8649928480963562e-07, 0.0033159217281499248],
  "r_squared": 0.7101384286693837,
  "adj_r_squared": 0.69780389371914464,
  "f_statistic": 57.573182250833391,
  "f_p_value": 2.298688330404554e-13,
  "mse": 8.4491564409137112,
  "rmse": 2.9067432705544727,
  "mae": 2.3059214860387249,
  "residual_std_error": 2.9067432705544727,
  "log_likelihood": -122.75170673998446,
  "aic": 253.50341347996891,
  "bic": 261.15150550168147,
  "conf_int_lower": [2.5378370102418071, 0.2173334169493232, -0.0025219469962451035],
  "conf_int_upper": [7.7500849106054552, 0.43757545666074571, -0.00053478715289784575],
  "fitted_values": [5.7927563657354701, 8.2656686210168253, 6.4293248344506297, 11.6082289060418, 9.9919699782138878, 8.2656686210168324, 10.542949890753098, 12.624600174944213, 14.510619473590182, 10.268988301558064, 13.114445404500565, 9.42876312907811, 11.081702866695734, 12.122528008791292, 13.114445404500565, 12.624600174944215, 14.510619473590182, 14.510619473590182, 16.97284032366198, 12.624600174944215, 14.951556956760244, 19.289105700268394, 21.558766627568957, 11.081702866695734, 12.624600174944213, 18.369782158445076, 14.057455053823549, 15.796751113310656, 14.057455053823549, 15.796751113310656, 17.695765114246672, 16.201007786691001, 18.688450275649423, 21.202649934881421, 21.865975573870205, 14.951556956760244, 16.97284032366198, 20.343693310347483, 14.057455053823549, 17.340416187252615, 18.038887104644161, 18.688450275649423, 19.840853378501084, 20.098386812722566, 18.369782158445076, 20.576772871375823, 22.333670227313849, 22.37837675532316, 22.430007503198539, 21.935135975072662],
  "residuals": [-1.7927563657354699, -4.2656686210168244, 0.57067516554936992, -4.6082289060418002, -1.9919699782138887, 0.73433137898316836, -0.54294989075309785, -2.6246001749442138, -4.5106194735901823, 0.7310116984419357, -2.1144454045005645, 2.5712368709218909, 0.91829713330426577, -0.12252800879129294, -1.1144454045005641, 0.37539982505578584, -1.5106194735901826, -1.5106194735901826, -3.9728403236619814, 1.375399825055786, -0.9515569567602451, -5.2891057002683954, -7.5587666275689562, 3.9182971333042662, 2.3753998250557862, -3.3697821584450773, 1.9425449461764515, 0.20324888668934515, 2.9425449461764517, 1.2032488866893449, -0.69576511424667287, 1.7989922133089979, -0.68845027564942196, -3.2026499348814195, -3.8659755738702062, 4.0484430432397556, 2.0271596763380186, -1.3436933103474817, 5.9425449461764517, 2.6595838127473872, 1.9611128953558394, 1.311549724350578, 0.15914662149891701, 1.9016131872774331, 4.6302178415549227, 3.4232271286241751, 1.6663297726861523, 1.6216232446768406, 1.5699924968014611, 3.0648640249273384]
}
