{
  "test_name": ["Cook's Distance (R - stats::cooks.distance)"],
  "dataset": ["cars_stopping"],
  "formula": ["speed ~ dist"],
  "distances": [0.088844997649360977, 0.10561564497421086, 0.014560685320349421, 0.043736060028109383, 0.019955162794059768, 0.0026429283588288938, 0.0034047603188780626, 0.01029579392393374, 0.018085848636435659, 2.1592392335639816e-05, 0.0052559380831336787, 0.0049381476873850798, 0.00032079912786115209, 0.00011020035123901543, 0.0012064906498988259, 0.0002599593143632579, 0.00098493807486236336, 0.00098493807486236336, 0.008921435823839214, 0.0030603469158833382, 6.729874417180372e-05, 0.027376615646116834, 0.20100021939890653, 0.02270091759061561, 0.0089335674197585386, 0.0061865616365621712, 0.0073001549500347745, 0.0012677140761095137, 0.014587160182068525, 0.0046469808960052476, 0.00021615768708601078, 0.007989809260332539, 0.00026295594845525091, 0.024650058148478052, 0.073407937551077398, 0.02549445086152187, 0.010194219677037934, 0.00062812431535737886, 0.051432086348939469, 0.015450636639809369, 0.011410016662028422, 0.007958351335073624, 0.0022633602687536047, 0.015254087795755895, 0.041699815221273737, 0.039564914623950363, 0.0013435738375426869, 0.00060433134226651054, 0.27518248679587215, 0.030388564181854739],
  "p": [2],
  "mse": [9.9587760075249303],
  "threshold_4_over_n": [0.080000000000000002],
  "threshold_4_over_df": [0.083333333333333329],
  "threshold_1": [1],
  "influential_4_over_n": [1, 2, 23, 49],
  "influential_4_over_df": [1, 2, 23, 49],
  "influential_1": [],
  "max_distance": [0.27518248679587215],
  "max_index": [49],
  "description": ["Measures influence of each observation on regression coefficients. D_i > 1 indicates high influence."]
}
