{
  "test": ["feature_importance"],
  "method": ["lm"],
  "dataset": ["cars_stopping"],
  "n": [50],
  "k": [1],
  "variable_names": ["dist"],
  "response": ["speed"],
  "standardized_coefficients": {
    "variable_names": ["dist"],
    "standardized_coefficients": [0.80689490068921066],
    "y_std": [5.2876444352347844],
    "raw_coefficients": [0.1655675746443189]
  },
  "shap": {
    "variable_names": ["dist"],
    "shap_values": [
      [-6.7849592089241879],
      [-5.4604186117696365],
      [-6.4538240596355498],
      [-3.4736077160378098],
      [-4.4670131639037232],
      [-5.4604186117696365],
      [-4.135878014615086],
      [-2.8113374174605346],
      [-1.4867968203059831],
      [-4.3014455892594041],
      [-2.4802022681718965],
      [-4.7981483131923612],
      [-3.8047428653264479],
      [-3.1424725667491722],
      [-2.4802022681718965],
      [-2.8113374174605346],
      [-1.4867968203059831],
      [-1.4867968203059831],
      [0.50001407542584364],
      [-2.8113374174605346],
      [-1.1556616710173453],
      [2.8179601204463083],
      [6.1293116133326864],
      [-3.8047428653264479],
      [-2.8113374174605346],
      [1.8245546725803947],
      [-1.817931969594621],
      [-0.49339137244006981],
      [-1.817931969594621],
      [-0.49339137244006981],
      [1.1622843740031192],
      [-0.16225622315143201],
      [2.1556898218690326],
      [5.4670413147554102],
      [6.7915819119099616],
      [-1.1556616710173453],
      [0.50001407542584364],
      [4.1425007176008597],
      [-1.817931969594621],
      [0.83114922471448138],
      [1.4934195232917571],
      [2.1556898218690326],
      [3.480230419023584],
      [3.8113655683122216],
      [1.8245546725803947],
      [4.4736358668894969],
      [8.1161225090645122],
      [8.2816900837088312],
      [12.752014599105443],
      [6.9571494865542807]
    ],
    "base_value": [8.2839056417871682],
    "mean_abs_shap": [3.4267189788985393]
  },
  "permutation_importance": {
    "variable_names": ["dist"],
    "importance": [0.62981631244005132],
    "baseline_score": [0.65107938075825067],
    "n_permutations": [10],
    "seed": [42]
  }
}
