{
  "test_name": ["DFFITS (R - stats::dffits)"],
  "dataset": ["cars_stopping"],
  "formula": ["speed ~ dist"],
  "dffits": [-0.42750344948613522, -0.47362452616832706, -0.16958428617767135, -0.30066355170266118, -0.19956778190766836, -0.072012863706743466, -0.081798136618182873, -0.14303115059523042, -0.19135866145218766, -0.0065027684385636437, -0.10185815318065521, 0.098550306467323864, 0.025069006591913086, -0.014691491651699674, -0.048651987825836109, 0.022567069099845728, -0.04395777043327289, -0.04395777043327289, -0.13338149864312798, 0.077582249339189099, -0.011480862239385745, -0.23611266265973563, -0.67127029039618535, 0.2135496290571712, 0.13310451078484625, -0.11065802288678314, 0.12032249088175734, 0.049889480749744752, 0.17117232219471579, 0.095845167426314673, 0.020578684875993746, 0.12611813182906181, 0.022697437209204419, -0.22173469879882102, -0.38688982875429168, 0.22904874912569961, 0.14276522790460594, -0.035083693515975213, 0.33237226878400694, 0.17664766038155028, 0.15104916941719998, 0.12564844497517502, 0.066666911661024869, 0.17431441151622598, 0.29656069844386906, 0.28368080585173649, 0.051308755929662837, 0.034405814054782165, -0.7512764534797246, 0.24589694683098176],
  "n": [50],
  "p": [2],
  "threshold": [0.40000000000000002],
  "influential_observations": [1, 2, 23, 49],
  "description": ["Measures influence of each observation on its fitted value."]
}
