{
  "test": "polynomial",
  "method": "lm",
  "dataset": "cars_stopping",
  "formula": "speed ~ poly(dist, 3, raw=TRUE)",
  "degree": 3,
  "n": 50,
  "k": 3,
  "df_residual": 46,
  "df_model": 3,
  "variable_names": ["Intercept", "x^1", "x^2", "x^3"],
  "coefficients": [3.4776046337618038, 0.47356248269773948, -0.004643725876452523, 1.797515120023579e-05],
  "std_errors": [1.8085803754144387, 0.12405694089339732, 0.0024280466615384873, 1.3721017262367838e-05],
  "t_stats": [1.9228366519043456, 3.8172993730731588, -1.9125356814642562, 1.3100450831393979],
  "p_values": [0.060704524713691282, 0.00040155490533540851, 0.062045788040123166, 0.19668513945492333],
  "r_squared": 0.72056393388688544,
  "adj_r_squared": 0.7023398426186388,
  "f_statistic": 39.539087204989244,
  "f_p_value": 8.6516700212431798e-13,
  "mse": 8.3223350124992805,
  "rmse": 2.8848457519422559,
  "mae": 2.2802922149030045,
  "residual_std_error": 2.8848457519422559,
  "log_likelihood": -121.83595808672987,
  "aic": 253.67191617345975,
  "bic": 263.23203120060049,
  "conf_int_lower": [-0.16287884420196796, 0.22384881235801232, -0.0095311303154343545, -9.6438240598819392e-06],
  "conf_int_upper": [7.1180881117255757, 0.72327615303746662, 0.00024367856252930937, 4.5594126460353519e-05],
  "fitted_values": [4.4062984968611456, 7.7668320242941755, 5.298705360206343, 11.839815338889165, 9.9394367518699589, 7.7668320242941844, 10.601993220150275, 12.967001748916474, 14.917077275079901, 10.274441979175357, 13.491263581307312, 9.2466329346389138, 11.235165146737472, 12.416806603862961, 13.49126358130731, 12.967001748916472, 14.917077275079901, 14.917077275079901, 17.184984200510435, 12.967001748916472, 15.34623392939616, 19.056573099648027, 20.846035054805547, 11.235165146737472, 12.967001748916474, 18.339313252298112, 14.465438537131414, 16.14055221616244, 14.465438537131414, 16.14055221616244, 17.793307977546949, 16.507439463127685, 18.591103469460716, 20.536852629674943, 21.144667413107477, 15.34623392939616, 17.184984200510439, 19.859227746684169, 14.465438537131416, 17.497367305443166, 18.073669024079393, 18.591103469460716, 19.476980372702215, 19.672442643448413, 18.339313252298112, 20.038198489667089, 21.737891761468898, 21.81376911318177, 24.496511210581666, 21.21848593654499],
  "residuals": [-0.40629849686114566, -3.7668320242941755, 1.7012946397936568, -4.8398153388891654, -1.939436751869958, 1.2331679757058156, -0.60199322015027557, -2.9670017489164726, -4.9170772750799019, 0.72555802082464327, -2.4912635813073107, 2.7533670653610871, 0.76483485326252754, -0.41680660386296076, -1.4912635813073105, 0.032998251083528087, -1.9170772750799003, -1.9170772750799003, -4.1849842005104367, 1.0329982510835278, -1.3462339293961603, -5.0565730996480251, -6.8460350548055473, 3.7648348532625278, 2.0329982510835274, -3.3393132522981124, 1.5345614628685864, -0.14055221616244082, 2.5345614628685866, 0.85944778383755915, -0.79330797754694904, 1.4925605368723152, -0.59110346946071646, -2.5368526296749434, -3.1446674131074777, 3.6537660706038402, 1.815015799489563, -0.85922774668416813, 5.5345614628685853, 2.5026326945568331, 1.9263309759206073, 1.4088965305392838, 0.52301962729778539, 2.3275573565515866, 4.6606867477018881, 3.9618015103329114, 2.2621082385311029, 2.1862308868182279, -0.49651121058166447, 3.7815140634550102]
}
