{
  "test": "wls",
  "method": "lm",
  "dataset": "cars_stopping",
  "formula": "speed ~ dist",
  "n": 50,
  "k": 1,
  "df_residual": 48,
  "df_model": 1,
  "variable_names": ["Intercept", "dist"],
  "coefficients": [8.2839056417871682, 0.1655675746443189],
  "std_errors": [0.87438449389515294, 0.017494479053131284],
  "t_stats": [9.4739850713552194, 9.4639899902983657],
  "p_values": [1.4409744023743468e-12, 1.4898364962950983e-12],
  "r_squared": 0.65107938075825067,
  "adj_r_squared": 0.6438102011907143,
  "f_statistic": 89.567106536467676,
  "f_p_value": 1.4898364962950983e-12,
  "mse": 9.9587760075249303,
  "rmse": 3.1557528432253581,
  "mae": 2.5182858958701231,
  "residual_std_error": 3.1557528432253581,
  "log_likelihood": -127.38773112807884,
  "aic": 260.77546225615765,
  "bic": 266.51153127244214,
  "conf_int_lower": [6.5258377868339004, 0.13039256699356408],
  "conf_int_upper": [10.041973496740436, 0.20074258229507372],
  "fitted_values": [8.6150407910758489, 9.9395813882303585, 8.9461759403644461, 11.926392283962189, 10.932986836096275, 9.9395813882303603, 11.264121985384913, 12.588662582539463, 13.913203179694015, 11.098554410740594, 12.919797731828101, 10.601851686807636, 11.595257134673549, 12.257527433250825, 12.919797731828101, 12.588662582539463, 13.913203179694015, 13.913203179694015, 15.900014075425842, 12.588662582539463, 14.244338328982654, 18.217960120446307, 21.529311613332688, 11.595257134673549, 12.588662582539463, 17.224554672580393, 13.582068030405377, 14.90660862755993, 13.582068030405377, 14.90660862755993, 16.56228437400312, 15.237743776848566, 17.555689821869031, 20.867041314755411, 22.191581911909964, 14.244338328982654, 15.900014075425842, 19.542500717600859, 13.582068030405377, 16.231149224714482, 16.893419523291755, 17.555689821869031, 18.880230419023583, 19.211365568312221, 17.224554672580396, 19.873635866889497, 23.516122509064516, 23.681690083708833, 28.152014599105446, 22.357149486554281],
  "residuals": [-4.6150407910758489, -5.9395813882303576, -1.9461759403644465, -4.9263922839621888, -2.9329868360962741, -0.9395813882303603, -1.2641219853849122, -2.5886625825394636, -3.913203179694015, -0.098554410740592902, -1.9197977318281017, 1.3981483131923635, 0.40474286532645032, -0.25752743325082583, -0.91979773182810154, 0.41133741746053654, -0.91320317969401521, -0.91320317969401521, -2.9000140754258426, 1.4113374174605364, -0.24433832898265312, -4.2179601204463077, -7.5293116133326876, 3.4047428653264507, 2.4113374174605364, -2.224554672580394, 2.4179319695946231, 1.0933913724400712, 3.4179319695946231, 2.0933913724400712, 0.43771562599688141, 2.7622562231514336, 0.44431017813096785, -2.8670413147554115, -4.1915819119099629, 4.7556616710173465, 3.0999859245741574, -0.54250071760085938, 6.4179319695946226, 3.7688507752855194, 3.1065804767082441, 2.444310178130968, 1.1197695809764161, 2.7886344316877794, 5.7754453274196056, 4.1263641331105019, 0.4838774909354856, 0.31830991629116634, -4.1520145991054447, 2.6428505134457185],
  "weights": [1, 1, 1, 1, 1, 1, 1, 1, 1, 1, 1, 1, 1, 1, 1, 1, 1, 1, 1, 1, 1, 1, 1, 1, 1, 1, 1, 1, 1, 1, 1, 1, 1, 1, 1, 1, 1, 1, 1, 1, 1, 1, 1, 1, 1, 1, 1, 1, 1, 1]
}
