{
  "dataset": "cars_stopping",
  "alpha": 0.05,
  "n": 50,
  "p": 1,
  "df_residuals": 48,
  "mse": 9.95877600752493,
  "train": {
    "predicted": [8.615040791075806, 9.939581388230357, 8.946175940364444, 11.926392283962183, 10.932986836096271, 9.939581388230357, 11.264121985384907, 12.58866258253946, 13.913203179694012, 11.09855441074059, 12.919797731828098, 10.601851686807633, 11.595257134673545, 12.257527433250822, 12.919797731828098, 12.58866258253946, 13.913203179694012, 13.913203179694012, 15.900014075425837, 12.58866258253946, 14.244338328982648, 18.2179601204463, 21.529311613332681, 11.595257134673545, 12.58866258253946, 17.224554672580389, 13.582068030405374, 14.906608627559924, 13.582068030405374, 14.906608627559924, 16.562284374003113, 15.237743776848561, 17.555689821869027, 20.867041314755404, 22.191581911909957, 14.244338328982648, 15.900014075425837, 19.542500717600852, 13.582068030405374, 16.231149224714475, 16.893419523291751, 17.555689821869027, 18.880230419023576, 19.211365568312218, 17.224554672580389, 19.873635866889494, 23.516122509064509, 23.681690083708826, 28.152014599105435, 22.357149486554274],
    "lower": [2.046714873885835, 3.427221536704248, 2.392929466226178, 5.475836762384678, 4.454892473979793, 3.427221536704248, 4.79595931689841, 6.152685751853297, 7.497220073953368, 4.625519561917312, 6.489967971004303, 4.113078068297425, 5.136275148568826, 5.814641199086148, 6.489967971004303, 6.152685751853297, 7.497220073953368, 7.497220073953368, 9.490930766218888, 6.152685751853297, 7.831433745377881, 11.781852564826126, 14.990142403965883, 5.136275148568826, 6.152685751853297, 10.804638763114816, 7.162236920696528, 8.49754848453771, 7.162236920696528, 8.49754848453771, 10.149325768502028, 8.829448164904374, 11.131142463265675, 14.354430681680517, 15.622947073783783, 7.831433745377881, 9.490930766218888, 13.074146764056811, 7.162236920696528, 9.820513971835098, 10.477366994237233, 11.131142463265675, 12.429513779044086, 12.75220734961486, 10.804638763114816, 13.395335233868682, 16.879993968707325, 17.036335139798794, 21.194664837671578, 15.780698508675739],
    "upper": [15.183366708265776, 16.451941239756465, 15.49942241450271, 18.37694780553969, 17.411081198212749, 16.451941239756465, 17.732284653871403, 19.024639413225621, 20.329186285434655, 17.571589259563869, 19.349627492651891, 17.09062530531784, 18.054239120778263, 18.700413667415496, 19.349627492651891, 19.024639413225621, 20.329186285434655, 20.329186285434655, 22.309097384632786, 19.024639413225621, 20.657242912587414, 24.654067676066475, 28.068480822699478, 18.054239120778263, 19.024639413225621, 23.644470582045962, 20.001899140114219, 21.315668770582139, 20.001899140114219, 21.315668770582139, 22.975242979504198, 21.646039388792747, 23.980237180472379, 27.37965194783029, 28.760216750036129, 20.657242912587414, 22.309097384632786, 26.010854671144891, 20.001899140114219, 22.641784477593852, 23.309472052346269, 23.980237180472379, 25.330947059003066, 25.670523787009575, 23.644470582045962, 26.351936499910305, 30.152251049421693, 30.327045027618858, 35.109364360539296, 28.933600464432807],
    "se_pred": [3.266792187036054, 3.238957163568146, 3.259292345011279, 3.208218447988778, 3.221915038299149, 3.238957163568146, 3.216975457108523, 3.200967657741538, 3.191023671212058, 3.219398662177621, 3.197910379516809, 3.227226423847039, 3.212409395397432, 3.204404086686333, 3.197910379516809, 3.200967657741538, 3.191023671212058, 3.191023671212058, 3.187592020332886, 3.200967657741538, 3.189492551686643, 3.201032674489864, 3.252290941738959, 3.212409395397432, 3.200967657741538, 3.192979672275909, 3.192937496661266, 3.187580498506434, 3.192937496661266, 3.187580498506434, 3.189519419767042, 3.187200254866894, 3.195283148389717, 3.2390818911189, 3.266945830523531, 3.189492551686643, 3.187592020332886, 3.217070593759682, 3.192937496661266, 3.188363887857082, 3.19105819927023, 3.195283148389717, 3.208298581091706, 3.212497045624291, 3.192979672275909, 3.22201762824173, 3.30051418597699, 3.305102987358178, 3.460275286225863, 3.270833229626089],
    "leverage": [0.07161072658085765, 0.05342699740434392, 0.06669600583669187, 0.03352717264032247, 0.04237071967222084, 0.05342699740434396, 0.0391770116948964, 0.02886076945251511, 0.02247827067720009, 0.04074313331272216, 0.02689635630864889, 0.0458102866162369, 0.03622916268426362, 0.03107104156307297, 0.02689635630864889, 0.02886076945251511, 0.02247827067720009, 0.02247827067720009, 0.02028029151497681, 0.02886076945251511, 0.02149729340010044, 0.02890256547685269, 0.06211811187689349, 0.03622916268426362, 0.02886076945251511, 0.02373215140732746, 0.02370510692099138, 0.02027291574597606, 0.02370510692099138, 0.02027291574597606, 0.02151450352776885, 0.02002951536895133, 0.02520976379714423, 0.0535081308633522, 0.07171152875720135, 0.02149729340010044, 0.02028029151497681, 0.0392384764365693, 0.02370510692099138, 0.02077446803802701, 0.02250039798420233, 0.02520976379714423, 0.03357880302332771, 0.03628571024660268, 0.02373215140732746, 0.04243710159322757, 0.0938486701181168, 0.09689240412575933, 0.2023068946844676, 0.0742635448314606]
  },
  "extrapolation": {
    "new_x": {
      "dist": [131.80000000000001, 179, 238]
    },
    "predicted": [30.105711979908399, 37.920501503120249, 47.688988407135071],
    "lower": [22.97647877719832, 29.923217710182257, 38.301638840560621],
    "upper": [37.234945182618475, 45.917785296058241, 57.076337973709521],
    "se_pred": [3.545762439287575, 3.977492064440183, 4.668848745888861],
    "leverage": [0.262447439962777, 0.5885931273813743, 1.188838125841682]
  }
}
