{
  "test": "polynomial",
  "method": "lm",
  "dataset": "faithful",
  "formula": "Eruption.length..mins. ~ poly(Eruption.wait..mins., 3, raw=TRUE)",
  "degree": 3,
  "n": 272,
  "k": 3,
  "df_residual": 268,
  "df_model": 3,
  "variable_names": ["Intercept", "x^1", "x^2", "x^3"],
  "coefficients": [30.625843972443008, -1.4381164895497851, 0.022897438323400552, -0.00011277519175586489],
  "std_errors": [3.7215057904555873, 0.16720377508997325, 0.0024500721987813778, 1.1755922733156578e-05],
  "t_stats": [8.2294226307501699, -8.6009809812961873, 9.3456177882387834, -9.5930531627085358],
  "p_values": [8.2692624401537105e-15, 6.7417467032241861e-16, 3.7242413785942123e-18, 6.3143573753911418e-19],
  "r_squared": 0.86368409904342081,
  "adj_r_squared": 0.86215817477898149,
  "f_statistic": 566.00718605177303,
  "f_p_value": 1.3028199022843681e-115,
  "mse": 0.17957045116710527,
  "rmse": 0.42375753818322248,
  "mae": 0.32537311381140654,
  "residual_std_error": 0.42375753818322248,
  "log_likelihood": -150.39890727230119,
  "aic": 310.79781454460237,
  "bic": 328.82682487608236,
  "conf_int_lower": [23.298738044140009, -1.7673165071443848, 0.018073600999674741, -0.00013592090104689857],
  "conf_int_upper": [37.952949900746006, -1.1089164719551854, 0.027721275647126363, -8.9629482464831221e-05],
  "fitted_values": [4.3149861062324799, 1.9784508931450899, 3.8923817006217707, 2.6028886347162472, 4.5618696102096958, 2.0312154471094379, 4.5362197922229868, 4.5618696102096958, 1.8783981229615276, 4.5618696102096958, 1.9784508931450744, 4.5460764057071676, 4.243079748999496, 1.9061514863257241, 4.5192393812064893, 1.901365579920586, 2.6028886347162494, 4.5460764057071676, 1.901365579920586, 4.3149861062329231, 1.8783981229615276, 1.9061514863257241, 4.243079748999496, 3.3628445826904096, 3.8923817006217041, 4.5192393812064893, 2.0312154471094375, 4.0789919463983475, 4.243079748999496, 4.3149861062329231, 3.7923222894189106, 4.1641894786711253, 3.02898046984583, 4.3792318992208701, 3.8923817006217036, 1.9013655799205862, 1.8799163645035417, 4.3792318992208701, 2.3212977851351937, 4.451495542481263, 4.3792318992208701, 2.2382768846045811, 4.5460764057071676, 2.2382768846045811, 3.7923222894189106, 4.5192393812064893, 2.8109561462559398, 1.9349420536986086, 4.4820351878581883, 2.3212977851351937, 3.9881638033316942, 4.451495542481263, 1.9784508931450744, 4.3792318992208701, 1.9784508931450744, 4.5192393812064893, 3.582078146137055, 2.8109561462559398, 4.1641894786711253, 4.4351404768128067, 2.3212977851351937, 4.5460764057071676, 1.8799163645035417, 4.4820351878581892, 2.4101911444310349, 4.3063563851340829, 4.243079748999496, 4.243079748999496, 2.9190620321198772, 3.792322289418911, 4.4820351878581892, 2.0925590644411662, 4.3149861062329231, 3.582078146137055, 2.6028886347162494, 4.0789919463983475, 2.4101911444310344, 4.243079748999496, 4.0789919463983475, 4.5192393812064893, 3.9881638033316942, 4.4820351878581883, 3.4732467163590637, 2.9190620321198768, 3.7923222894189106, 4.5362197922229868, 4.0789919463983475, 4.3792318992208701, 1.8799163645035417, 4.5659423435635293, 2.4101911444310349, 4.451495542481263, 1.8667163339719759, 4.243079748999496, 2.7053394634045556, 3.6886622208738489, 4.5460764057071676, 3.9881638033316937, 1.8783981229615276, 4.4820351878581892, 2.6028886347162494, 4.5362197922229868, 1.866996864102475, 4.5192393812064893, 4.4351404768128067, 1.9061514863257241, 4.5460764057071676, 1.9013655799205862, 4.5659423435635293, 4.4351404768128067, 3.9881638033316942, 2.3212977851351937, 4.5010712052275439, 4.3149861062329231, 2.3212977851351937, 4.4351404768128067, 1.8667163339719759, 4.5618696102096958, 2.3212977851351937, 4.5576179546181415, 1.9349420536986086, 3.3628445826904096, 4.1641894786711253, 2.0925590644411662, 4.5362197922229868, 4.4351404768128067, 2.0012751988355642, 4.4820351878581883, 2.0312154471094375, 4.451495542481263, 2.0012751988355642, 4.5192393812064893, 2.0925590644411662, 4.5010712052275439, 1.946378880719549, 4.4820351878581883, 1.8783981229615279, 4.5659423435635293, 1.9349420536986086, 4.3149861062329231, 4.4351404768128067, 2.4101911444310349, 4.4820351878581883, 4.1641894786711253, 4.0789919463983475, 2.3212977851351937, 4.3792318992208701, 1.866996864102475, 3.8131805108061902, 1.9349420536986086, 4.1641894786711253, 4.1641894786711253, 2.9190620321198772, 4.4351404768128067, 3.582078146137055, 3.4732467163590637, 4.4351404768128067, 4.2094395882320947, 1.9349420536986086, 4.5010712052275439, 2.0012751988355642, 4.5659423435635293, 2.2382768846045811, 4.243079748999496, 3.02898046984583, 4.0789919463983475, 2.7053394634045551, 4.5362197922229868, 1.9013655799205862, 4.2094395882320947, 1.866996864102475, 2.1618050939897251, 4.1641894786711253, 3.2515483962816298, 4.4351404768128067, 4.4351404768128067, 3.7923222894189106, 1.8667163339719759, 4.5618696102096958, 3.8923817006217036, 2.0312154471094375, 4.1641894786711253, 4.5192393812064893, 4.5192393812064893, 1.8783981229615276, 4.243079748999496, 4.5460764057071676, 1.946378880719549, 4.5192393812064893, 2.0312154471094375, 4.4351404768128067, 2.1618050939897251, 4.0789919463983475, 4.5460764057071676, 4.1641894786711253, 4.4351404768128067, 4.5576179546181415, 4.1641894786711253, 1.8783981229615279, 4.243079748999496, 2.4101911444310344, 4.4820351878581883, 4.3868161528336227, 1.9349420536986086, 4.243079748999496, 1.946378880719549, 4.1641894786711253, 4.5460764057071676, 1.866996864102475, 4.5192393812064893, 3.5820781461370546, 4.3792318992208701, 1.866996864102475, 3.9881638033316937, 2.8109561462559403, 4.0789919463983475, 1.9349420536986086, 4.0953891109771448, 2.0312154471094375, 4.0789919463983475, 1.8667163339719759, 4.4820351878581883, 1.9784508931450744, 3.9881638033316942, 4.243079748999496, 4.3149861062329231, 4.243079748999496, 4.243079748999496, 3.4732467163590641, 4.3149861062329231, 3.4732467163590637, 1.9784508931450744, 4.5659423435635293, 1.8667163339719759, 4.451495542481263, 1.9784508931450744, 1.9784508931450744, 4.1641894786711253, 4.3149861062329231, 2.8109561462559403, 3.9881638033316942, 1.9061514863257241, 4.5659423435635293, 2.7053394634045556, 4.5618696102096958, 4.4820351878581892, 2.1618050939897251, 4.4820351878581883, 3.1400348082832577, 3.8923817006217036, 1.9784508931450744, 4.5192393812064893, 3.7923222894189106, 3.7923222894189106, 4.5362197922229868, 4.3792318992208701, 3.582078146137055, 4.5192393812064893, 2.0925590644411662, 4.3149861062329231, 4.243079748999496, 4.5460764057071676, 2.2382768846045811, 4.5192393812064893, 2.1577812108362719, 2.4101911444310349, 3.9881638033316942, 4.4351404768128067, 1.946378880719549, 4.451495542481263, 1.946378880719549, 3.8923817006217041],