{
  "test": "wls",
  "method": "lm",
  "dataset": "faithful",
  "formula": "Eruption.length..mins. ~ Eruption.wait..mins.",
  "n": 272,
  "k": 1,
  "df_residual": 270,
  "df_model": 1,
  "variable_names": ["Intercept", "Eruption.wait..mins."],
  "coefficients": [-1.8740159864107371, 0.075627947951862604],
  "std_errors": [0.16014330230423859, 0.0022185414515176896],
  "t_stats": [-11.702119036177367, 34.089039850991298],
  "p_values": [7.359171081986028e-26, 8.1299585066200151e-100],
  "r_squared": 0.81146076097330933,
  "adj_r_squared": 0.81076246749543268,
  "f_statistic": 1162.0626379624734,
  "f_p_value": 8.1299585066197846e-100,
  "mse": 0.24652509523222199,
  "rmse": 0.49651293561419124,
  "mae": 0.40194339340159752,
  "residual_std_error": 0.49651293561419124,
  "log_likelihood": -194.50794455190223,
  "aic": 395.01588910380445,
  "bic": 405.83329530269248,
  "conf_int_lower": [-2.1893043619076078, 0.07126010789763032],
  "conf_int_upper": [-1.5587276109138664, 0.079995788006094887],
  "fitted_values": [4.1005919017865331, 2.209893202989837, 3.7224521620271029, 2.8149167866047509, 4.5543595894975919, 2.2855211509417122, 4.7812434333531799, 4.5543595894975919, 1.9830093591342617, 4.5543595894975919, 2.2098932029898495, 4.4787316415457292, 4.0249639538345532, 1.680497567326811, 4.4031036935938666, 2.0586373070861241, 2.8149167866047509, 4.4787316415457292, 2.0586373070861241, 4.1005919017864159, 1.9830093591342617, 1.680497567326811, 4.0249639538345532, 3.3443124222677896, 3.7224521620271029, 4.4031036935938666, 2.2855211509417122, 3.8737080579308283, 4.0249639538345532, 4.1005919017864159, 3.6468242140752403, 3.949336005882691, 3.1174285784122016, 4.1762198497382785, 3.7224521620271029, 2.0586373070861241, 1.7561255152786737, 4.1762198497382794, 2.5880329427491628, 4.9324993292569053, 4.1762198497382785, 2.5124049947973006, 4.4787316415457292, 2.5124049947973006, 3.6468242140752403, 4.4031036935938666, 2.9661726825084762, 2.1342652550379868, 4.3274757456420039, 2.5880329427491628, 3.7980801099789656, 4.9324993292569053, 2.2098932029898495, 4.1762198497382794, 2.2098932029898495, 4.4031036935938666, 3.4955683181715149, 2.9661726825084758, 3.949336005882691, 4.2518477976901412, 2.5880329427491628, 4.4787316415457292, 1.7561255152786737, 4.3274757456420039, 2.6636608907010255, 5.0837552251606306, 4.0249639538345532, 4.0249639538345532, 3.0418006304603389, 3.6468242140752403, 4.3274757456420039, 2.3611490988935753, 4.1005919017864159, 3.4955683181715149, 2.8149167866047509, 3.8737080579308278, 2.6636608907010255, 4.0249639538345532, 3.8737080579308283, 4.4031036935938666, 3.7980801099789656, 4.3274757456420039, 3.4199403702196522, 3.0418006304603389, 3.6468242140752403, 4.7812434333531799, 3.8737080579308283, 4.1762198497382785, 1.7561255152786737, 4.6299875374494546, 2.6636608907010255, 4.9324993292569053, 1.907381411182399, 4.0249639538345532, 2.8905447345566135, 3.5711962661233776, 4.4787316415457292, 3.7980801099789656, 1.9830093591342617, 4.3274757456420039, 2.8149167866047509, 4.7812434333531799, 1.8317534632305361, 4.4031036935938666, 4.2518477976901412, 1.680497567326811, 4.4787316415457292, 2.0586373070861241, 4.6299875374494546, 4.2518477976901412, 3.7980801099789656, 2.5880329427491628, 4.8568713813050426, 4.1005919017864159, 2.5880329427491628, 4.2518477976901412, 1.907381411182399, 4.5543595894975919, 2.5880329427491628, 4.7056154854013172, 2.1342652550379868, 3.3443124222677896, 3.949336005882691, 2.3611490988935753, 4.7812434333531799, 4.2518477976901412, 1.5292416714230859, 4.3274757456420039, 2.2855211509417122, 4.9324993292569053, 1.5292416714230859, 4.4031036935938666, 2.3611490988935753, 4.8568713813050426, 1.6048696193749483, 4.3274757456420039, 1.9830093591342617, 4.6299875374494546, 2.1342652550379868, 4.1005919017864159, 4.2518477976901412, 2.6636608907010255, 4.3274757456420039, 3.949336005882691, 3.8737080579308283, 2.5880329427491628, 4.1762198497382785, 1.8317534632305361, 5.3862670169680813, 2.1342652550379868, 3.9493360058826905, 3.949336005882691, 3.0418006304603389, 4.2518477976901412, 3.4955683181715149, 3.4199403702196522, 4.2518477976901412, 5.1593831731124933, 2.1342652550379868, 4.8568713813050426, 1.5292416714230859, 4.6299875374494546, 2.5124049947973006, 4.0249639538345532, 3.1174285784122016, 3.8737080579308283, 2.8905447345566135, 4.7812434333531799, 2.0586373070861241, 5.1593831731124933, 1.8317534632305361, 2.4367770468454375, 3.949336005882691, 3.2686844743159269, 4.2518477976901412, 4.2518477976901412, 3.6468242140752403, 1.907381411182399, 4.5543595894975919, 3.7224521620271029, 2.2855211509417122, 3.949336005882691, 4.4031036935938666, 4.4031036935938666, 1.9830093591342617, 4.0249639538345532, 4.4787316415457292, 1.6048696193749483, 4.4031036935938666, 2.2855211509417122, 4.2518477976901412, 2.4367770468454375, 3.8737080579308283, 4.4787316415457292, 3.949336005882691, 4.2518477976901412, 4.7056154854013172, 3.949336005882691, 1.9830093591342617, 4.0249639538345532, 2.6636608907010255, 4.3274757456420039, 5.0081272772087679, 2.1342652550379868, 4.0249639538345532, 1.6048696193749483, 3.949336005882691, 4.4787316415457292, 1.8317534632305361, 4.4031036935938666, 3.4955683181715145, 4.1762198497382794, 1.8317534632305361, 3.7980801099789656, 2.9661726825084762, 3.8737080579308283, 2.1342652550379868, 5.235011121064356, 2.2855211509417122, 3.8737080579308283, 1.907381411182399, 4.3274757456420039, 2.2098932029898495, 3.7980801099789656, 4.0249639538345532, 4.1005919017864159, 4.0249639538345532, 4.0249639538345532, 3.4199403702196522, 4.1005919017864159, 3.4199403702196522, 2.2098932029898495, 4.6299875374494546, 1.907381411182399, 4.9324993292569053, 2.2098932029898495, 2.2098932029898495, 3.949336005882691, 4.1005919017864159, 2.9661726825084762, 3.7980801099789656, 1.6804975673268108, 4.6299875374494546, 2.8905447345566135, 4.5543595894975919, 4.3274757456420039, 2.4367770468454375, 4.3274757456420039, 3.1930565263640642, 3.7224521620271029, 2.2098932029898495, 4.4031036935938666, 3.6468242140752403, 3.6468242140752403, 4.7812434333531808, 4.1762198497382785, 3.4955683181715149, 4.4031036935938666, 2.3611490988935753, 4.1005919017864159, 4.0249639538345532, 4.4787316415457292, 2.5124049947973006, 4.4031036935938666, 1.3779857755193601, 2.6636608907010255, 3.7980801099789656, 4.2518477976901412, 1.6048696193749483, 4.9324993292569053, 1.6048696193749483, 3.7224521620271029],