{
  "test": ["feature_importance"],
  "method": ["lm"],
  "dataset": ["faithful"],
  "n": [272],
  "k": [1],
  "variable_names": ["Eruption.wait..mins."],
  "response": ["Eruption.length..mins."],
  "standardized_coefficients": {
    "variable_names": ["Eruption.wait..mins."],
    "standardized_coefficients": [0.90081116832181174],
    "y_std": [1.1413712511052083],
    "raw_coefficients": [0.075627947951862604]
  },
  "shap": {
    "variable_names": ["Eruption.wait..mins."],
    "shap_values": [
      [0.61280881355112238],
      [-1.2778898852454426],
      [0.2346690737918094],
      [-0.67286630163054184],
      [1.0665765012622981],
      [-1.2022619372935801],
      [1.2934603451178859],
      [1.0665765012622981],
      [-1.5047737291010306],
      [1.0665765012622981],
      [-1.2778898852454426],
      [0.99094855331043541],
      [0.53718086559925982],
      [-1.8072855209084808],
      [0.91532060535857285],
      [-1.4291457811491679],
      [-0.67286630163054184],
      [0.99094855331043541],
      [-1.4291457811491679],
      [0.61280881355112238],
      [-1.5047737291010306],
      [-1.8072855209084808],
      [0.53718086559925982],
      [-0.1434706659675036],
      [0.2346690737918094],
      [0.91532060535857285],
      [-1.2022619372935801],
      [0.38592496969553464],
      [0.53718086559925982],
      [0.61280881355112238],
      [0.15904112583994681],
      [0.4615529176473972],
      [-0.37035450982309143],
      [0.68843676150298505],
      [0.2346690737918094],
      [-1.4291457811491679],
      [-1.7316575729566184],
      [0.68843676150298505],
      [-0.89975014548612964],
      [1.444716241021611],
      [0.68843676150298505],
      [-0.9753780934379922],
      [0.99094855331043541],
      [-0.9753780934379922],
      [0.15904112583994681],
      [0.91532060535857285],
      [-0.52161040572681661],
      [-1.3535178331973052],
      [0.83969265740671029],
      [-0.89975014548612964],
      [0.31029702174367202],
      [1.444716241021611],
      [-1.2778898852454426],
      [0.68843676150298505],
      [-1.2778898852454426],
      [0.91532060535857285],
      [0.0077852299362215927],
      [-0.52161040572681661],
      [0.4615529176473972],
      [0.76406470945484761],
      [-0.89975014548612964],
      [0.99094855331043541],
      [-1.7316575729566184],
      [0.83969265740671029],
      [-0.82412219753426708],
      [1.5959721369253363],
      [0.53718086559925982],
      [0.53718086559925982],
      [-0.44598245777495404],
      [0.15904112583994681],
      [0.83969265740671029],
      [-1.1266339893417174],
      [0.61280881355112238],
      [0.0077852299362215927],
      [-0.67286630163054184],
      [0.38592496969553464],
      [-0.82412219753426708],
      [0.53718086559925982],
      [0.38592496969553464],
      [0.91532060535857285],
      [0.31029702174367202],
      [0.83969265740671029],
      [-0.067842718015641013],
      [-0.44598245777495404],
      [0.15904112583994681],
      [1.2934603451178859],
      [0.38592496969553464],
      [0.68843676150298505],
      [-1.7316575729566184],
      [1.1422044492141608],
      [-0.82412219753426708],
      [1.444716241021611],
      [-1.580401677052893],
      [0.53718086559925982],
      [-0.59723835367867928],
      [0.083413177888084195],
      [0.99094855331043541],
      [0.31029702174367202],
      [-1.5047737291010306],
      [0.83969265740671029],
      [-0.67286630163054184],
      [1.2934603451178859],
      [-1.6560296250047557],
      [0.91532060535857285],
      [0.76406470945484761],
      [-1.8072855209084808],
      [0.99094855331043541],
      [-1.4291457811491679],
      [1.1422044492141608],
      [0.76406470945484761],
      [0.31029702174367202],
      [-0.89975014548612964],
      [1.3690882930697486],
      [0.61280881355112238],
      [-0.89975014548612964],
      [0.76406470945484761],
      [-1.580401677052893],
      [1.0665765012622981],
      [-0.89975014548612964],
      [1.2178323971660232],
      [-1.3535178331973052],
      [-0.1434706659675036],
      [0.4615529176473972],
      [-1.1266339893417174],
      [1.2934603451178859],
      [0.76406470945484761],
      [-1.9585414168122062],
      [0.83969265740671029],
      [-1.2022619372935801],
      [1.444716241021611],
      [-1.9585414168122062],
      [0.91532060535857285],
      [-1.1266339893417174],
      [1.3690882930697486],
      [-1.8829134688603435],
      [0.83969265740671029],
      [-1.5047737291010306],
      [1.1422044492141608],
      [-1.3535178331973052],
      [0.61280881355112238],
      [0.76406470945484761],
      [-0.82412219753426708],
      [0.83969265740671029],
      [0.4615529176473972],
      [0.38592496969553464],
      [-0.89975014548612964],
      [0.68843676150298505],
      [-1.6560296250047557],
      [1.8984839287327866],
      [-1.3535178331973052],
      [0.4615529176473972],
      [0.4615529176473972],
      [-0.44598245777495404],
      [0.76406470945484761],
      [0.0077852299362215927],
      [-0.067842718015641013],
      [0.76406470945484761],
      [1.6716000848771988],
      [-1.3535178331973052],
      [1.3690882930697486],
      [-1.9585414168122062],
      [1.1422044492141608],
      [-0.9753780934379922],
      [0.53718086559925982],
      [-0.37035450982309143],
      [0.38592496969553464],
      [-0.59723835367867928],
      [1.2934603451178859],
      [-1.4291457811491679],
      [1.6716000848771988],
      [-1.6560296250047557],
      [-1.0510060413898548],
      [0.4615529176473972],
      [-0.21909861391936622],
      [0.76406470945484761],
      [0.76406470945484761],
      [0.15904112583994681],
      [-1.580401677052893],
      [1.0665765012622981],
      [0.2346690737918094],
      [-1.2022619372935801],
      [0.4615529176473972],
      [0.91532060535857285],
      [0.91532060535857285],
      [-1.5047737291010306],
      [0.53718086559925982],
      [0.99094855331043541],
      [-1.8829134688603435],
      [0.91532060535857285],
      [-1.2022619372935801],
      [0.76406470945484761],
      [-1.0510060413898548],
      [0.38592496969553464],
      [0.99094855331043541],
      [0.4615529176473972],
      [0.76406470945484761],
      [1.2178323971660232],
      [0.4615529176473972],
      [-1.5047737291010306],
      [0.53718086559925982],
      [-0.82412219753426708],
      [0.83969265740671029],
      [1.5203441889734737],
      [-1.3535178331973052],
      [0.53718086559925982],
      [-1.8829134688603435],
      [0.4615529176473972],
      [0.99094855331043541],
      [-1.6560296250047557],
      [0.91532060535857285],
      [0.0077852299362215927],
      [0.68843676150298505],
      [-1.6560296250047557],
      [0.31029702174367202],
      [-0.52161040572681661],
      [0.38592496969553464],
      [-1.3535178331973052],
      [1.7472280328290615],
      [-1.2022619372935801],
      [0.38592496969553464],
      [-1.580401677052893],
      [0.83969265740671029],
      [-1.2778898852454426],
      [0.31029702174367202],
      [0.53718086559925982],
      [0.61280881355112238],
      [0.53718086559925982],
      [0.53718086559925982],
      [-0.067842718015641013],
      [0.61280881355112238],
      [-0.067842718015641013],
      [-1.2778898852454426],
      [1.1422044492141608],
      [-1.580401677052893],
      [1.444716241021611],
      [-1.2778898852454426],
      [-1.2778898852454426],
      [0.4615529176473972],
      [0.61280881355112238],
      [-0.52161040572681661],
      [0.31029702174367202],
      [-1.8072855209084808],
      [1.1422044492141608],
      [-0.59723835367867928],
      [1.0665765012622981],
      [0.83969265740671029],
      [-1.0510060413898548],
      [0.83969265740671029],
      [-0.29472656187122881],
      [0.2346690737918094],
      [-1.2778898852454426],
      [0.91532060535857285],
      [0.15904112583994681],
      [0.15904112583994681],
      [1.2934603451178859],
      [0.68843676150298505],
      [0.0077852299362215927],
      [0.91532060535857285],
