{
  "test": "ols",
  "method": "lm",
  "dataset": "faithful",
  "formula": "Eruption.length..mins. ~ Eruption.wait..mins.",
  "n": 272,
  "k": 1,
  "df_residual": 270,
  "variable_names": ["Intercept", "Eruption.wait..mins."],
  "coefficients": [-1.8740159864107371, 0.075627947951862604],
  "std_errors": [0.16014330230423859, 0.0022185414515176896],
  "t_stats": [-11.702119036177367, 34.089039850991298],
  "p_values": [7.359171081986028e-26, 8.1299585066200151e-100],
  "r_squared": 0.81146076097330933,
  "adj_r_squared": 0.81076246749543268,
  "f_statistic": 1162.0626379624734,
  "f_p_value": 8.1299585066197846e-100,
  "mse": 0.24652509523222199,
  "std_error": 0.49651293561419124,
  "conf_int_lower": [-2.1893043619076078, 0.07126010789763032],
  "conf_int_upper": [-1.5587276109138664, 0.079995788006094887],
  "residuals": [-0.50059190178653257, -0.40989320298983717, -0.3894521620271027, -0.53191678660475106, -0.021359589497591831, 0.59747884905828774, -0.081243433353180142, -0.95435958949759214, -0.033009359134261715, -0.20435958949759256, -0.37689320298984957, -0.56173164154572974, 0.17503604616544666, 0.069502432673189091, 0.29689630640613329, 0.10836269291387551, -1.0649167866047509, 0.32126835845427032, -0.45863730708612421, 0.14940809821358372, -0.18300935913426161, 0.069502432673189091, -0.57496395383455334, -0.2773124222677894, 0.81054783797289731, -0.80310369359386691, -0.31852115094171213, 0.20929194206917193, -0.17496395383455343, 0.33240809821358358, 0.65317578592475956, 0.51766399411730868, 0.24957142158779841, -0.14321984973827853, 0.11054783797289727, -0.041637307086124398, 0.11087448472132624, 0.65678015026172121, -0.75503294274916299, -0.14949932925690523, 0.17378015026172075, -0.62940499479730039, 0.088268358454270612, -0.76240499479730039, 0.8861757859247601, -1.0861036935938666, 0.86682731749152386, -0.034265255037986844, 0.30552425435799585, -0.58803294274916296, 1.0019198900210342, -0.2164993292569054, -0.37689320298984957, 0.65678015026172121, -0.47689320298984944, 0.47989630640613307, 0.22143168182848519, -1.299172682508476, 0.61766399411730921, 0.065152202309858631, -0.35503294274916286, 0.021268358454270445, -0.0061255152786737592, 0.47252425435799567, -0.84666089070102568, -0.68375522516063059, 0.14203604616544629, 0.67503604616544666, -0.97480063046033882, 1.0531757859247599, -0.29447574564200379, -0.39414909889357497, 0.39940809821358375, 0.50443168182848497, -0.83191678660475088, 1.1932919420691721, -0.64666089070102573, 0.54203604616544665, 0.0092919420691717665, -0.80310369359386691, 0.33491989002103445, 0.0055242543579960175, 0.6800596297803474, -0.40880063046033893, 0.42017578592475996, 0.1517565666468195, 0.076291942069171934, 0.34078015026172148, 0.41087448472132609, -0.6299875374494549, -0.4636608907010254, -0.59949932925690541, -0.040381411182399032, 0.79203604616544665, -1.0575447345566136, 0.72880373387662223, 0.18826835845427026, -0.048080109978965606, -0.11600935913426168, 0.57252425435799614, -0.33191678660475077, -0.41424343335318031, 0.26824653676946392, 0.096896306406133087, -0.20184779769014172, 0.18650243267318908, 0.22126835845427062, -0.27563730708612438, 0.22001246255054482, -0.56884779769014171, 0.93491989002103404, -0.28803294274916313, 0.043128618694957613, 0.31640809821358357, -0.888032942749163, 0.38115220230985852, 0.40961858881760116, 0.045640410502407441, -0.77103294274916301, -0.28861548540131765, 0.48273474496201313, 0.7226875777322106, 0.3006639941173091, -0.39414909889357497, -0.18124343335318069, -0.48484779769014158, 0.38775832857691422, 0.17252425435799582, -0.018521150941712309, -0.28249932925690519, 0.33775832857691418, -0.2361036935938671, 0.43885090110642477, -0.52387138130504252, 0.22813038062505167, 0.055524254357995836, -0.10000935913426166, 0.30301246255054504, -0.10126525503798703, -0.36759190178641615, -0.018847797690141884, -0.43066089070102548, 0.20552425435799618, 0.86766399411730921, 0.45929194206917195, -0.60503294274916286, 0.45678015026172114, 0.18524653676946373, -0.28626701696808199, -0.33426525503798687, 1.0836639941173096, 0.050663994117309069, -0.64180063046033908, 0.34815220230985816, 0.071431681828485249, 0.58005962978034775, 0.24815220230985849, -1.0763831731124933, -0.33426525503798687, -0.88987138130504273, 0.67075832857691431, -0.47998753744945444, -0.51240499479730039, -0.19196395383455334, 0.38257142158779844, 0.7092919420691719, -0.52354473455661366, 0.21875656664681967, -0.12563730708612425, -0.54238317311249351, 0.085246536769463865, -0.35377704684543726, 0.63366399411730923, 0.064315525684073255, -0.084847797690141724, 0.081152202309858645, 0.85317578592475973, 0.5096185888176008, -0.55435958949759223, 0.44454783797289693, -0.4025211509417122, 0.63366399411730923, -0.15310369359386691, -0.63610369359386709, 0.049990640865738248, 0.40803604616544636, -0.39573164154572932, 0.22813038062505167, 0.013896306406132892, -0.10252115094171238, 0.54815220230985828, -0.60377704684543754, 0.92629194206917154, -0.37873164154572986, 0.016663994117309257, -0.018847797690141884, -1.2056154854013175, 0.41666399411730876, 0.26699064086573837, 0.64203604616544629, -0.56366089070102554, 0.022524254357995478, -0.87512727720876826, -0.26726525503798693, 0.57503604616544612, 0.17813038062505165, 0.41766399411730909, -0.62873164154572947, 0.10124653676946388, 0.096896306406133087, -1.1125683181715147, 0.5237801502617212, 0.035246536769463821, 0.034919890021034572, 0.45082731749152355, 0.35929194206917142, 0.26573474496201299, -0.4350111210643563, -0.28552115094171221, 0.27629194206917213, -0.040381411182399032, -0.060475745642003823, -0.45989320298984954, 0.68491989002103404, -0.024963953834553514, 0.016408098213583733, 0.058036046165446664, 0.24203604616544686, 0.49705962978034762, 0.44940809821358357, 0.66305962978034794, 0.20710679701015025, -0.44698753744945496, 0.30961858881760107, -0.48249932925690536, -0.32689320298984953, -0.35989320298984945, 0.33366399411730946, -0.15059190178641607, -0.63317268250847614, 0.3519198900210348, 0.66950243267318921, 0.30301246255054504, 0.009455265443386273, 0.028640410502407992, -0.49447574564200397, -0.35377704684543726, 0.039524254357995822, -1.0600565263640642, 0.62754783797289659, -0.0098932029898493971, 0.046896306406133251, -0.079824214075240082, 0.85317578592475973, -0.63124343335318001, -0.3592198497382787, 0.42143168182848495, 0.046896306406133251, -0.36114909889357505, 0.18240809821358409, 0.74203604616544683, 0.054268358454270804, -0.66240499479730031, -0.15310369359386691, 0.60501422448063991, -0.41366089070102557, 0.95191989002103439, -0.13484779769014155, 0.54513038062505159, -0.51549932925690578, 0.21213038062505168, 0.74454783797289659],
  "vif": []
}
