{
  "test": "polynomial",
  "method": "lm",
  "dataset": "faithful",
  "formula": "Eruption.length..mins. ~ poly(Eruption.wait..mins., 2, raw=TRUE)",
  "degree": 2,
  "n": 272,
  "k": 2,
  "df_residual": 269,
  "df_model": 2,
  "variable_names": ["Intercept", "x^1", "x^2"],
  "coefficients": [-4.318952911479359, 0.15056853050509339, -0.00055044808126197766],
  "std_errors": [0.88121414308049828, 0.026662147497645571, 0.00019517478987110315],
  "t_stats": [-4.9011388950038963, 5.6472769314020752, -2.8202826893037938],
  "p_values": [1.6488545460039504e-06, 4.1392600456264803e-08, 0.005155278843483907],
  "r_squared": 0.81687552331808688,
  "adj_r_squared": 0.81551400304535893,
  "f_statistic": 599.9730886719542,
  "f_p_value": 6.9086047028019948e-100,
  "mse": 0.24033513524679173,
  "rmse": 0.49023987521089279,
  "mae": 0.39653768962747332,
  "residual_std_error": 0.49023987521089279,
  "log_likelihood": -190.54490077584978,
  "aic": 389.08980155169957,
  "bic": 403.51300981688354,
  "conf_int_lower": [-6.0539066802678807, 0.098075508634914377, -0.00093471249635142728],
  "conf_int_upper": [-2.5839991426908369, 0.2030615523752724, -0.00016618366617252798],
  "fitted_values": [4.1406145232671951, 2.2066411308357496, 3.8088646529069718, 2.9003735554653982, 4.5023847943358009, 2.2972108204833033, 4.6684078316761148, 4.5023847943358009, 1.9283266849180083, 4.5023847943358009, 2.2066411308357656, 4.4448419895639821, 4.0764663415200637, 1.5418282107523293, 4.3861982886296387, 2.0221990630531179, 2.9003735554653982, 4.4448419895639821, 2.0221990630531179, 4.1406145232670264, 1.9283266849180083, 1.5418282107523293, 4.0764663415200637, 3.4495923784838185, 3.8088646529069718, 4.3861982886296387, 2.2972108204833033, 3.9448672895385655, 4.0764663415200637, 4.1406145232670264, 3.739211990347389, 4.0112172636105763, 3.2208182598796391, 4.2036618088514652, 3.8088646529069718, 2.0221990630531179, 1.6401041735375355, 4.2036618088514652, 2.6484806174482154, 4.7735853757570377, 4.2036618088514652, 2.5623145124507736, 4.4448419895639821, 2.5623145124507736, 3.739211990347389, 4.3861982886296387, 3.0627976999975668, 2.1149705450257037, 4.3264536915327714, 2.6484806174482154, 3.8774164193040308, 4.7735853757570377, 2.2066411308357656, 4.2036618088514652, 2.2066411308357656, 4.3861982886296387, 3.5966039767406519, 3.0627976999975663, 4.0112172636105763, 4.2656081982733802, 2.6484806174482158, 4.4448419895639821, 1.6401041735375355, 4.3264536915327714, 2.7335458262831338, 4.8743593351878651, 4.0764663415200637, 4.0764663415200637, 3.1423584280198651, 3.739211990347389, 4.3264536915327714, 2.3866796139683175, 4.1406145232670264, 3.5966039767406519, 2.9003735554653982, 3.9448672895385659, 2.7335458262831338, 4.0764663415200637, 3.9448672895385655, 4.3861982886296387, 3.8774164193040308, 4.3264536915327714, 3.5236486256934971, 3.1423584280198651, 3.739211990347389, 4.6684078316761148, 3.9448672895385655, 4.2036618088514652, 1.6401041735375355, 4.5588267029450966, 2.7335458262831338, 4.7735853757570386, 1.8333534106203746, 4.0764663415200637, 2.9821360758127442, 3.6684584316252824, 4.4448419895639821, 3.8774164193040308, 1.9283266849180083, 4.3264536915327714, 2.9003735554653982, 4.6684078316761148, 1.7372792401602166, 4.3861982886296387, 4.2656081982733802, 1.5418282107523296, 4.4448419895639821, 2.0221990630531179, 4.5588267029450966, 4.2656081982733802, 3.8774164193040308, 2.6484806174482158, 4.7215470517978382, 4.1406145232670264, 2.6484806174482154, 4.2656081982733802, 1.8333534106203748, 4.5023847943358009, 2.6484806174482154, 4.6141677153918677, 2.1149705450257041, 3.4495923784838185, 4.0112172636105763, 2.3866796139683175, 4.6684078316761148, 4.2656081982733802, 1.3419735966943469, 4.3264536915327714, 2.2972108204833033, 4.7735853757570377, 1.3419735966943469, 4.3861982886296387, 2.3866796139683175, 4.7215470517978382, 1.4424513518046, 4.3264536915327714, 1.9283266849180083, 4.5588267029450966, 2.1149705450257037, 4.1406145232670264, 4.2656081982733802, 2.7335458262831338, 4.3264536915327714, 4.0112172636105763, 3.9448672895385655, 2.6484806174482154, 4.2036618088514652, 1.7372792401602166, 5.0626965000992312, 2.1149705450257037, 4.0112172636105763, 4.0112172636105763, 3.1423584280198651, 4.2656081982733802, 3.5966039767406519, 3.5236486256934971, 4.2656081982733802, 4.9230949706594931, 2.1149705450257037, 4.7215470517978382, 1.3419735966943469, 4.5588267029450966, 2.5623145124507736, 4.0764663415200637, 3.2208182598796391, 3.9448672895385655, 2.9821360758127442, 4.6684078316761148, 2.0221990630531179, 4.9230949706594931, 1.7372792401602166, 2.4750475112908075, 4.0112172636105763, 3.374435235111616, 4.2656081982733802, 4.2656081982733802, 3.739211990347389, 1.8333534106203748, 4.5023847943358009, 3.8088646529069718, 2.2972108204833033, 4.0112172636105763, 4.3861982886296387, 4.3861982886296387, 1.9283266849180083, 4.0764663415200637, 4.4448419895639821, 1.4424513518046, 4.3861982886296387, 2.2972108204833033, 4.2656081982733802, 2.475047511290807, 3.9448672895385655, 4.4448419895639821, 4.0112172636105763, 4.2656081982733802, 4.6141677153918677, 4.0112172636105763, 1.9283266849180083, 4.0764663415200637, 2.7335458262831338, 4.3264536915327714, 4.8245228035537133, 2.1149705450257037, 4.0764663415200637, 1.4424513518046, 4.0112172636105763, 4.4448419895639821, 1.7372792401602166, 4.3861982886296387, 3.5966039767406519, 4.2036618088514652, 1.7372792401602166, 3.8774164193040308, 3.0627976999975663, 3.9448672895385655, 2.1149705450257037, 4.9707297099685963, 2.2972108204833033, 3.9448672895385655, 1.8333534106203746, 4.3264536915327714, 2.2066411308357656, 3.8774164193040308, 4.0764663415200637, 4.1406145232670264, 4.0764663415200637, 4.0764663415200637, 3.5236486256934971, 4.1406145232670264, 3.5236486256934971, 2.2066411308357656, 4.5588267029450966, 1.8333534106203748, 4.7735853757570386, 2.2066411308357656, 2.2066411308357656, 4.0112172636105763, 4.1406145232670264, 3.0627976999975668, 3.8774164193040308, 1.5418282107523296, 4.5588267029450966, 2.9821360758127442, 4.5023847943358009, 4.3264536915327714, 2.4750475112908075, 4.3264536915327714, 3.2981771955768897, 3.8088646529069718, 2.2066411308357656, 4.3861982886296387, 3.739211990347389, 3.739211990347389, 4.6684078316761148, 4.2036618088514652, 3.5966039767406519, 4.3861982886296387, 2.3866796139683175, 4.1406145232670264, 4.0764663415200637, 4.4448419895639821, 2.5623145124507736, 4.3861982886296387, 1.1377153979862675, 2.7335458262831338, 3.8774164193040308, 4.2656081982733802, 1.4424513518046, 4.7735853757570386, 1.4424513518046, 3.8088646529069718],