{
  "test": "ols",
  "method": "lm",
  "dataset": "iris",
  "formula": "Sepal.Length ~ Sepal.Width + Petal.Length + Petal.Width + Species",
  "n": 229,
  "k": 4,
  "df_residual": 224,
  "variable_names": ["Intercept", "Sepal.Width", "Petal.Length", "Petal.Width", "Species"],
  "coefficients": [3.4066523744197461, 0.2036206732227831, -0.29263705683384567, 0.67752719206200041, 1.1501401241589679],
  "std_errors": [0.46684526372337987, 0.077251467303327756, 0.10514679931225869, 0.23747972306722573, 0.36061267551157183],
  "t_stats": [7.297176686017087, 2.6358162547679109, -2.7831285283804941, 2.8529896502793464, 3.1894057038548569],
  "p_values": [5.0494792212678172e-12, 0.0089802678838355326, 0.0058434364038180619, 0.0047365449786324733, 0.0016296028063621864],
  "r_squared": 0.55051952548528316,
  "adj_r_squared": 0.54249308844037758,
  "f_statistic": 68.588281750081791,
  "f_p_value": 7.9540965645019681e-38,
  "mse": 0.099984695369408044,
  "std_error": 0.31620356634517588,
  "log_likelihood": -58.745709343352175,
  "aic": 129.49141868670435,
  "bic": 150.0937507080298,
  "conf_int_lower": [2.4866819805877305, 0.051388084993604644, -0.49984049208341297, 0.20954704674617181, 0.43951283308341493],
  "conf_int_upper": [4.3266227682517613, 0.35585326145196156, -0.085433621584278335, 1.1455073373778291, 1.860767415234521],
  "residuals": [0.10472158629653976, 0.0065319229079716067, -0.26345591742007285, -0.28456643873097354, -0.063354802387996179, 0.27555899564517694, -0.40418005206457885, 0.054347359302191339, -0.47310600976980932, 0.083186280475222543, 0.39326115733536154, -0.11638893501442382, -0.025715357885886265, -0.61350647493604094, 0.64438383831837598, 0.41522124766702306, 0.15850417291163718, 0.036968867090328796, 0.66367378217365403, 0.0051463708068835035, 0.51287477066896159, -0.042244281077040147, -0.5326953037592872, 0.16505933427468347, 0.23398529197991488, 0.38254918236286928, 0.083186280475222543, -0.52273178277547117, 0.15434735930219098, -0.092294838593055747, -0.3479500307257346, -0.56345591742002443, -0.092294838593055747, -0.042244281077040147, 0.10216279569646897, -0.33419221173664043, 0.29326115733536101, 0.045445720941083345, 1.0683373211816922, 0.40058460197549234, 0.979474080664539, -0.23917876507838631, 0.55276916558121403, -0.14098910168976986, 0.21246981544701465, -1.0074471429826803, 0.76791253667133763, -0.41721867474672486, 0.065576300517568006, 0.21694005769049063, 0.22942352314852241, -0.41721867474672486, -0.12845654926160263, 0.21694005769049063, 0.22942352314852241, -0.41721867474672486, -0.13768185710103337, 0.42942352314852261, 0.41903521765435331, 0.6416324060983678, 0.97904929615418423, 0.25788674678133483, 0.21641415814810433, 0.25426607355856773, 0.68022253465321558, -0.41721867474672486, -0.42622142813986452, -0.30916660540632473, 0.72094666929776896, -0.61721867474672421, 0.79824836582172232, 0.73049564661552202, 0.38859827347193743, -0.34946595554052429, -0.13768185710103337, -0.24914228606220135, 0.35010925994912201, -0.34024064770109386, -0.040665432211447777, -0.24914228606220135, -0.34024064770109386, -0.040665432211447777, -0.40841815141764815, 0.24354385774178339, -0.010875826985676719, -0.088703423052016353, -0.088703423052016353, -0.4108758269856771, 0.0028197230972297348, -0.088703423052016353, -0.15645614225821697, -0.088703423052016353, -0.020950703845815859, -0.088703423052016353, -0.15645614225821697, -0.010875826985676719, -0.088703423052016353, -0.088703423052016353, -0.15645614225821697, -0.088703423052016353, -0.088703423052016353, -0.020950703845815859, -0.020950703845815859, -0.020950703845815859, -0.020950703845815859, -0.020950703845815859, -0.020950703845815859, -0.020950703845815859, -0.020950703845815859, -0.020950703845815859, -0.020950703845815859, -0.020950703845815859, -0.020950703845815859, -0.020950703845815859, -0.020950703845815859, -0.020950703845815859, -0.020950703845815859, -0.010875826985676719, -0.15645614225821697, -0.33907765004635448, -0.059439717368631309, -0.31796712873540139, -0.059439717368631309, -0.059439717368631309, -0.059439717368631309, -0.25943971736863147, 0.340560282631369, -0.30916660540632473, -0.010875826985676719, -0.27862854619187744, -0.15645614225821697, -0.4446720438187256, -0.2616748384903696, -0.27862854619187744, -0.4446720438187256, -0.2616748384903696, -0.020950703845815859, -0.020950703845815859, -0.020950703845815859, -0.020950703845815859, -0.020950703845815859, -0.020950703845815859, -0.020950703845815859, -0.020950703845815859, -0.020950703845815859, 0.17057244230342986, -0.088703423052016353, -0.2616748384903696, -0.22095070384581605, -0.12095070384581552, -0.12095070384581552, -0.22095070384581605, -0.22095070384581605, -0.2616748384903696, -0.16167483849036909, -0.10058863652353889, 0.39941136347646111, -0.16167483849036909, -0.10058863652353889, 0.35868722883190779, -0.2616748384903696, -0.020950703845815859, -0.020950703845815859, -0.10058863652353889, 0.39941136347646111, -0.16167483849036909, -0.10058863652353889, 0.35868722883190779, -0.41721867474672486, -0.37691932461252509, 0.17057244230342986, -0.21087582698567689, -0.2616748384903696, -0.020950703845815859, -0.020950703845815859, -0.020950703845815859, -0.020950703845815859, -0.020950703845815859, -0.020950703845815859, -0.020950703845815859, -0.020950703845815859, -0.020950703845815859, -0.020950703845815859, -0.020950703845815859, -0.020950703845815859, -0.020950703845815859, -0.020950703845815859, -0.020950703845815859, -0.020950703845815859, -0.020950703845815859, -0.020950703845815859, -0.020950703845815859, -0.020950703845815859, -0.020950703845815859, -0.020950703845815859, -0.020950703845815859, -0.020950703845815859, -0.020950703845815859, -0.020950703845815859, -0.020950703845815859, -0.010875826985676719, -0.15645614225821697, -0.15645614225821697, -0.41764345925707852, -0.010875826985676719, -0.15645614225821697, -0.15645614225821697, -0.010875826985676719, -0.15645614225821697, 0.0028197230972297348, -0.15645614225821697, -0.07862854619187723, -0.15645614225821697, -0.07862854619187723, 0.0028197230972297348, -0.07862854619187723, -0.07862854619187723, 0.0028197230972297348, -0.07862854619187723, 0.0028197230972297348, -0.07862854619187723, -0.07862854619187723, 0.82489101199885828, 0.76636360063208853, 0.76636360063208853, 0.67857248358193356, 0.67857248358193356, 0.67857248358193356, 0.82489101199885828],
  "vif": [
    {
      "variable": "Sepal.Width",
      "vif": 1.8950240072658473,
      "rsquared": 0.47230219977909071
    },
    {
      "variable": "Petal.Length",
      "vif": 38.264830758034705,
      "rsquared": 0.97386634201197864
    },
    {
      "variable": "Petal.Width",
      "vif": 27.293589841621582,
      "rsquared": 0.96336136045852638
    },
    {
      "variable": "Species",
      "vif": 41.222082670275128,
      "rsquared": 0.97574115776733694
    }
  ]
}
