{
  "test": "wls",
  "method": "lm",
  "dataset": "iris",
  "formula": "Sepal.Length ~ Sepal.Width + Petal.Length + Petal.Width + Species",
  "n": 229,
  "k": 4,
  "df_residual": 224,
  "df_model": 4,
  "variable_names": ["Intercept", "Sepal.Width", "Petal.Length", "Petal.Width", "Species"],
  "coefficients": [3.4066523744197461, 0.2036206732227831, -0.29263705683384567, 0.67752719206200041, 1.1501401241589679],
  "std_errors": [0.46684526372337987, 0.077251467303327756, 0.10514679931225869, 0.23747972306722573, 0.36061267551157183],
  "t_stats": [7.297176686017087, 2.6358162547679109, -2.7831285283804941, 2.8529896502793464, 3.1894057038548569],
  "p_values": [5.0494792212678172e-12, 0.0089802678838355326, 0.0058434364038180619, 0.0047365449786324733, 0.0016296028063621864],
  "r_squared": 0.55051952548528316,
  "adj_r_squared": 0.54249308844037758,
  "f_statistic": 68.588281750081791,
  "f_p_value": 7.9540965645019681e-38,
  "mse": 0.099984695369408044,
  "rmse": 0.31620356634517588,
  "mae": 0.21217753825438704,
  "residual_std_error": 0.31620356634517588,
  "log_likelihood": -58.745709343352175,
  "aic": 129.49141868670435,
  "bic": 150.0937507080298,
  "conf_int_lower": [2.4866819805877305, 0.051388084993604644, -0.49984049208341297, 0.20954704674617181, 0.43951283308341493],
  "conf_int_upper": [4.3266227682517613, 0.35585326145196156, -0.085433621584278335, 1.1455073373778291, 1.860767415234521],
  "fitted_values": [4.9952784137034598, 4.8934680770920291, 4.963455917420073, 4.8845664387309728, 5.0633548023879964, 5.1244410043548232, 5.0041800520645783, 4.9456526406978085, 4.8731060097698098, 4.8168137195247782, 5.0067388426646389, 4.9163889350144236, 4.825715357885886, 4.9135064749360406, 5.1556161616816238, 5.2847787523329774, 5.2414958270883636, 5.0630311329096704, 5.0363262178263462, 5.0948536291931159, 4.8871252293310388, 5.1422442810770397, 5.1326953037592871, 4.8349406657253162, 4.9660147080200856, 5.1174508176371312, 4.8168137195247782, 4.9227317827754717, 4.9456526406978085, 5.0922948385930553, 4.8479500307257348, 4.963455917420025, 5.0922948385930553, 5.1422442810770397, 4.9978372043035311, 4.9341922117366401, 5.0067388426646389, 4.9545542790589163, 5.9316626788183076, 5.9994153980245084, 5.9205259193354616, 5.7391787650783863, 5.9472308344187859, 5.8409891016897699, 6.0875301845529854, 5.9074471429826811, 5.8320874633286621, 6.0172186747467249, 5.7344236994824316, 6.0830599423095091, 5.8705764768514772, 6.0172186747467249, 5.9284565492616021, 6.0830599423095091, 5.8705764768514772, 6.0172186747467249, 5.9376818571010332, 5.8705764768514772, 5.9809647823456471, 5.9583675939016318, 5.8209507038458153, 5.9421132532186656, 5.8835858418518949, 6.1457339264414328, 6.0197774653467846, 6.0172186747467249, 5.9262214281398649, 5.8091666054063245, 5.9790533307022313, 6.0172186747467249, 5.9017516341782779, 5.9695043533844778, 5.8114017265280626, 5.949465955540524, 5.9376818571010332, 5.9491422860622016, 5.8498907400508777, 5.9402406477010938, 5.8406654322114475, 5.9491422860622016, 5.9402406477010938, 5.8406654322114475, 5.9084181514176484, 5.956456142258217, 6.0108758269856768, 5.8887034230520161, 5.8887034230520161, 6.0108758269856768, 5.9971802769027702, 5.8887034230520161, 5.956456142258217, 5.8887034230520161, 5.8209507038458153, 5.8887034230520161, 5.956456142258217, 6.0108758269856768, 5.8887034230520161, 5.8887034230520161, 5.956456142258217, 5.8887034230520161, 5.8887034230520161, 5.8209507038458153, 5.8209507038458153, 5.8209507038458153, 5.8209507038458153, 5.8209507038458153, 5.8209507038458153, 5.8209507038458153, 5.8209507038458153, 5.8209507038458153, 5.8209507038458153, 5.8209507038458153, 5.8209507038458153, 5.8209507038458153, 5.8209507038458153, 5.8209507038458153, 5.8209507038458153, 6.0108758269856768, 5.956456142258217, 5.8390776500463542, 5.8594397173686312, 5.917967128735401, 5.8594397173686312, 5.8594397173686312, 5.8594397173686312, 5.8594397173686312, 5.8594397173686312, 5.8091666054063245, 6.0108758269856768, 6.0786285461918776, 5.956456142258217, 5.9446720438187253, 5.8616748384903694, 6.0786285461918776, 5.9446720438187253, 5.8616748384903694, 5.8209507038458153, 5.8209507038458153, 5.8209507038458153, 5.8209507038458153, 5.8209507038458153, 5.8209507038458153, 5.8209507038458153, 5.8209507038458153, 5.8209507038458153, 5.9294275576965694, 5.8887034230520161, 5.8616748384903694, 5.8209507038458153, 5.8209507038458153, 5.8209507038458153, 5.8209507038458153, 5.8209507038458153, 5.8616748384903694, 5.8616748384903694, 5.8005886365235391, 5.8005886365235391, 5.8616748384903694, 5.8005886365235391, 5.8413127711680923, 5.8616748384903694, 5.8209507038458153, 5.8209507038458153, 5.8005886365235391, 5.8005886365235391, 5.8616748384903694, 5.8005886365235391, 5.8413127711680923, 6.0172186747467249, 5.8769193246125253, 5.9294275576965694, 6.0108758269856768, 5.8616748384903694, 5.8209507038458153, 5.8209507038458153, 5.8209507038458153, 5.8209507038458153, 5.8209507038458153, 5.8209507038458153, 5.8209507038458153, 5.8209507038458153, 5.8209507038458153, 5.8209507038458153, 5.8209507038458153, 5.8209507038458153, 5.8209507038458153, 5.8209507038458153, 5.8209507038458153, 5.8209507038458153, 5.8209507038458153, 5.8209507038458153, 5.8209507038458153, 5.8209507038458153, 5.8209507038458153, 5.8209507038458153, 5.8209507038458153, 5.8209507038458153, 5.8209507038458153, 5.8209507038458153, 5.8209507038458153, 6.0108758269856768, 5.956456142258217, 5.956456142258217, 5.9176434592570786, 6.0108758269856768, 5.956456142258217, 5.956456142258217, 6.0108758269856768, 5.956456142258217, 5.9971802769027702, 5.956456142258217, 6.0786285461918776, 5.956456142258217, 6.0786285461918776, 5.9971802769027702, 6.0786285461918776, 6.0786285461918776, 5.9971802769027702, 6.0786285461918776, 5.9971802769027702, 6.0786285461918776, 6.0786285461918776, 5.7751089880011417, 5.8336363993679115, 5.8336363993679115, 5.9214275164180661, 5.9214275164180661, 5.9214275164180661, 5.7751089880011417],