{
  "test": "polynomial",
  "method": "lm",
  "dataset": "iris",
  "formula": "Sepal.Length ~ poly(Sepal.Width, 3, raw=TRUE)",
  "degree": 3,
  "n": 229,
  "k": 3,
  "df_residual": 225,
  "df_model": 3,
  "variable_names": ["Intercept", "x^1", "x^2", "x^3"],
  "coefficients": [11.310283791546926, -4.4359675944364696, 1.2012661299960699, -0.11515600676832971],
  "std_errors": [4.1954863553689483, 4.2778267830593295, 1.4340599597466244, 0.15768677157430999],
  "t_stats": [2.6958218508023979, -1.0369675583881506, 0.8376679941669346, -0.73028324201603922],
  "p_values": [0.0075521183706159989, 0.30086411932537915, 0.4031061029297025, 0.46597675446872622],
  "r_squared": 0.10925659882898554,
  "adj_r_squared": 0.097380020146705215,
  "f_statistic": 9.1993327162473086,
  "f_p_value": 9.1349077555436908e-06,
  "mse": 0.19726080948661651,
  "rmse": 0.44414052898448314,
  "mae": 0.28198698048372606,
  "residual_std_error": 0.44414052898448314,
  "log_likelihood": -137.05958523088984,
  "aic": 284.11917046177967,
  "bic": 301.28778047955086,
  "conf_int_lower": [3.042811975184339, -12.865696443146765, -1.6246399261652473, -0.42588778596611215],
  "conf_int_upper": [19.577755607909513, 3.9937612542738261, 4.0271721861573866, 0.19557577242945273],
  "fitted_values": [5.5625935132800537, 5.7045639954574021, 5.6427206307254201, 5.6723391604208597, 5.5364908445415848, 5.4503288449944476, 5.5885387431951381, 5.5885387431951381, 5.7400860718753819, 5.6723391604208588, 5.5095398009420569, 5.5885387431951381, 5.7045639954573089, 5.7045639954573089, 5.4166870605651454, 5.2390893721970597, 5.4503288449944476, 5.5625935132790758, 5.4810494464398811, 5.4810494464398811, 5.5885387431951381, 5.5095398009420569, 5.5364908445415848, 5.7045639954573089, 5.5625935132790758, 5.379433157111368, 5.6723391604208588, 5.7045639954573089, 5.5885387431951381, 5.5625935132790758, 6.0611530176720416, 5.6427206307254201, 5.5625935132790758, 5.5095398009420569, 5.4810494464398811, 5.6427206307254201, 5.5095398009420569, 5.6150174703303826, 5.6427206307254201, 5.6427206307254201, 5.672339160420858, 6.0611530176720416, 5.779596325715687, 5.779596325715687, 5.6150174703303826, 5.9913378361114269, 5.7400860718753828, 5.7045639954573089, 5.8237856930188334, 5.7400860718753828, 5.7400860718753828, 5.7045639954573089, 5.8237856930188334, 5.7400860718753828, 5.7400860718753828, 5.7045639954573089, 5.8237856930188334, 5.7400860718753828, 5.6427206307254201, 5.7400860718753828, 5.779596325715687, 6.1391019928985475, 6.1391019928985475, 5.6427206307254201, 5.6150174703303826, 5.7045639954573089, 5.9289655121760934, 5.9289655121760934, 5.672339160420858, 5.7045639954573089, 5.7045639954573089, 5.7045639954573089, 5.8237856930188334, 5.7045639954573089, 5.8237856930188334, 5.7400860718753828, 5.8237856930188334, 5.7045639954573089, 5.8237856930188334, 5.7400860718753828, 5.7045639954573089, 5.8237856930188334, 5.8237856930188334, 5.779596325715687, 5.5885387431951381, 5.779596325715687, 5.779596325715687, 5.5885387431951381, 5.7045639954573089, 5.779596325715687, 5.779596325715687, 5.779596325715687, 5.779596325715687, 5.779596325715687, 5.779596325715687, 5.5885387431951381, 5.779596325715687, 5.779596325715687, 5.779596325715687, 5.779596325715687, 5.779596325715687, 5.779596325715687, 5.779596325715687, 5.779596325715687, 5.779596325715687, 5.779596325715687, 5.779596325715687, 5.779596325715687, 5.779596325715687, 5.779596325715687, 5.779596325715687, 5.779596325715687, 5.779596325715687, 5.779596325715687, 5.779596325715687, 5.779596325715687, 5.779596325715687, 5.5885387431951381, 5.779596325715687, 5.8237856930188334, 5.779596325715687, 5.779596325715687, 5.779596325715687, 5.779596325715687, 5.779596325715687, 5.779596325715687, 5.779596325715687, 5.9289655121760934, 5.5885387431951381, 5.5885387431951381, 5.779596325715687, 5.9289655121760934, 5.7045639954573089, 5.5885387431951381, 5.9289655121760934, 5.7045639954573089, 5.779596325715687, 5.779596325715687, 5.779596325715687, 5.779596325715687, 5.779596325715687, 5.779596325715687, 5.779596325715687, 5.779596325715687, 5.779596325715687, 5.7045639954573089, 5.779596325715687, 5.7045639954573089, 5.779596325715687, 5.779596325715687, 5.779596325715687, 5.779596325715687, 5.779596325715687, 5.7045639954573089, 5.7045639954573089, 5.8237856930188334, 5.8237856930188334, 5.7045639954573089, 5.8237856930188334, 5.7400860718753828, 5.7045639954573089, 5.779596325715687, 5.779596325715687, 5.8237856930188334, 5.8237856930188334, 5.7045639954573089, 5.8237856930188334, 5.7400860718753828, 5.7045639954573089, 5.9289655121760934, 5.7045639954573089, 5.5885387431951381, 5.7045639954573089, 5.779596325715687, 5.779596325715687, 5.779596325715687, 5.779596325715687, 5.779596325715687, 5.779596325715687, 5.779596325715687, 5.779596325715687, 5.779596325715687, 5.779596325715687, 5.779596325715687, 5.779596325715687, 5.779596325715687, 5.779596325715687, 5.779596325715687, 5.779596325715687, 5.779596325715687, 5.779596325715687, 5.779596325715687, 5.779596325715687, 5.779596325715687, 5.779596325715687, 5.779596325715687, 5.779596325715687, 5.779596325715687, 5.779596325715687, 5.779596325715687, 5.5885387431951381, 5.779596325715687, 5.779596325715687, 5.8237856930188334, 5.5885387431951381, 5.779596325715687, 5.779596325715687, 5.5885387431951381, 5.779596325715687, 5.7045639954573089, 5.779596325715687, 5.5885387431951381, 5.779596325715687, 5.5885387431951381, 5.7045639954573089, 5.5885387431951381, 5.5885387431951381, 5.7045639954573089, 5.5885387431951381, 5.7045639954573089, 5.5885387431951381, 5.5885387431951381, 6.3221650685116773, 6.3221650685116773, 6.3221650685116773, 6.3221650685116773, 6.3221650685116773, 6.3221650685116773, 6.3221650685116773],