{
  "test": "polynomial",
  "method": "lm",
  "dataset": "iris",
  "formula": "Sepal.Length ~ poly(Sepal.Width, 2, raw=TRUE)",
  "degree": 2,
  "n": 229,
  "k": 2,
  "df_residual": 226,
  "df_model": 2,
  "variable_names": ["Intercept", "x^1", "x^2"],
  "coefficients": [8.3468250488568767, -1.3537945659272816, 0.15729881385163919],
  "std_errors": [1.0643018819097527, 0.69715874230523101, 0.113682104001712],
  "t_stats": [7.8425352719282744, -1.9418741870048319, 1.3836726126151777],
  "p_values": [1.7369769455600379e-13, 0.053395145258494252, 0.16782382296773332],
  "r_squared": 0.10714528513102274,
  "adj_r_squared": 0.099243915972890173,
  "f_statistic": 13.56034416146,
  "f_p_value": 2.7430263870117559e-06,
  "mse": 0.19685346906907808,
  "rmse": 0.44368172045857163,
  "mae": 0.28038786001910559,
  "residual_std_error": 0.44368172045857163,
  "log_likelihood": -137.33066146623347,
  "aic": 282.66132293246693,
  "bic": 296.39621094668388,
  "conf_int_lower": [6.2496009034354554, -2.7275571913683025, -0.06671361858613048],
  "conf_int_upper": [10.444049194278298, 0.019968059513739034, 0.38131124628940882],
  "fitted_values": [5.5354545377941671, 5.7011306757398019, 5.6254222917303665, 5.6617034955965693, 5.5117572390359202, 5.4595412004239252, 5.5622978128290814, 5.5622978128290814, 5.7437038321600582, 5.6617034955965693, 5.4912059165548888, 5.5622978128290814, 5.7011306757397966, 5.7011306757397975, 5.4484278067739922, 5.4354339949445887, 5.4595412004239252, 5.5354545377939841, 5.4738005703508907, 5.4738005703508907, 5.5622978128290814, 5.4912059165548888, 5.5117572390359202, 5.7011306757397966, 5.5354545377939841, 5.4404603894010926, 5.6617034955965693, 5.7011306757397975, 5.5622978128290814, 5.5354545377939841, 6.0652082724993139, 5.6254222917303736, 5.5354545377939841, 5.4912059165548888, 5.4738005703508907, 5.6254222917303736, 5.4912059165548888, 5.5922870641412104, 5.6254222917303736, 5.6254222917303736, 5.6617034955965693, 6.065208272499313, 5.7894229648573514, 5.7894229648573523, 5.5922870641412104, 6.0037592584168555, 5.7437038321600582, 5.7011306757397966, 5.838288073831678, 5.7437038321600582, 5.7437038321600582, 5.7011306757397966, 5.838288073831678, 5.7437038321600582, 5.7437038321600582, 5.7011306757397966, 5.838288073831678, 5.7437038321600582, 5.6254222917303736, 5.7437038321600582, 5.7894229648573523, 6.1298032628588039, 6.1298032628588039, 5.6254222917303736, 5.5922870641412112, 5.7011306757397966, 5.9454562206114305, 5.9454562206114305, 5.6617034955965693, 5.7011306757397966, 5.7011306757397966, 5.7011306757397966, 5.838288073831678, 5.7011306757397966, 5.838288073831678, 5.7437038321600582, 5.838288073831678, 5.7011306757397966, 5.838288073831678, 5.7437038321600582, 5.7011306757397966, 5.838288073831678, 5.838288073831678, 5.7894229648573514, 5.5622978128290814, 5.7894229648573523, 5.7894229648573523, 5.5622978128290814, 5.7011306757397966, 5.7894229648573523, 5.7894229648573523, 5.7894229648573523, 5.7894229648573523, 5.7894229648573523, 5.7894229648573523, 5.5622978128290814, 5.7894229648573523, 5.7894229648573523, 5.7894229648573523, 5.7894229648573523, 5.7894229648573523, 5.7894229648573523, 5.7894229648573523, 5.7894229648573523, 5.7894229648573523, 5.7894229648573523, 5.7894229648573523, 5.7894229648573523, 5.7894229648573523, 5.7894229648573523, 5.7894229648573523, 5.7894229648573523, 5.7894229648573523, 5.7894229648573523, 5.7894229648573523, 5.7894229648573523, 5.7894229648573523, 5.5622978128290814, 5.7894229648573523, 5.838288073831678, 5.7894229648573523, 5.7894229648573523, 5.7894229648573523, 5.7894229648573523, 5.7894229648573523, 5.7894229648573523, 5.7894229648573514, 5.9454562206114305, 5.5622978128290814, 5.5622978128290814, 5.7894229648573523, 5.9454562206114305, 5.7011306757397966, 5.5622978128290814, 5.9454562206114305, 5.7011306757397966, 5.7894229648573523, 5.7894229648573523, 5.7894229648573523, 5.7894229648573523, 5.7894229648573523, 5.7894229648573523, 5.7894229648573523, 5.7894229648573523, 5.7894229648573523, 5.7011306757397966, 5.7894229648573523, 5.7011306757397966, 5.7894229648573523, 5.7894229648573523, 5.7894229648573523, 5.7894229648573523, 5.7894229648573523, 5.7011306757397966, 5.7011306757397966, 5.838288073831678, 5.838288073831678, 5.7011306757397966, 5.838288073831678, 5.7437038321600582, 5.7011306757397966, 5.7894229648573523, 5.7894229648573523, 5.838288073831678, 5.838288073831678, 5.7011306757397966, 5.838288073831678, 5.7437038321600582, 5.7011306757397966, 5.9454562206114305, 5.7011306757397966, 5.5622978128290814, 5.7011306757397966, 5.7894229648573523, 5.7894229648573523, 5.7894229648573523, 5.7894229648573523, 5.7894229648573523, 5.7894229648573523, 5.7894229648573523, 5.7894229648573523, 5.7894229648573523, 5.7894229648573523, 5.7894229648573523, 5.7894229648573523, 5.7894229648573523, 5.7894229648573523, 5.7894229648573523, 5.7894229648573523, 5.7894229648573523, 5.7894229648573523, 5.7894229648573523, 5.7894229648573523, 5.7894229648573523, 5.7894229648573523, 5.7894229648573523, 5.7894229648573523, 5.7894229648573523, 5.7894229648573523, 5.7894229648573523, 5.5622978128290814, 5.7894229648573523, 5.7894229648573523, 5.838288073831678, 5.5622978128290814, 5.7894229648573523, 5.7894229648573523, 5.5622978128290814, 5.7894229648573523, 5.7011306757397966, 5.7894229648573523, 5.5622978128290814, 5.7894229648573523, 5.5622978128290814, 5.7011306757397966, 5.5622978128290814, 5.5622978128290814, 5.7011306757397966, 5.5622978128290814, 5.7011306757397966, 5.5622978128290814, 5.5622978128290814, 6.2684311724088833, 6.2684311724088833, 6.2684311724088833, 6.2684311724088833, 6.2684311724088833, 6.2684311724088833, 6.2684311724088833],