{
  "test_name": ["Cook's Distance (R - stats::cooks.distance)"],
  "dataset": ["lh"],
  "formula": ["time ~ value"],
  "distances": [0.033714202684476946, 0.030905957644212504, 0.028219810214394507, 0.024631069777219405, 0.023160334494765532, 0.030267169046458896, 0.017523818205315438, 0.015482441039897491, 0.016885131129057776, 0.011857185027002835, 0.0099932070754915406, 0.0074886261201212324, 0.0066970977653267342, 0.0041705796879078867, 0.055900571811698795, 0.049242045246476657, 0.0081177861491459509, 0.0016087829637208781, 0.001008977401923618, 8.2194039256733185e-06, 6.2755490498992041e-05, 0.00094622232902520067, 0.001314633767514095, 0.0044240469125218463, 0.00011462427614046105, 0.002293555335261013, 0.0033281290707302728, 6.2755490498991038e-05, 8.219403925673637e-06, 0.00070524664102406573, 0.0012623780612321983, 0.0044023205372159509, 0.0032262514858393096, 0.0055096546713880061, 0.034480571799937833, 0.05266196382073788, 0.10355627304746889, 0.14886433334079544, 0.02338242124646359, 0.015875061894077995, 0.019110388418926219, 0.024800418966010075, 0.027404003807767519, 0.022081263022310556, 0.042747214745947691, 0.052381185464851723, 0.043094087312251256, 0.043203241884319017],
  "p": [2],
  "mse": [177.96653998175742],
  "threshold_4_over_n": [0.083333333333333329],
  "threshold_4_over_df": [0.086956521739130432],
  "threshold_1": [1],
  "influential_4_over_n": [37, 38],
  "influential_4_over_df": [37, 38],
  "influential_1": [],
  "max_distance": [0.14886433334079544],
  "max_index": [38],
  "description": ["Measures influence of each observation on regression coefficients. D_i > 1 indicates high influence."]
}
