{
  "test_name": ["DFFITS (R - stats::dffits)"],
  "dataset": ["lh"],
  "formula": ["time ~ value"],
  "dffits": [-0.26616397816157611, -0.2540561550249445, -0.24205668638852884, -0.22454915447957399, -0.21682124066125763, -0.24527751081579041, -0.18845513377039944, -0.17676977684947376, -0.18486818273627037, -0.15351249313177676, -0.1405969205662731, -0.12138339487113918, -0.11516326932296689, -0.090502076814032967, -0.3365910730197339, -0.3152366923171423, -0.12683155760934137, -0.056184891982042205, -0.04447101171949297, -0.0040101853705883051, 0.011081105107557426, 0.043045152606853432, -0.050768030477711786, -0.093222341792270097, 0.0149771722092763, 0.067089182602459052, 0.080871281174903262, -0.011081105107557339, 0.0040101853705883832, 0.037166509508337275, 0.049746772990776386, 0.093213777067642001, 0.079680792323482769, 0.10441508012118517, 0.26386805631782972, 0.32748331131448838, 0.46269598407206375, 0.55807712179778413, 0.21789746633555807, 0.17696690538364937, 0.19404975980197373, 0.22129281292114, 0.23395494792080976, 0.21210139228895378, 0.29934718803720778, 0.32384822754635223, 0.29618002942621124, 0.2978429110372256],
  "n": [48],
  "p": [2],
  "threshold": [0.40824829046386302],
  "influential_observations": [37, 38],
  "description": ["Measures influence of each observation on its fitted value."]
}
