{
  "test": ["feature_importance"],
  "method": ["lm"],
  "dataset": ["lh"],
  "n": [48],
  "k": [1],
  "variable_names": ["value"],
  "response": ["time"],
  "standardized_coefficients": {
    "variable_names": ["value"],
    "standardized_coefficients": [0.33365616960866862],
    "y_std": [14],
    "raw_coefficients": [8.4685314685314594]
  },
  "shap": {
    "variable_names": ["value"],
    "shap_values": [
      [0],
      [0],
      [0],
      [-1.6937062937062897],
      [-2.5405594405594365],
      [-7.6216783216783126],
      [-0.84685314685314672],
      [-0.84685314685314672],
      [0.84685314685314672],
      [-3.3874125874125829],
      [-4.2342657342657297],
      [-5.9279720279720216],
      [-1.6937062937062897],
      [-5.0811188811188748],
      [6.7748251748251702],
      [6.7748251748251702],
      [2.5405594405594401],
      [-1.6937062937062897],
      [-1.6937062937062897],
      [-4.2342657342657297],
      [-4.2342657342657297],
      [-5.0811188811188748],
      [2.5405594405594401],
      [5.0811188811188766],
      [-0.84685314685314672],
      [-3.3874125874125829],
      [-3.3874125874125829],
      [4.2342657342657297],
      [4.2342657342657297],
      [2.5405594405594401],
      [2.5405594405594401],
      [-0.84685314685314672],
      [1.6937062937062934],
      [0],
      [-5.0811188811188748],
      [-5.9279720279720216],
      [-7.6216783216783126],
      [-8.4685314685314594],
      [-2.5405594405594365],
      [7.6216783216783126],
      [9.3153846153846054],
      [9.3153846153846054],
      [5.9279720279720234],
      [1.6937062937062934],
      [-2.5405594405594365],
      [8.4685314685314594],
      [5.0811188811188766],
      [4.2342657342657297]
    ],
    "base_value": [4.1755244755244885],
    "mean_abs_shap": [3.8108391608391567]
  },
  "permutation_importance": {
    "variable_names": ["value"],
    "importance": [0.086874637520533801],
    "baseline_score": [0.1113264395179285],
    "n_permutations": [10],
    "seed": [42]
  }
}
