{
  "test": "ols",
  "method": "lm",
  "dataset": "lh",
  "formula": "time ~ value",
  "n": 48,
  "k": 1,
  "df_residual": 46,
  "variable_names": ["Intercept", "value"],
  "coefficients": [4.1755244755244885, 8.4685314685314594],
  "std_errors": [8.6828601708059594, 3.5277772869240036],
  "t_stats": [0.48089274655875386, 2.4005289392617746],
  "p_values": [0.63287222026439494, 0.020473580485958248],
  "r_squared": 0.1113264395179285,
  "adj_r_squared": 0.092007449072666003,
  "f_statistic": 5.7625391882332533,
  "f_p_value": 0.02047358048595831,
  "mse": 177.96653998175742,
  "std_error": 13.340410037991989,
  "conf_int_lower": [-13.302166548323624, 1.3674840937142099],
  "conf_int_upper": [21.6532154993726, 15.569578843348708],
  "residuals": [-23.50000000000006, -22.500000000000007, -21.5, -18.806293706293708, -16.959440559440562, -10.87832167832169, -16.653146853146851, -15.653146853146852, -16.346853146853142, -11.112587412587416, -9.2657342657342703, -6.5720279720279802, -9.8062937062937081, -5.4188811188811261, -16.274825174825164, -15.274825174825164, -10.040559440559434, -4.806293706293709, -3.806293706293709, -0.26573426573426984, 0.73426573426573016, 2.5811188811188739, -4.0405594405594361, -5.5811188811188712, 1.3468531468531486, 4.887412587412582, 5.887412587412582, -0.73426573426572483, 0.26573426573427517, 2.9594405594405639, 3.9594405594405639, 8.3468531468531477, 6.8062937062937099, 9.5000000000000018, 15.58111888111887, 17.427972027972018, 20.12167832167831, 21.968531468531452, 17.040559440559434, 7.8783216783216954, 7.1846153846154035, 8.1846153846154035, 12.572027972027984, 17.806293706293708, 23.040559440559434, 13.031468531468548, 17.418881118881131, 19.265734265734274],
  "vif": []
}
