{
  "test": "polynomial",
  "method": "lm",
  "dataset": "lh",
  "formula": "time ~ poly(value, 2, raw=TRUE)",
  "degree": 2,
  "n": 48,
  "k": 2,
  "df_residual": 45,
  "df_model": 2,
  "variable_names": ["Intercept", "x^1", "x^2"],
  "coefficients": [86.542418145733933, -61.489830140064896, 14.119239153794108],
  "std_errors": [33.988752781827372, 28.208649759072738, 5.653056967239082],
  "t_stats": [2.54620752639106, -2.1798218158346252, 2.4976290236625474],
  "p_values": [0.014383128316525065, 0.034542707300011258, 0.01622669649272581],
  "r_squared": 0.21952081321705993,
  "adj_r_squared": 0.18483284936004041,
  "f_statistic": 6.3284433217788036,
  "f_p_value": 0.0037855574176620449,
  "mse": 159.77276152543209,
  "rmse": 12.640125059722791,
  "mae": 10.203314142581375,
  "residual_std_error": 12.640125059722791,
  "log_likelihood": -188.33018665301105,
  "aic": 384.66037330602211,
  "bic": 392.14517734965369,
  "conf_int_lower": [18.085555984022122, -118.30496721556617, 2.7333979585413921],
  "conf_int_upper": [154.99928030744576, -4.6746930645636198, 25.505080349046825],
  "fitted_values": [20.293643335431753, 20.293643335432186, 20.293643335432172, 19.601909341954574, 19.679619519829593, 26.075961031673259, 19.806583947155435, 19.806583947155435, 21.063087506784804, 20.039714480780503, 20.682194224807297, 22.814308062088514, 19.601909341954574, 21.607058751909967, 34.355970632377897, 34.355970632377897, 23.449130198717693, 19.601909341954574, 19.601909341954574, 20.682194224807297, 20.682194224807297, 21.607058751909964, 23.449130198717697, 29.146080109686153, 19.806583947155435, 20.039714480780503, 20.039714480780503, 26.964712022954124, 26.964712022954124, 23.449130198717697, 23.449130198717697, 19.806583947155438, 22.114916461213308, 20.293643335432179, 21.607058751909967, 22.814308062088511, 26.075961031673259, 28.130364691079457, 19.679619519829593, 37.384493068337541, 44.288692289484565, 44.288692289484565, 31.609832979494087, 22.114916461213312, 19.679619519829593, 40.695400287373097, 29.146080109686153, 26.964712022954124],
  "residuals": [-19.293643335431753, -18.293643335432186, -17.293643335432172, -15.601909341954576, -14.679619519829593, -20.075961031673259, -12.806583947155435, -11.806583947155435, -12.063087506784802, -10.039714480780505, -9.6821942248072972, -10.814308062088513, -6.6019093419545749, -7.6070587519099657, -19.355970632377897, -18.355970632377897, -6.4491301987176941, -1.6019093419545756, -0.60190934195457557, -0.68219422480729808, 0.31780577519270237, 0.39294124809003472, -0.449130198717695, -5.1460801096861548, 5.1934160528445661, 5.9602855192194948, 6.9602855192194948, 1.0352879770458743, 2.0352879770458738, 6.550869801282305, 7.550869801282305, 12.193416052844563, 10.885083538786692, 13.706356664567819, 13.392941248090033, 13.185691937911489, 10.924038968326739, 9.8696353089205413, 19.320380480170407, 2.6155069316624582, -3.2886922894845636, -2.2886922894845636, 11.390167020505912, 21.885083538786688, 25.320380480170407, 5.3045997126269029, 17.853919890313847, 21.035287977045876]
}
