{
  "dataset": "lh",
  "alpha": 0.05,
  "n": 48,
  "p": 1,
  "df_residuals": 46,
  "mse": 177.96653998175742,
  "train": {
    "predicted": [24.499999999999993, 24.499999999999993, 24.499999999999993, 22.806293706293701, 21.959440559440552, 16.878321678321676, 23.653146853146843, 23.653146853146843, 25.346853146853135, 21.112587412587409, 20.26573426573426, 18.572027972027968, 22.806293706293701, 19.418881118881117, 31.27482517482516, 31.27482517482516, 27.040559440559427, 22.806293706293701, 22.806293706293701, 20.26573426573426, 20.26573426573426, 19.418881118881117, 27.040559440559427, 29.581118881118869, 23.653146853146843, 21.112587412587409, 21.112587412587409, 28.734265734265719, 28.734265734265719, 27.040559440559427, 27.040559440559427, 23.653146853146843, 26.193706293706285, 24.499999999999993, 19.418881118881117, 18.572027972027968, 16.878321678321676, 16.031468531468533, 21.959440559440552, 32.121678321678303, 33.815384615384595, 33.815384615384595, 30.427972027972011, 26.193706293706285, 21.959440559440552, 32.968531468531452, 29.581118881118869, 28.734265734265719],
    "lower": [-2.631127988765375, -2.631127988765375, -2.631127988765375, -4.36198008678236, -5.255194190754306, -10.995362214132886, -3.487272352918517, -3.487272352918517, -1.793566059212221, -6.166820311076084, -7.096727692167434, -9.010689336356883, -4.36198008678236, -8.044750478519678, 3.555336990748192, 3.555336990748192, -0.1740753096354268, -4.36198008678236, -4.36198008678236, -7.096727692167434, -7.096727692167434, -8.044750478519678, -0.1740753096354268, 2.117487283718081, -3.487272352918517, -6.166820311076084, -6.166820311076084, 1.371803776364029, 1.371803776364029, -0.1740753096354268, -0.1740753096354268, -3.487272352918517, -0.9745674993697762, -2.631127988765375, -8.044750478519678, -9.010689336356883, -10.995362214132886, -12.013548490493971, -5.255194190754306, 4.247994429223748, 5.582209036568809, 5.582209036568809, 2.845254719587167, -0.9745674993697762, -5.255194190754306, 4.923514446568955, 2.117487283718081, 1.371803776364029],
    "upper": [51.631127988765357, 51.631127988765357, 51.631127988765357, 49.974567499369762, 49.174075309635413, 44.752005570776234, 50.793566059212203, 50.793566059212203, 52.487272352918495, 48.391995136250898, 47.628196223635953, 46.154745280412818, 49.974567499369762, 46.882512716281909, 58.994313358902133, 58.994313358902133, 54.255194190754281, 49.974567499369762, 49.974567499369762, 47.628196223635953, 47.628196223635953, 46.882512716281909, 54.255194190754281, 57.04475047851966, 50.793566059212203, 48.391995136250898, 48.391995136250898, 56.096727692167406, 56.096727692167406, 54.255194190754281, 54.255194190754281, 50.793566059212203, 53.361980086782346, 51.631127988765357, 46.882512716281909, 46.154745280412818, 44.752005570776234, 44.076485553431041, 49.174075309635413, 59.995362214132854, 62.048560194200377, 62.048560194200377, 58.010689336356855, 53.361980086782346, 49.174075309635413, 61.013548490493946, 57.04475047851966, 56.096727692167406],
    "se_pred": [13.478656321435656, 13.478656321435656, 13.478656321435656, 13.497110236447758, 13.520142209463984, 13.847555684168533, 13.483272168032459, 13.483272168032459, 13.483272168032459, 13.552321212440297, 13.593582286428827, 13.703004429634563, 13.497110236447758, 13.643843034951212, 13.770951756741615, 13.770951756741615, 13.520142209463984, 13.497110236447758, 13.497110236447758, 13.593582286428827, 13.593582286428827, 13.643843034951212, 13.520142209463984, 13.643843034951209, 13.483272168032459, 13.552321212440297, 13.552321212440297, 13.593582286428827, 13.593582286428827, 13.520142209463984, 13.520142209463984, 13.483272168032459, 13.497110236447758, 13.478656321435656, 13.643843034951212, 13.703004429634563, 13.847555684168533, 13.932673426787634, 13.520142209463984, 13.847555684168531, 14.026149987099204, 14.026149987099204, 13.703004429634563, 13.497110236447758, 13.520142209463984, 13.932673426787634, 13.643843034951209, 13.593582286428827],
    "leverage": [0.02083333333333336, 0.02083333333333334, 0.02083333333333334, 0.02363053613053614, 0.02712703962703964, 0.07747668997669002, 0.02153263403263404, 0.02153263403263404, 0.02153263403263404, 0.03202214452214454, 0.03831585081585084, 0.05509906759906763, 0.02363053613053614, 0.04600815850815854, 0.0655885780885781, 0.0655885780885781, 0.02712703962703963, 0.02363053613053614, 0.02363053613053614, 0.03831585081585084, 0.03831585081585084, 0.04600815850815854, 0.02712703962703963, 0.04600815850815849, 0.02153263403263404, 0.03202214452214454, 0.03202214452214454, 0.0383158508158508, 0.0383158508158508, 0.02712703962703963, 0.02712703962703963, 0.02153263403263404, 0.02363053613053613, 0.02083333333333334, 0.04600815850815854, 0.05509906759906763, 0.07747668997669002, 0.09076340326340331, 0.02712703962703964, 0.07747668997668994, 0.1054487179487179, 0.1054487179487179, 0.05509906759906759, 0.02363053613053613, 0.02712703962703964, 0.09076340326340325, 0.04600815850815849, 0.0383158508158508]
  },
  "extrapolation": {
    "new_x": {
      "value": [3.71, 4.55, 5.6]
    },
    "predicted": [35.593776223776203, 42.707342657342629, 51.599300699300663],
    "lower": [6.912210159416365, 11.575572949005476, 16.209347126946092],
    "upper": [64.275342288136045, 73.839112365679782, 86.989254271655227],
    "se_pred": [14.248908924912351, 15.466162142263833, 17.581614064511221],
    "leverage": [0.1408403263403262, 0.344085081585081, 0.7369172494172482]
  }
}
