{
  "test": "polynomial",
  "method": "lm",
  "dataset": "lh",
  "formula": "time ~ poly(value, 3, raw=TRUE)",
  "degree": 3,
  "n": 48,
  "k": 3,
  "df_residual": 44,
  "df_model": 3,
  "variable_names": ["Intercept", "x^1", "x^2", "x^3"],
  "coefficients": [200.8035780793071, -211.90426606966901, 77.615806745811554, -8.612073199199644],
  "std_errors": [134.89578958153211, 174.1305592610608, 72.753243684502209, 9.8375720331416012],
  "t_stats": [1.4885829921173321, -1.2169274995090147, 1.0668363747793304, -0.87542669778544968],
  "p_values": [0.14373009647791835, 0.23011902240108839, 0.29186458593424075, 0.386095787803718],
  "r_squared": 0.23288212203772515,
  "adj_r_squared": 0.18057863035847921,
  "f_statistic": 4.4525157797473129,
  "f_p_value": 0.008125296605882985,
  "mse": 160.6065884497381,
  "rmse": 12.673065471689874,
  "mae": 9.9597938230500009,
  "residual_std_error": 12.673065471689874,
  "log_likelihood": -187.91576433748531,
  "aic": 385.83152867497063,
  "bic": 395.18753372951011,
  "conf_int_lower": [-71.061022172301591, -562.8413489241691, -69.008721511539719, -28.438396886048039],
  "conf_int_upper": [472.66817833091579, 139.03281678483114, 224.24033500316284, 11.21425048764875],
  "fitted_values": [20.247086462238755, 20.247086462240215, 20.247086462240013, 18.573341950685226, 18.333917184243042, 28.516997105580622, 19.228289189749248, 19.228289189749248, 21.578061328962171, 18.561687329617989, 19.308324826005194, 22.564891628597159, 18.573341950685219, 20.625502112599854, 35.295373142102541, 35.295373142102541, 24.969854088320226, 18.573341950685219, 18.573341950685219, 19.308324826005194, 19.308324826005194, 20.625502112599854, 24.969854088320226, 31.107064204213483, 19.228289189749248, 18.561687329617989, 18.561687329617989, 28.990287954261873, 28.990287954261873, 24.969854088320226, 24.969854088320226, 19.228289189749251, 23.169541350720682, 20.247086462240002, 20.625502112599857, 22.564891628597156, 28.516997105580618, 32.633057944957145, 18.333917184243042, 37.263560951649339, 40.689641055972182, 40.689641055972182, 33.225983413225478, 23.169541350720682, 18.333917184243035, 39.078874402670984, 31.107064204213479, 28.990287954261873],
  "residuals": [-19.247086462238755, -18.247086462240215, -17.247086462240013, -14.573341950685226, -13.333917184243042, -22.516997105580622, -12.228289189749249, -11.228289189749249, -12.578061328962173, -8.561687329617989, -8.3083248260051938, -10.564891628597159, -5.5733419506852204, -6.6255021125998539, -20.295373142102541, -19.295373142102541, -7.9698540883202238, -0.57334195068522043, 0.42665804931477957, 0.69167517399480527, 1.6916751739948057, 1.3744978874001466, -1.9698540883202247, -7.1070642042134828, 5.7717108102507506, 7.438312670382011, 8.438312670382011, -0.99028795426187277, 0.0097120457381270064, 5.0301459116797744, 6.0301459116797744, 12.771710810250749, 9.8304586492793185, 13.752913537759998, 14.374497887400143, 13.435108371402844, 8.483002894419382, 5.3669420550428573, 20.666082815756958, 2.7364390483506642, 0.31035894402781894, 1.3103589440278189, 9.7740165867745201, 20.830458649279318, 26.666082815756965, 6.9211255973290147, 15.892935795786521, 19.009712045738127]
}
