{
  "test": "polynomial",
  "method": "lm",
  "dataset": "longley",
  "formula": "GNP.deflator ~ poly(GNP, 3, raw=TRUE)",
  "degree": 3,
  "n": 16,
  "k": 3,
  "df_residual": 12,
  "df_model": 3,
  "variable_names": ["Intercept", "x^1", "x^2", "x^3"],
  "coefficients": [72.789698173918978, -0.031191292083035782, 0.00045289774677360737, -4.5295245683415122e-07],
  "std_errors": [24.876340991024559, 0.20336411522502273, 0.00053370371900868859, 4.51688840502413e-07],
  "t_stats": [2.9260612804825947, -0.15337657800896959, 0.84859394949472755, -1.002797537194704],
  "p_values": [0.012696546939858102, 0.88065032151660949, 0.41271528636322929, 0.33575152914144912],
  "r_squared": 0.98873859993642255,
  "adj_r_squared": 0.98592324992052816,
  "f_statistic": 351.19562198461915,
  "f_p_value": 5.9525543262343181e-12,
  "mse": 1.6393448819738392,
  "rmse": 1.2803690413212274,
  "mae": 0.90723773295255394,
  "residual_std_error": 1.2803690413212274,
  "log_likelihood": -24.355933550210519,
  "aic": 58.711867100421038,
  "bic": 62.574810711619946,
  "conf_int_lower": [18.588807267497891, -0.47428363542923979, -0.00070994276344363652, -1.437097897538323e-06],
  "conf_int_upper": [126.99058908034007, 0.41190105126316823, 0.0016157382569908514, 5.3119298387002063e-07],
  "fitted_values": [84.516917586908889, 87.270240242108713, 87.1162971381505, 90.154605470446612, 95.416653963578042, 97.573940437157844, 99.761976989444562, 99.492731741944894, 103.49949094476351, 105.93227432643468, 108.44987219444526, 108.63326700215539, 112.31587268818129, 114.01115270740166, 115.21194221570124, 117.54276435117693],
  "residuals": [-1.5169175869088936, 1.2297597578912836, 1.0837028618495095, -0.65460547044661055, 0.78334603642196288, 0.52605956284215383, -0.76197698944456227, 0.50726825805511255, -2.2994909447635097, -1.3322743264346804, -0.049872194445252704, 2.1667329978446022, 0.2841273118187122, 0.18884729259834138, 0.48805778429875379, -0.64276435117692299]
}
