{
  "dataset": "longley",
  "alpha": 0.05,
  "n": 16,
  "p": 6,
  "df_residuals": 9,
  "mse": 1.427111366865591,
  "train": {
    "predicted": [83.600815575293353, 86.949726784384666, 88.096771279652017, 90.730648614981988, 96.5355139147524, 97.830665492877955, 98.122324100208459, 99.877757056670958, 103.20861213154218, 105.08598261412347, 107.33368709022412, 109.57250942066243, 112.98358207057103, 113.92897848657856, 115.50214310337631, 117.54028226408616],
    "lower": [80.311101010245963, 83.765431997456034, 84.940835964178731, 87.470458607376273, 92.989860499385927, 94.589755234691538, 94.852815457947401, 96.563910732418989, 100.31912173598556, 101.71048834654938, 104.28616981640282, 106.41214471775436, 109.7954442826864, 110.93011028024655, 112.18179726777106, 114.00868753986273],
    "upper": [86.890530140340744, 90.134021571313298, 91.252706595125304, 93.990838622587702, 100.08116733011887, 101.07157575106437, 101.39183274246952, 103.19160338092293, 106.0981025270988, 108.46147688169755, 110.38120436404542, 112.7328741235705, 116.17171985845566, 116.92784669291056, 118.82248893898156, 121.07187698830958],
    "se_pred": [1.454237848345538, 1.407636409748804, 1.395099937074882, 1.441186342496844, 1.567377136157623, 1.432663614838156, 1.445305700253422, 1.464905435727053, 1.277316378841953, 1.492157274960467, 1.347173098288045, 1.397057974079398, 1.409335231130171, 1.32566748926616, 1.467778583295823, 1.561162408298409],
    "leverage": [0.4818799490087979, 0.3884272160219717, 0.3638065533042917, 0.4554001334606768, 0.7214291357971135, 0.4382374641084651, 0.463731994352317, 0.5037004016973655, 0.1432444373569203, 0.5601678922280952, 0.2717124948258778, 0.3676374726280588, 0.3917805153967353, 0.2314345838034087, 0.5096046598757114, 0.7078050961341923]
  },
  "extrapolation": {
    "new_x": {
      "GNP": [586.95450000000005, 715.19650000000001, 875.49900000000002],
      "Unemployed": [509.96000000000004, 627.40000000000009, 774.20000000000005],
      "Armed.Forces": [380.77999999999997, 466.29999999999995, 573.19999999999993],
      "Population": [132.32829999999998, 141.3175, 152.55399999999997],
      "Year": [1963.5, 1969.5, 1977],
      "Employed": [71.588999999999999, 75.741, 80.931000000000012]
    },
    "predicted": [125.27814839110205, 141.14546339153, 160.97960714206519],
    "lower": [116.07487769396707, 127.5772582651702, 141.83728376857687],
    "upper": [134.48141908823703, 154.7136685178898, 180.12193051555352],
    "se_pred": [4.068360398322062, 5.997905551166973, 8.46197758194271],
    "leverage": [10.597943030184069, 24.20817354270838, 49.174826057597329]
  }
}
