{
  "test": "wls",
  "method": "lm",
  "dataset": "longley",
  "formula": "GNP.deflator ~ GNP + Unemployed + Armed.Forces + Population + Year + Employed",
  "n": 16,
  "k": 6,
  "df_residual": 9,
  "df_model": 6,
  "variable_names": ["Intercept", "GNP", "Unemployed", "Armed.Forces", "Population", "Year", "Employed"],
  "coefficients": [2946.8563601696906, 0.26352724693236235, 0.036482913691927119, 0.01116105049443712, -1.7370298379335762, -1.4187985266905334, 0.23128785076102637],
  "std_errors": [5647.9765763418436, 0.10815103897373932, 0.030244981736879017, 0.015453486545788302, 0.67381526004668846, 2.9446024322663358, 1.3039408598163427],
  "t_stats": [0.52175435226014155, 2.4366594110700195, 1.2062468415195609, 0.72223510606277752, -2.5779021950515308, -0.48183025020411474, 0.1773760282299941],
  "p_values": [0.61443723366415803, 0.037569937619704938, 0.25847328582180584, 0.4884900489930446, 0.029798990280951971, 0.64142689142513276, 0.86314083280921794],
  "r_squared": 0.9926473958221339,
  "adj_r_squared": 0.98774565970355654,
  "f_statistic": 202.50935011781792,
  "f_p_value": 4.4257912443174576e-09,
  "mse": 1.4271113668655913,
  "rmse": 1.1946176655589817,
  "mae": 0.71067964816952511,
  "residual_std_error": 1.1946176655589817,
  "log_likelihood": -20.945322396865166,
  "aic": 57.890644793730331,
  "bic": 64.071354571648584,
  "conf_int_lower": [-9829.7543073184934, 0.018872599453850142, -0.031935988382854635, -0.023797164785323573, -3.2613058548509279, -8.079952010434841, -2.7184313051377629],
  "conf_int_upper": [15723.467027657873, 0.50818189441087458, 0.10490181576670887, 0.046119265774197817, -0.21275382101622475, 5.2423549570537737, 3.1810070066598159],
  "fitted_values": [83.600815575293652, 86.949726784385504, 88.096771279653353, 90.73064861498267, 96.535513914753366, 97.83066549287868, 98.122324100209298, 99.877757056672436, 103.20861213154321, 105.08598261412384, 107.33368709022469, 109.57250942066349, 112.98358207057224, 113.92897848657955, 115.5021431033768, 117.54028226408724],
  "residuals": [-0.60081557529365426, 1.5502732156144947, 0.10322872034664589, -1.2306486149826634, -0.33551391475336062, 0.26933450712131196, 0.87767589979070237, 0.12224294332755901, -2.0086121315432077, -0.48598261412384308, 1.0663129097753221, 1.2274905793365036, -0.38358207057224142, 0.27102151342044772, 0.1978568966232131, -0.64028226408722999],
  "weights": [1, 1, 1, 1, 1, 1, 1, 1, 1, 1, 1, 1, 1, 1, 1, 1]
}
