{
  "test": "polynomial",
  "method": "lm",
  "dataset": "longley",
  "formula": "GNP.deflator ~ poly(GNP, 2, raw=TRUE)",
  "degree": 2,
  "n": 16,
  "k": 2,
  "df_residual": 13,
  "df_model": 2,
  "variable_names": ["Intercept", "x^1", "x^2"],
  "coefficients": [48.437150773131904, 0.17068240008129926, -8.1024257525932615e-05],
  "std_errors": [5.3946808297529349, 0.02883395001205415, 3.6822165684569777e-05],
  "t_stats": [8.9786870255585125, 5.9194942076942212, -2.2004207525437756],
  "p_values": [6.1852194783720766e-07, 5.0712240610512998e-05, 0.046461606941582051],
  "r_squared": 0.98779489188902325,
  "adj_r_squared": 0.98591718294887298,
  "f_statistic": 526.06390200707506,
  "f_p_value": 3.6519144859760288e-13,
  "mse": 1.6400514270837614,
  "rmse": 1.2806449262319988,
  "mae": 0.95478798639986207,
  "residual_std_error": 1.2806449262319988,
  "log_likelihood": -24.999722407627679,
  "aic": 57.999444815255359,
  "bic": 61.089799704214485,
  "conf_int_lower": [36.782651396912975, 0.10839043823324253, -0.00016057371013395694],
  "conf_int_upper": [60.091650149350833, 0.232974361929356, -1.4748049179082927e-06],
  "fitted_values": [83.978629900583513, 87.263520712708043, 87.086870269576877, 90.450502522086779, 95.818579479408996, 97.907779325256342, 99.984698940546821, 99.730903780721789, 103.47777132530136, 105.74687523950951, 108.12567544667733, 108.30122236420041, 111.94732066108668, 113.75493911569684, 115.12488495346778, 118.19982596317092],
  "residuals": [-0.97862990058350985, 1.2364792872919543, 1.1131297304231271, -0.9505025220867741, 0.3814205205910095, 0.19222067474365265, -0.98469894054681983, 0.26909621927821015, -2.2777713253013565, -1.146875239509519, 0.27432455332266625, 2.4987776357995788, 0.65267933891332142, 0.44506088430315394, 0.57511504653222323, -1.299825963170917]
}
