{
  "dataset": "mtcars",
  "alpha": 0.05,
  "n": 32,
  "p": 10,
  "df_residuals": 21,
  "mse": 7.023544286507182,
  "train": {
    "predicted": [22.59950576126236, 22.111886079356644, 26.250644084798779, 21.237404546675727, 17.693434028697485, 20.383039035671572, 14.386256252780942, 22.496011884888667, 24.419089897562284, 18.699029942339486, 19.191654392144265, 14.172162110443375, 15.599573596009645, 15.742224699463122, 12.03401341512803, 10.936437710856175, 10.493629361834644, 27.772905807778351, 29.896738911311338, 29.512369095738769, 23.643103441605021, 16.94305322117609, 17.732181497829327, 13.3060219762018, 16.69167898869221, 28.293468693444595, 26.152953960868601, 27.636272582797243, 18.87004080286475, 19.693828154474758, 13.941118382059862, 24.368267683243772],
    "lower": [16.309503395364651, 15.851618850606053, 20.116351968275904, 15.130600978064054, 11.657240998491746, 14.142056190994417, 8.039976419824439, 16.139418670780792, 17.144295796366205, 12.109923545892261, 12.729316241405558, 7.880289895374657, 9.582020825816214, 9.645578308264419, 5.572561627515709, 4.630669942036823, 4.193518696252711, 21.788669446640757, 23.119902429203783, 23.392814611753735, 17.044582331461037, 10.86049467867886, 11.759392007211542, 6.76608633636414, 10.640926164863783, 22.40333455505807, 19.131123866582367, 21.043082740796713, 11.76216490197265, 13.19361781786775, 6.877169176795578, 18.107304319661139],
    "upper": [28.88950812716007, 28.372153308107237, 32.384936201321651, 27.344208115287401, 23.729627058903226, 26.624021880348728, 20.732536085737443, 28.852605098996541, 31.693883998758363, 25.28813633878671, 25.653992542882975, 20.464034325512095, 21.617126366203074, 21.838871090661826, 18.495465202740348, 17.242205479675526, 16.793740027416579, 33.757142168915941, 36.673575393418893, 35.631923579723804, 30.241624551749005, 23.025611763673318, 23.704970988447112, 19.84595761603946, 22.742431812520636, 34.183602831831124, 33.174784055154838, 34.229462424797774, 25.977916703756851, 26.194038491081766, 21.005067587324149, 30.629231046826405],
    "se_pred": [3.024601120945781, 3.010302727413491, 2.949726523544155, 2.936508421548493, 2.902554743761173, 3.001029667358459, 3.051662619503062, 3.056621896523415, 3.498146600456344, 3.16842783728921, 3.107470248441693, 3.025500253818815, 2.893591416237861, 2.931624256423934, 3.107044033195707, 3.032182048992406, 3.029461782798871, 2.87757093765704, 3.258699445230404, 2.942639807625619, 3.172954982422733, 2.924849994588166, 2.872066612635918, 3.144783660879142, 2.909555944325211, 2.83232108370476, 3.37650670680437, 3.170391396804673, 3.417882564550276, 3.125681411040131, 3.396760039453041, 3.010637469766649],
    "leverage": [0.3025064793000538, 0.2902207405571309, 0.2388170713773412, 0.2277393518242473, 0.1995117702490017, 0.2822840857809139, 0.3259181352586697, 0.3302311535580357, 0.7422869621243279, 0.4293260710827748, 0.3748573300094333, 0.3032809949590053, 0.19211482729744, 0.2236586586865816, 0.374480209765696, 0.3090439247168241, 0.3066962090735202, 0.1789509916176924, 0.5119321016805103, 0.2328717075306065, 0.4334135174205467, 0.2180100447685336, 0.1744450224745541, 0.4080731707965868, 0.2053053911002081, 0.1421644676761741, 0.6232256929021974, 0.4310982032593761, 0.6632515932872702, 0.3910191044271748, 0.6427573166713636, 0.2905076987662077]
  },
  "extrapolation": {
    "new_x": {
      "cyl": [8.4, 10, 12],
      "disp": [512.09000000000003, 672.45000000000005, 872.89999999999998],
      "hp": [363.30000000000001, 476.5, 618],
      "drat": [5.146999999999999, 6.015, 7.1],
      "wt": [5.8151, 7.3795, 9.335000000000001],
      "qsec": [23.739999999999998, 27.099999999999998, 31.299999999999997],
      "vs": [1.1, 1.5, 2],
      "am": [1.1, 1.5, 2],
      "gear": [5.2, 6, 7],
      "carb": [8.699999999999999, 11.5, 15]
    },
    "predicted": [17.124555861083035, 15.383754457354815, 13.207752702694538],
    "lower": [0.3735776156427413, -10.021534463160496, -23.294779707473506],
    "upper": [33.875534106523332, 40.789043377870129, 49.710285112862579],
    "se_pred": [8.054850321327615, 12.216349196234992, 17.552553087062208],
    "leverage": [8.237588751826154, 20.248415557235443, 42.865619309329027]
  }
}
