{
  "test_name": ["DFFITS (R - stats::dffits)"],
  "dataset": ["mtcars"],
  "formula": ["mpg ~ cyl + disp + hp + drat + wt + qsec + vs + am + gear + carb"],
  "dffits": [-0.4703364599141282, -0.31261369745947731, -0.86281138579554917, 0.037003357022869873, 0.2077161159188379, -0.63825641522677989, -0.026901447299801626, 0.61290616790210872, -2.0656879518173525, 0.21212555177914949, -0.50724999193183795, 0.66469948754825048, 0.34391412789069903, -0.12178811173409346, -0.59735581433428908, -0.15915495767290563, 1.360566891245055, 0.96756403530502433, 0.27215217621001431, 1.1156969871117097, -0.9432573036782278, -0.32018644650098343, -0.48467655924237085, -0.0023931356110817093, 0.54136550038192188, -0.16142596716150451, -0.11803770176053022, 1.2319641431062045, -3.0373747924556307, 0.0023336603498393545, 0.88451533280545314, -0.86768027012972271],
  "n": [32],
  "p": [11],
  "threshold": [1.1726039399558574],
  "influential_observations": [9, 17, 28, 29],
  "description": ["Measures influence of each observation on its fitted value."]
}
