{
  "test_name": ["Cook's Distance (R - stats::cooks.distance)"],
  "dataset": ["mtcars"],
  "formula": ["mpg ~ cyl + disp + hp + drat + wt + qsec + vs + am + gear + carb"],
  "distances": [0.020590976025402136, 0.0092183546491426578, 0.063524113298953175, 0.00013067065074413704, 0.0040831383850843369, 0.036970804961274632, 6.9074126970582712e-05, 0.034542010485431131, 0.37922064046888715, 0.0042823851641468512, 0.024044818311384501, 0.040137289680750754, 0.011016110394224309, 0.0014121793998337394, 0.033075695687597058, 0.0024110650173634362, 0.14612594147582991, 0.073563709018623469, 0.007045139084898502, 0.098603399994931923, 0.080261503532336825, 0.0096092577325978742, 0.02124257858266488, 5.466773143522617e-07, 0.026473846219852885, 0.00246798412934358, 0.0013293986544976014, 0.13168703078787339, 0.71352055311046769, 5.1984243043750274e-07, 0.073091378250165429, 0.065814166994604711],
  "p": [11],
  "mse": [7.0235442865071818],
  "threshold_4_over_n": [0.125],
  "threshold_4_over_df": [0.19047619047619047],
  "threshold_1": [1],
  "influential_4_over_n": [9, 17, 28, 29],
  "influential_4_over_df": [9, 29],
  "influential_1": [],
  "max_distance": [0.71352055311046769],
  "max_index": [29],
  "description": ["Measures influence of each observation on regression coefficients. D_i > 1 indicates high influence."]
}
