{
  "test": "polynomial",
  "method": "lm",
  "dataset": "mtcars",
  "formula": "mpg ~ poly(cyl, 2, raw=TRUE)",
  "degree": 2,
  "n": 32,
  "k": 2,
  "df_residual": 29,
  "df_model": 2,
  "variable_names": ["Intercept", "x^1", "x^2"],
  "coefficients": [47.338961038961266, -6.3077922077922963, 0.28474025974026707],
  "std_errors": [11.647139684276134, 4.1723016423399653, 0.34511392536679741],
  "t_stats": [4.0644280331650684, -1.5118255458286274, 0.82506163562550128],
  "p_values": [0.0003357617438586451, 0.14140000828284438, 0.41607205312785467],
  "r_squared": 0.7324600596255233,
  "adj_r_squared": 0.71400902925486975,
  "f_statistic": 39.697515255869071,
  "f_p_value": 4.9789191744001565e-09,
  "mse": 10.388365427675758,
  "rmse": 3.2230987306745287,
  "mae": 2.3595779220779165,
  "residual_std_error": 3.2230987306745287,
  "log_likelihood": -81.281975434307668,
  "aic": 170.56395086861534,
  "bic": 176.42689447981425,
  "conf_int_lower": [23.517885710619581, -14.841107202624954, -0.42109697033268056],
  "conf_int_upper": [71.160036367302951, 2.2255227870403615, 0.9905774898132147],
  "fitted_values": [19.742857142857257, 19.742857142857112, 26.663636363636364, 19.742857142857115, 15.100000000000001, 19.742857142857115, 15.100000000000001, 26.663636363636364, 26.663636363636364, 19.742857142857115, 19.742857142857115, 15.100000000000001, 15.100000000000001, 15.100000000000001, 15.100000000000001, 15.100000000000001, 15.100000000000001, 26.663636363636364, 26.663636363636364, 26.663636363636364, 26.663636363636364, 15.100000000000001, 15.100000000000001, 15.100000000000001, 15.100000000000001, 26.663636363636368, 26.663636363636368, 26.663636363636364, 15.100000000000001, 19.742857142857115, 15.100000000000001, 26.663636363636364],
  "residuals": [1.2571428571427437, 1.257142857142888, -3.8636363636363651, 1.6571428571428837, 3.5999999999999979, -1.6428571428571137, -0.80000000000000093, -2.2636363636363672, -3.8636363636363651, -0.54285714285711584, -1.9428571428571144, 1.2999999999999972, 2.1999999999999993, 0.099999999999997757, -4.700000000000002, -4.700000000000002, -0.40000000000000224, 5.7363636363636328, 3.7363636363636328, 7.2363636363636328, -5.1636363636363658, 0.39999999999999841, 0.099999999999997757, -1.8000000000000007, 4.099999999999997, 0.63636363636363458, -0.66363636363636602, 3.7363636363636328, 0.69999999999999907, -0.042857142857115588, -0.1000000000000015, -5.2636363636363672]
}
