{
  "test": "ols",
  "method": "lm",
  "dataset": "prostate",
  "formula": "lcavol ~ lweight + age + lbph + svi + lcp + gleason + pgg45 + lpsa",
  "n": 97,
  "k": 8,
  "df_residual": 88,
  "variable_names": ["Intercept", "lweight", "age", "lbph", "svi", "lcp", "gleason", "pgg45", "lpsa"],
  "coefficients": [-2.4206126774680246, -0.025925015953137062, 0.022113188606096356, -0.093138392766136224, -0.15296648397562748, 0.36717992735815708, 0.19724921786369332, -0.0071173479101555746, 0.56582597873970564],
  "std_errors": [1.2970274399030199, 0.21181657275542887, 0.011080045227358188, 0.058057668263154241, 0.25428873545773462, 0.081814300710056909, 0.15420665060122779, 0.0043309299976101931, 0.088064530566936597],
  "t_stats": [-1.866277152663028, -0.12239370893358296, 1.9957669984501316, -1.6042392943508144, -0.60154644168676541, 4.4879675578895704, 1.2791226389695207, -1.6433763450535859, 6.4251291081331479],
  "p_values": [0.065333347377450293, 0.90286630064381435, 0.0490516160504854, 0.11224448077435444, 0.54902266647497155, 2.1671829385215708e-05, 0.20421651738247612, 0.10387352009156715, 6.54821639161103e-09],
  "r_squared": 0.67627465549824228,
  "adj_r_squared": 0.64684507872535524,
  "f_statistic": 22.97942171296469,
  "f_p_value": 1.4520660426755401e-18,
  "mse": 0.4905874907751171,
  "std_error": 0.70041951056143281,
  "conf_int_lower": [-4.9981821631952146, -0.4468659441932748, 9.3927023896461792e-05, -0.20851580848123288, -0.65831191069151784, 0.20459119675881146, -0.10920409596568798, -0.015724161199699591, 0.39081622969291785],
  "conf_int_upper": [0.15695680825916547, 0.39501591228700067, 0.04413245018829625, 0.022239022948960435, 0.35237894274026282, 0.52976865795750272, 0.50370253169307455, 0.0014894653793884422, 0.74083572778649343],
  "residuals": [0.24708810356505984, -0.48177883539241528, -0.42335630305021993, -0.69245436620508161, 0.87616198666661638, -0.88787615177711843, 0.78228367209470318, 0.908171871218448, -0.6996675203264241, -0.061453170354580755, -0.1891299679343528, -1.4996422377601433, 0.92558001305081816, 0.76577656661114257, 0.347835599670762, 0.95936169069547073, -1.1153687194406727, 1.0504709484693084, -0.64866444688688973, -0.27082226078060295, 0.62100410958278995, 0.70953034140280047, -1.049543807441822, 0.58329791725301927, -0.13018465614260441, 0.79881604332995593, -0.14446009444436408, -0.94921542338025022, 0.20603188305017214, 0.50117647204717386, -0.42179508414912792, -0.38779091408205357, 0.51190850367430196, -0.62627210579205816, -1.077225350157456, 0.60647764388388492, -1.0306386332716968, -0.6098136296636022, 0.90756986473137713, -0.42893937990860548, -0.33012503966874424, 0.21923623121108948, -0.45049809244534544, -0.16440600165875122, 0.19151307414050001, 0.67117771952416028, 0.34061939910687095, -0.047065081246802434, 1.0362069977388075, -0.042677908373197446, -0.035863594204412666, 0.77885320337979758, -0.66793013610672258, 0.16522368696328907, 1.8650261306095204, 0.23383621459297241, -0.81271336692298324, -0.22457666585354177, -0.75315156464580069, 0.17503028852414934, -0.68481172114277233, 0.013292160398935115, 0.28058641586561439, 0.078160730148007895, 0.73816152546092739, 0.038787280586165152, 0.18610845946507182, 0.51897728017196065, -1.9171541883536576, -0.37116337976336933, -0.069000953757927599, -0.2849514843562202, -0.81695996270896343, -0.096898912991367409, 0.22489733194344469, 0.4887920271458065, 0.094639045006378042, 0.81850438273159665, -0.12806885788896616, 0.62784572448568288, -0.60669815519325521, -0.0013441554930518664, 0.14550120534669209, -0.075611548101039455, -0.58470820343118723, 0.56055749843733682, 0.6548718006162022, -0.48551993028742202, -0.17581219998480296, -0.76607990812076976, 1.1859845179626829, 0.87690386105563767, -0.048727274001613335, 0.8504493088798476, -0.83429231898103262, -0.28738533781025483, -0.77799773066083566],
  "vif": [
    {
      "variable": "lweight",
      "vif": 1.6113739154996951,
      "rsquared": 0.37941157518992419
    },
    {
      "variable": "age",
      "vif": 1.3316217814105697,
      "rsquared": 0.24903601461015989
    },
    {
      "variable": "lbph",
      "vif": 1.3883309400165065,
      "rsquared": 0.27971064306316584
    },
    {
      "variable": "svi",
      "vif": 2.1686972403068641,
      "rsquared": 0.53889368169320717
    },
    {
      "variable": "lcp",
      "vif": 2.5608410842512401,
      "rsquared": 0.6095032971199037
    },
    {
      "variable": "gleason",
      "vif": 2.4265915572546639,
      "rsquared": 0.58789933270378847
    },
    {
      "variable": "pgg45",
      "vif": 2.9197090045322507,
      "rsquared": 0.65750011441287315
    },
    {
      "variable": "lpsa",
      "vif": 2.0221626339199319,
      "rsquared": 0.50547993359885446
    }
  ]
}
