{
  "test": "polynomial",
  "method": "lm",
  "dataset": "prostate",
  "formula": "lcavol ~ poly(lweight, 3, raw=TRUE)",
  "degree": 3,
  "n": 97,
  "k": 3,
  "df_residual": 93,
  "df_model": 3,
  "variable_names": ["Intercept", "x^1", "x^2", "x^3"],
  "coefficients": [11.10911755360836, -12.171372843618428, 4.2164769702231037, -0.43966895301676473],
  "std_errors": [26.058034167177173, 22.017664564608069, 6.1343274776194434, 0.56336156246554847],
  "t_stats": [0.42632216545335022, -0.55280035754487333, 0.68735765829368434, -0.78043832293519677],
  "p_values": [0.67085827202617754, 0.58172644225886061, 0.49356798250075518, 0.43711483370461213],
  "r_squared": 0.10286960102498853,
  "adj_r_squared": 0.07392991073547206,
  "f_statistic": 3.5546199698707004,
  "f_p_value": 0.017340563399180917,
  "mse": 1.2864563793544166,
  "rmse": 1.1342206043598471,
  "mae": 0.91390067512326523,
  "residual_std_error": 1.1342206043598471,
  "log_likelihood": -147.81136579862937,
  "aic": 305.62273159725873,
  "bic": 318.49628648977563,
  "conf_int_lower": [-40.636973973857522, -55.894091083674873, -7.9650816646250231, -1.5583933658935487],
  "conf_int_upper": [62.85520908107425, 31.551345396438016, 16.398035605071229, 0.67905545986001914],
  "fitted_values": [0.40174920651374002, 1.0859664893123822, 0.32197477390600848, 1.0383395505825106, 1.2284409858356076, 0.968050775151996, 1.2786655938531188, 1.3565604386680943, 1.3565604386680947, 0.98856792815607863, 1.429035593478913, 1.4230796763704754, 0.70108355201678318, 0.67000570686709382, 1.2403168342035507, 0.74980445154551933, 1.3292382722856029, 1.4771193695417875, 1.0186901433166757, 1.6387889484743139, 1.2123347843325698, 1.3115858254908064, 1.1578041161713881, 1.2520212897120215, 1.495634696200256, 0.8319129281327674, 1.5469239446797087, 1.6693136162901954, 0.83761915017066357, 1.1578041161713881, 1.7806548673309679, 1.6219694987065587, 0.71950171578943944, 1.018690143316676, 0.95243493044294103, 1.7871599312697608, 1.4851442647657496, 0.095615024742869259, 1.7793440123310806, 0.68870876024336491, 0.85460895457088837, 1.5109312280088609, 1.6693136162901956, 1.6906219371112894, 1.2000486005914415, 1.179176591381091, 1.7463441699990674, 1.7631471219013566, 1.3080013948612139, 1.3891564776115841, 1.7454823029060722, 1.7914826731726654, 1.460660209348144, 1.7874544007701809, 1.3292382722856029, 1.783465867755929, 0.50848545569849801, 1.5881183217777224, 1.7936299667996218, 1.6585390808957339, 1.6328669560867146, 1.5469239446797087, 1.3396161702612195, 1.70352806440995, 1.4493803495741491, 1.6472175279359236, 1.6781238679741477, 1.7688741696389623, 1.728046602556808, 1.2503423581018918, 1.4170591784009439, 1.113526926957167, 1.6387889484743137, 0.97835307460697563, 1.6569552811603543, 1.0137235657932897, 1.7111293365117803, 1.7573426030003283, 1.4048230027979425, 1.6370688151766257, 0.76178412831738029, 1.2786655938531188, 1.6851721314679708, 1.6488686826999885, 1.5376337006185929, 1.3327147902310104, 1.5582295320786028, 1.1491118815714314, 1.3670356735984002, 1.523280759451082, 1.7834590675364372, 1.5058909395450455, 1.6766826239873136, 1.6906219371112892, 1.1833912443944927, 1.596192873555216, 1.7363800141067465],
  "residuals": [-0.98156770151374007, -2.080218762312382, -0.83280039790600846, -2.2423123545825105, -0.47702489683560756, -2.0178728991519961, -0.54150152785311889, -0.66341325766809423, -2.1330892276680946, -0.76542437715607869, -1.1743933754789129, -2.7701533243704755, 0.91234638198321683, 0.80704301713290627, -0.034346027203550657, 0.79135462045448057, -1.7447537162856028, 0.81136679945821244, -1.5808090613166759, -1.4564673914743138, -0.064932331332569815, 0.74765300850919347, -1.7025312911713881, 0.52968784328797847, -1.1103722952002562, 0.61500605486723259, -1.0341003186797089, -2.0697911832901954, 0.20265756182933647, 1.2518400488286119, -1.495475925330968, -1.4396479417065586, 0.55586108421056046, -1.008739812316676, -0.96248526644294108, -0.4788271112697608, -0.062035930765749696, 0.36180982225713076, 0.88161458166891904, 0.10879843575663505, -0.23403246657088839, -0.068729235008860787, -1.0870979962901957, 0.08093482488871058, 0.28609109540855843, 0.48474950661890892, 0.98150865800093279, -0.5999963119013566, 0.43771413613878618, -0.16832655661158413, -0.6535590019060723, -0.13135164617266532, -0.94783658334814391, 0.33958611922981902, 1.8243520857143973, -0.5165182647559291, 0.46607418430150194, -1.1243843057777223, -1.2513056757996217, -0.597282578895734, -1.1754421090867146, 0.45049376132029118, 1.4360926797387805, 0.33117758359005012, 0.62379157942585084, -0.18860250493592368, 0.34474732202585229, 0.42946090236103751, -2.1743337055568079, -0.056419890101891731, 0.44702095259905594, 0.046493990042832903, -0.42387620447431368, 0.86060799639302432, 1.3422708818396456, 2.1274069102067101, 0.29976566248821956, 0.78031461199967167, 1.2434771942020577, 1.1423713818233743, 0.70609021968261976, 1.2349904691468812, 0.92783452053202942, 1.0287223113000115, 0.024712604381407002, 1.9701344687689895, 0.46596353492139742, 0.58254366342856856, 1.4405581574016, 0.039065545548917849, 1.4630319244635628, 1.0270119084549545, 1.1535852100126862, 2.130381669888711, 1.7240561146055071, 1.2863707014447838, 1.7355864388932534]
}
