{
  "test": "polynomial",
  "method": "lm",
  "dataset": "prostate",
  "formula": "lcavol ~ poly(lweight, 2, raw=TRUE)",
  "degree": 2,
  "n": 97,
  "k": 2,
  "df_residual": 94,
  "df_model": 2,
  "variable_names": ["Intercept", "x^1", "x^2"],
  "coefficients": [-8.7836915190418789, 4.8543393651185456, -0.56044428050553496],
  "std_errors": [5.4033274727433751, 2.9700709467119943, 0.40603838067466991],
  "t_stats": [-1.6256078431948577, 1.6344186560568605, -1.3802741493902757],
  "p_values": [0.10738132093683027, 0.10551577394404896, 0.17077598475552427],
  "r_squared": 0.096994033817313738,
  "adj_r_squared": 0.07778114091980981,
  "f_statistic": 5.048382580111852,
  "f_p_value": 0.0082691168076012202,
  "mse": 1.2811064175141216,
  "rmse": 1.1318597163580484,
  "mae": 0.91793311599417338,
  "residual_std_error": 1.1318597163580484,
  "log_likelihood": -148.12797072594972,
  "aic": 304.25594145189945,
  "bic": 314.55478536591295,
  "conf_int_lower": [-19.512124880255683, -1.0428061235850574, -1.366643003632648],
  "conf_int_upper": [1.9447418421719274, 10.751484853822149, 0.24575444262157808],
  "fitted_values": [0.36164897078848146, 1.154850319300663, 0.22133571142307773, 1.112338445332868, 1.2755144298299403, 1.0473161611844015, 1.3159999681538634, 1.3769709333973035, 1.3769709333973035, 1.0665923418719672, 1.4319523270982666, 1.4274908986145618, 0.76913630143809242, 0.73268453987254933, 1.2851761112044804, 0.82430874326089787, 1.3558218921123775, 1.4676388617186427, 1.0944453000059169, 1.5847189749850061, 1.262320129364559, 1.3420244852673235, 1.2168355512069025, 1.2946438224205554, 1.481236428938705, 0.9124422843554385, 1.5185597823512027, 1.6067979687039233, 0.91836159526160199, 1.2168355512069025, 1.6954341135319293, 1.5726119434434445, 0.7902660306335384, 1.0944453000059167, 1.0324731676052128, 1.702945815849314, 1.4735413757768614, -0.41609762109302767, 1.6940624376471254, 0.75474473614316573, 0.9358382535964026, 1.4924168177658872, 1.6067979687039236, 1.6223765803256702, 1.2521832523806105, 1.2348159846300568, 1.6648568990053056, 1.6788898238334602, 1.3392096581946202, 1.4018910852601025, 1.6641626066425168, 1.7227232588021655, 1.455486948487112, 1.7033280924424634, 1.3558218921123775, 1.726445961482487, 0.52382672769239547, 1.5482706841553384, 1.7148387660185009, 1.5989814971566494, 1.70685545342495, 1.5185597823512025, 1.3638840171413522, 1.6319264895859498, 1.4471216310480708, 1.5907975257431888, 1.6132164048206901, 1.6839831172123452, 1.7244964823777309, 1.6146026217637441, 1.4229712887846622, 1.1789229300397932, 1.5847189749850059, 1.0570268838648089, 1.5978350294222046, 1.0898886068572673, 1.7219395366280716, 1.727562014875013, 1.413754468774902, 1.5834795904095247, 0.83753032081960532, 1.3159999681538634, 1.6183732168857117, 1.5919895755683049, 1.5118316860136565, 1.3585266620504231, 1.5267316139561142, 1.2094643917783876, 1.643836122827268, 1.5014110476152283, 1.698499723458941, 1.4887378713376795, 1.6121644902066952, 1.6223765803256698, 1.2383380237319794, 1.5540785898360305, 1.6569367500246577],
  "residuals": [-0.94146746578848151, -2.1491025923006628, -0.73216133542307771, -2.3163112493328679, -0.52409834082994022, -2.0971382851844016, -0.57883590215386338, -0.68382375239730353, -2.1534997223973034, -0.84344879087196711, -1.1773101090982665, -2.7745645466145619, 0.84429363256190759, 0.74436418412745076, -0.079205304204480548, 0.71685032873910204, -1.7713373361123774, 0.82084730728135724, -1.656564218005917, -1.4023974179850061, -0.11491767636455899, 0.7172143487326762, -1.7615627262069025, 0.48706531057944435, -1.0959740279387049, 0.53447669864456149, -1.0057361563512026, -2.0072755357039234, 0.12191511673839807, 1.1928086137930975, -1.4102551715319294, -1.3902903864434444, 0.48509676936646151, -1.0844949690059167, -1.0425235036052127, -0.3946129958493142, -0.050433041776861559, 0.87352246809302769, 0.96689615635287429, 0.042762459856834231, -0.31526176559640262, -0.050214824765887102, -1.0245823487039234, 0.14918018167432973, 0.2339564436193895, 0.42911011336994298, 1.0629959289946944, -0.5157390138334601, 0.40650587280537992, -0.1810611642601026, -0.57223930564251679, -0.062592231802165457, -0.94266332248711204, 0.42371242755753646, 1.7977684658876227, -0.4594983584824871, 0.45073291230760448, -1.0845366681553383, -1.1725144750185008, -0.53772499515664951, -1.2494306064249501, 0.47885792364879753, 1.4118248328586478, 0.40277915841405032, 0.62605029795192901, -0.13218250274318893, 0.40965478517930998, 0.51435195478765483, -2.1707835853777309, -0.42068015376374424, 0.44110884221533775, -0.018902013039793192, -0.36980623098500587, 0.78193418713519114, 1.4013911335777953, 2.0512418691427325, 0.28895546237192832, 0.8100952001249867, 1.2345457282250982, 1.1959606065904753, 0.63034402718039473, 1.1976560948461366, 0.99463343511428837, 1.0856014184316951, 0.050514618986343421, 1.9443225969495768, 0.497461453043886, 0.52219115322161236, 1.1637577081727322, 0.06093525738477161, 1.5479912685410591, 1.0441649766623204, 1.2181033437933046, 2.1986270266743304, 1.6691093352680204, 1.3284849851639693, 1.8150297029753422]
}
