{
  "test_name": ["Cook's Distance (R - stats::cooks.distance)"],
  "dataset": ["prostate"],
  "formula": ["lcavol ~ lweight + age + lbph + svi + lcp + gleason + pgg45 + lpsa"],
  "distances": [0.0020552983730466974, 0.0051570294622201212, 0.0084043487291880683, 0.010439400959311019, 0.011835344225904355, 0.013448438634845057, 0.0068311105343341243, 0.014400561704473049, 0.011988606644825569, 3.8665008427620997e-05, 0.00040635627331130401, 0.022333921407974855, 0.0092257657228577549, 0.010955505162608516, 0.0017915698283330497, 0.013340503562731634, 0.011455207963484379, 0.023446075787505342, 0.01399303442638148, 0.00087042328727416447, 0.0031075377302455876, 0.013657282483763349, 0.0072437181146357416, 0.0073240601576093477, 0.00018516317988319202, 0.0095337905661118591, 0.00076405711481314766, 0.010528255624223236, 0.0016784581778777176, 0.011293711166462193, 0.0023110843752130014, 0.0014005032499505273, 0.0073627504126649772, 0.0041875628051615526, 0.013174657917587283, 0.0075087324577655917, 0.072405480794659319, 0.016907445781542501, 0.029504093474845235, 0.0043510333282424729, 0.010242806758948335, 0.00075245363987479967, 0.002204830237542579, 0.00070277989044391375, 0.00040029056481260817, 0.0045392299266915192, 0.0082641482026325017, 1.9785489735492544e-05, 0.034347868803841441, 2.5686742637669575e-05, 3.9278380359030004e-05, 0.0089059648837201359, 0.010850798033491425, 0.00055125336840205889, 0.055150454320574777, 0.00095761692161749012, 0.026399456169149724, 0.0013254499816747866, 0.008066914631869317, 0.00046512950149253413, 0.010852511492094737, 4.5436125080971192e-06, 0.0048449401854067332, 0.00018248486503341963, 0.008263210159427211, 1.2216609623831694e-05, 0.00099194083456146916, 0.0040606356761215996, 0.13248234424285515, 0.004937365661422082, 9.5194194069806338e-05, 0.002473911104070249, 0.018125166291179658, 0.00065408208245301669, 0.0013938881166628237, 0.0057104553456614401, 0.00022975023564436351, 0.018729217010426444, 0.00043750777404723485, 0.0087154871390263192, 0.0096471975079155097, 8.0548843006484992e-08, 0.00058769427373736181, 0.00030720165337714839, 0.005980222720211377, 0.0059533017374555535, 0.0096860201150462556, 0.00519782178071709, 0.0017325550708600138, 0.022043817098225338, 0.056902708275698433, 0.051059837319402425, 5.5412845243471769e-05, 0.040172949595310009, 0.042952324057642662, 0.0041421712340414243, 0.029517573097384057],
  "p": [9],
  "mse": [0.4905874907751171],
  "threshold_4_over_n": [0.041237113402061855],
  "threshold_4_over_df": [0.045454545454545456],
  "threshold_1": [1],
  "influential_4_over_n": [37, 55, 69, 91, 92, 95],
  "influential_4_over_df": [37, 55, 69, 91, 92],
  "influential_1": [],
  "max_distance": [0.13248234424285515],
  "max_index": [69],
  "description": ["Measures influence of each observation on regression coefficients. D_i > 1 indicates high influence."]
}
