{
  "dataset": "prostate",
  "alpha": 0.05,
  "n": 97,
  "p": 8,
  "df_residuals": 88,
  "mse": 0.4905874907751171,
  "train": {
    "predicted": [-0.826906598565098, -0.5124734376075882, -0.08746932094978481, -0.5115184377949226, -0.1247458976666223, -0.1619459722228845, -0.04511960609470689, -0.215024690218452, -0.07686126867358212, 0.284596721354577, 0.4437721859343489, 0.1525685897601394, 0.687849920949178, 0.7112721573888541, 0.858135207329234, 0.5817973813045254, 0.6998532754406692, 1.238015220530688, 0.08654552888688594, 0.4531438177805984, 0.5263983434172064, 1.349708492597195, 0.5048166324418186, 1.198411215746977, 0.5154470571426006, 0.6481029396700403, 0.65728372044436, 0.548737856380246, 0.8342448289498241, 1.908467692952823, 0.706974026149124, 0.5701124710820495, 0.7634542963256947, 0.6362224367920544, 1.067175014157453, 0.7018551761161109, 2.453746967271692, 1.067238476663599, 1.753388729268619, 1.226446575908602, 0.9507015276687405, 1.222965761788907, 1.032713712445342, 1.935962763658747, 1.294626621859496, 0.9927483784758365, 2.387233428893125, 1.210215891246798, 0.7095085332611892, 1.263507829373194, 1.127786895204409, 0.8812778236201984, 1.180753762106719, 1.961816833036707, 1.288564227390477, 1.033111388407023, 1.78727300692298, 0.6883106818535381, 1.295475855645797, 0.886226213475847, 1.142236568142769, 1.984125545601061, 2.495122434134382, 1.956544917851989, 1.335010403539069, 1.419827742413831, 1.836762730534924, 1.679357791828035, 1.470867085353654, 1.565085847763365, 1.933081084757924, 1.444972401356217, 2.03187270670896, 1.935859983991365, 2.774328831056552, 2.65233844885419, 1.916255953993618, 1.719152832268399, 2.776369054888963, 2.151594472514313, 2.074572503193252, 2.515000218493048, 2.467505446653305, 2.753202542101035, 2.147054508431184, 2.74229176056266, 1.369321266383795, 2.217175475287419, 2.983406030984799, 2.328426213120767, 2.060506474037313, 1.65599898694436, 2.87899510800161, 2.97055429812015, 3.741739677981029, 3.169948912810252, 4.249964183660833],
    "lower": [-2.297441378422003, -1.960735046401191, -1.57995593431286, -1.958836953854513, -1.557921488859648, -1.598910169775852, -1.46799896213877, -1.652898052074427, -1.529830646779282, -1.135948436475623, -0.9796017113734019, -1.267191972570663, -0.7340399154925155, -0.7293416738126577, -0.5736081545871651, -0.8492054005361436, -0.7180458611542675, -0.2081867188076441, -1.383252566372479, -0.9714919165614446, -0.8884911064503538, -0.1085402904924093, -0.9061032121744204, -0.2483860659288795, -0.9068367136444033, -0.7839542350129763, -0.8184573213024, -0.8754449263534069, -0.6464792902957577, 0.4189691004373044, -0.7204159505522856, -0.8480583914191706, -0.6966839637641531, -0.7854343154642509, -0.3561818971797968, -0.7425560022513189, 0.9321223945230468, -0.4230454761461122, 0.2790286633589034, -0.2247970929140315, -0.5991742969618148, -0.2107642086240411, -0.3894156092379553, 0.4799463691727259, -0.1276282655127376, -0.427384088300799, 0.8619027476304932, -0.2069664009746157, -0.7579789848718932, -0.1665623235809399, -0.3370058641189355, -0.5501674833278754, -0.271873177547943, 0.5178849489076711, -0.1456316288712931, -0.4048826697054078, 0.3058349628994119, -0.7682630936388715, -0.1348773683501296, -0.5463995874106029, -0.3079571271661947, 0.5286774384373489, 0.9818950778901898, 0.4930091601383007, -0.09757428583991778, 0.004773704356370478, 0.3755778824619638, 0.2469814865167654, -0.003886628063187958, 0.09069070481680841, 0.4895823793060903, -0.01968811082498401, 0.5735676989910161, 0.4124114733360218, 1.315237078959009, 1.200573685059712, 0.4609376223458646, 0.2592872162247897, 1.319014110826368, 0.7035607927930341, 0.6181403172134672, 1.026099826964762, 1.00802141767946, 1.250621056035157, 0.7091086983240602, 1.30109318663341, -0.07971286812761647, 0.7692682744934567, 1.477571988518927, 0.8510508973751054, 0.5782618526377374, 0.13655659487644, 1.428392890936099, 1.465425913382513, 2.228290429681662, 1.672554363719917, 2.754633725946931],
    "upper": [0.6436281812918069, 0.9357881711860149, 1.40501729241329, 0.9358000782646675, 1.308429693526403, 1.275018225330083, 1.377759749949356, 1.222848671637523, 1.376108109432118, 1.705141879184777, 1.8671460832421, 1.572329152090942, 2.109739757390871, 2.151885988590366, 2.289878569245633, 2.012800163145195, 2.117752412035606, 2.68421715986902, 1.55634362414625, 1.877779552122641, 1.941287793284767, 2.8079572756868, 1.915736477058058, 2.645208497422833, 1.937730827929605, 2.080160114353057, 2.13302476219112, 1.972920639113899, 2.314968948195406, 3.397966285468341, 2.134364002850534, 1.98828333358327, 2.223592556415543, 2.05787918904836, 2.490531925494702, 2.146266354483541, 3.975371540020338, 2.557522429473311, 3.227748795178335, 2.677690244731235, 2.500577352299296, 2.656695732201855, 2.454843034128638, 3.391979158144768, 2.71688150923173, 2.412880845252472, 3.912564110155757, 2.627398183468213, 2.176996051394272, 2.693577982327328, 2.592579654527754, 2.312723130568272, 2.63338070176138, 3.405748717165742, 2.722760083652247, 2.471105446519454, 3.268711050946548, 2.144884457345948, 2.725829079641724, 2.318852014362297, 2.592430263451732, 3.439573652764773, 4.008349790378574, 3.420080675565678, 2.767595092918055, 2.834881780471291, 3.297947578607885, 3.111734097139304, 2.945620798770495, 3.039480990709921, 3.376579790209758, 2.909632913537417, 3.490177714426903, 3.459308494646708, 4.233420583154095, 4.104103212648668, 3.371574285641371, 3.179018448312009, 4.233723998951558, 3.599628152235592, 3.531004689173036, 4.003900610021335, 3.926989475627149, 4.255784028166913, 3.585000318538307, 4.183490334491911, 2.818355400895206, 3.665082676081381, 4.489240073450671, 3.805801528866428, 3.542751095436889, 3.17544137901228, 4.329597325067121, 4.475682682857787, 5.255188926280397, 4.667343461900587, 5.745294641374734],
    "se_pred": [0.7399699489645574, 0.728762137030594, 0.7510160645285987, 0.7282875747884656, 0.7211708853125868, 0.7230773039115987, 0.7159898418567862, 0.7235347934399742, 0.7311310764567991, 0.714815278319191, 0.7162386939605682, 0.7144204715457644, 0.7154919177140223, 0.7249137917401394, 0.7204501906107358, 0.7200775323041464, 0.7134838061056558, 0.7277257157758383, 0.7395992508542438, 0.7168736476513321, 0.7119693381960474, 0.7337876617276918, 0.7099718413428852, 0.7280252907638963, 0.7156901446321392, 0.7206081005222041, 0.742589728787316, 0.7166457233729439, 0.7450972027029267, 0.7495124988432722, 0.7182595765025318, 0.713620537999222, 0.7347384425039043, 0.7153746302515774, 0.7162301466566231, 0.7268246086939817, 0.7656782232308705, 0.7499076904598007, 0.7418948247063949, 0.7302627032448153, 0.7798941926180588, 0.721449847747677, 0.7156124261742332, 0.7326643285677491, 0.7156756105597418, 0.7146076130656881, 0.767543129090641, 0.713123091553537, 0.7384365733972849, 0.7196082354476385, 0.7370805765407485, 0.7203002099895893, 0.7309587621622927, 0.7265834288606433, 0.7216842805081246, 0.7235955275374971, 0.7454564481208302, 0.7329448014953535, 0.719750676189074, 0.7208942320088564, 0.7297343588234749, 0.7323783676053519, 0.761452761886223, 0.7364480560252962, 0.7208735447864281, 0.7120521586203917, 0.7352650833335254, 0.7207686863702479, 0.7420929072881524, 0.7419124753961419, 0.7263654542788432, 0.7370140300623088, 0.7338159538401483, 0.7665960248757012, 0.7342118419254859, 0.7305249171176209, 0.73231306484391, 0.7346012486042812, 0.7333378838453467, 0.7286474436099926, 0.7328735539561141, 0.7492114853888089, 0.7344092348087508, 0.7560957828331355, 0.7235712492446513, 0.7252080330272744, 0.7291508703157977, 0.7285837996848888, 0.7577324622413852, 0.7434120919603099, 0.7458623161274464, 0.7645801545900828, 0.7299399260956564, 0.7573773767851955, 0.761564417492736, 0.7534857272658341, 0.752447080909829],