{
  "test_name": ["DFFITS (R - stats::dffits)"],
  "dataset": ["prostate"],
  "formula": ["lcavol ~ lweight + age + lbph + svi + lcp + gleason + pgg45 + lpsa"],
  "dffits": [0.13533953867999718, -0.21484025043261268, -0.27412862218671713, -0.30663246256180582, 0.3276254296213168, -0.34935075533368032, 0.2483889966744153, 0.36167815668558995, -0.3286590214024846, -0.018548911052909872, -0.060156372784523175, -0.45839702684156686, 0.28952974322176978, 0.31452470202024246, 0.12644551132265106, 0.34849034018755976, -0.3241474183126507, 0.46322246997261057, -0.35481352987901005, -0.088083074732492508, 0.16705656159887833, 0.35086971903109215, -0.25727253683752282, 0.25638017247814388, -0.04059813239826407, 0.2935677342949306, -0.082474999256572368, -0.30947486824549408, 0.12227588867577312, 0.3180832089041063, -0.14371200391180183, -0.11183283895922047, 0.25682052029656022, -0.19395091777258014, -0.34730652179953742, 0.25967860286857086, -0.81520344560810332, -0.38983487591596244, 0.51802538251610997, -0.1972203747406977, -0.30239271532394846, 0.081872305642454277, -0.14040978533110154, -0.079104165028064555, 0.059706317621309749, 0.20207198601854456, 0.27162520361900166, -0.013268581994955684, 0.56073100137756648, -0.015118327971981, -0.018694918609707057, 0.28362334884302337, -0.3124985031852392, 0.070058985451727271, 0.73266974928057116, 0.092369909182814319, -0.48899219135096395, -0.10866801032340785, -0.2697967726746936, 0.064356195059003349, -0.31260748031591579, 0.0063583022431927764, 0.20785875314691474, 0.040298355697970814, 0.27299015075154204, 0.010426120085141976, 0.093988888716448532, 0.19071328278276345, -1.1425646352296257, -0.20997994924228897, -0.029105206139828768, -0.14852157064412072, -0.40507277128160846, -0.076298246658058178, 0.11143868716009298, 0.22609779693266693, 0.045218610249894049, 0.41179029879499285, -0.06240562407654409, 0.27987013355920881, -0.29437109105889947, -0.00084658234818157062, 0.072332511689774462, -0.052286042663932296, -0.23165922745563389, 0.23106193140091585, 0.29517479474867298, -0.21569781387017187, -0.12421399923181103, -0.44636387709810005, 0.72532532468165589, 0.68158056440300141, -0.022205360984396228, 0.60399068701684988, -0.62439112231633043, -0.19219720595327461, -0.51678396274305005],
  "n": [97],
  "p": [9],
  "threshold": [0.60920769908017147],
  "influential_observations": [37, 55, 69, 91, 92, 95],
  "description": ["Measures influence of each observation on its fitted value."]
}
