{
  "housing_regression": {
    "coefficients": [52.1271333428972, 0.161387718586812, 0.954549248889318, -1.18118145599911],
    "std_errors": [31.1820180872201, 0.0187507236960712, 10.444001984299, 0.732199491632294],
    "t_stats": [1.67170492933109, 8.60701278535863, 0.0913968850565461, -1.6131962252062],
    "p_values": [0.109418461269093, 2.50022655583166e-08, 0.928043464301556, 0.12162935024292],
    "r_squared": 0.9826995081,
    "adj_r_squared": 0.9802280093,
    "f_statistic": 397.6127738935,
    "f_p_value": 0.00000000000000000119,
    "mse": 206.2714359301,
    "std_error": 14.3621529002,
    "conf_int_lower": [-12.7194231778347, 0.122393453989799, -20.7649418720223, -2.7038736559002],
    "conf_int_upper": [116.973689863629, 0.200381983183825, 22.6740403698009, 0.341510743901973],
    "residuals": [14.5616784462475, -21.8314092347246, 20.5749719018309, -11.7699476668071, -0.653521392449249, -8.34659004008861, -18.4390931661864, 5.87687128158147, -16.9029349737769, -14.9122465658107, 38.345233138557, 4.05026511116709, 3.8357071532573, 9.06418141420489, 0.692655675152397, 3.17323354294474, 10.4040880435655, -9.18197662006417, -3.85086965951232, 8.7651864532373, -10.8829816590966, -3.85690667115484, 6.92555832050325, -7.96292464946475, 2.32177181688691],
    "standardized_residuals": [1.13093460363604, -1.66535489741005, 1.52611192739974, -0.93658556172992, -0.0512477705612752, -0.62271627908605, -1.41630592970685, 0.495254985329106, -1.22187388101162, -1.16068971458471, 2.82410208059626, 0.313445878623784, 0.280973071413948, 0.646999963108689, 0.0520947423975378, 0.248998169533416, 0.763651728333752, -0.686548403076893, -0.295576256410766, 0.637546885856169, -0.810013253533436, -0.285945704653729, 0.608689014057229, -0.613061366579985, 0.169172548285629],
    "leverage": [],
    "vif": [{"variable": "Square_Feet", "vif": 12.8270434457, "rsquared": 0.9220397121}, {"variable": "Bedrooms", "vif": 10.8722119387, "rsquared": 0.9080223964}, {"variable": "Age", "vif": 5.4376925501, "rsquared": 0.8160984663}],
    "rainbow": {"statistic": 0.5383212294, "p_value": 0.8457383682, "passed": true},
    "harvey_collier": {"statistic": 0.2495937731, "p_value": 0.8054471141, "passed": true},
    "breusch_pagan": {"statistic": 0.9432509286, "p_value": 0.8149797783, "passed": true},
    "white": {"statistic": 1.4972566635, "p_value": 0.9596765823, "passed": true},
    "jarque_bera": {"statistic": 3.1011255747, "p_value": 0.2121285570, "passed": true},
    "durbin_watson": {"statistic": 2.5824604507, "p_value": 0.9567359965, "passed": true},
    "n": 25,
    "k": 3,
    "df": 21
  }
}
