{
  "test": "wls",
  "method": "lm",
  "dataset": "synthetic_interaction",
  "formula": "x1 ~ x2 + y",
  "n": 100,
  "k": 2,
  "df_residual": 97,
  "df_model": 2,
  "variable_names": ["Intercept", "x2", "y"],
  "coefficients": [2.7215148637937978, -0.76961724050717273, 0.19242509411577519],
  "std_errors": [0.18367196264658706, 0.043222011885342394, 0.0060296592102019216],
  "t_stats": [14.817258032084126, -17.806141059531939, 31.913096148153826],
  "p_values": [1.1799746135721787e-26, 2.4830887806000126e-32, 3.0475673352245625e-53],
  "r_squared": 0.91766970721646179,
  "adj_r_squared": 0.9159721754064919,
  "f_statistic": 540.59058088151846,
  "f_p_value": 2.5388877665207087e-53,
  "mse": 0.71209412476584277,
  "rmse": 0.84385669681874464,
  "mae": 0.64049722142623766,
  "residual_std_error": 0.84385669681874464,
  "log_likelihood": -123.39363401609819,
  "aic": 254.78726803219638,
  "bic": 265.20794877614873,
  "conf_int_lower": [2.3569768609084218, -0.85540096964218382, 0.18045788967752466],
  "conf_int_upper": [3.0860528666791738, -0.68383351137216164, 0.20439229855402571],
  "fitted_values": [2.5869397043819298, 6.8951737458859892, 10.381904504739536, 5.3411289196010134, 10.551118896683551, 1.3138855357152934, 3.7284198932584212, 2.4513966128735074, 6.9809939973002244, 7.3577084859877377, 1.733289870408572, 6.1574372126430106, 3.3698003547767064, 5.0875002331777273, 4.4893641278068523, 9.0569538556332052, 6.1193700413741379, 2.8814949636805434, 3.0812105651962076, 1.1359532034233977, 3.3341484450212149, 1.8425356789746978, 9.0475329224112162, 5.1327208198677354, 5.1538615260049054, 2.1278498294079808, 7.6810457959327074, 7.5069460427433974, 1.3965597523777582, 6.3405835714929442, 5.3048589440051144, 0.051124258208173234, 4.6700152681314506, 4.9116393373565987, 1.3343166047419039, 10.103344852027911, 6.3698929678994531, 5.8552837566564504, 4.5605700931671542, 4.412405032810371, 6.0568237506138622, 5.3528325949809226, 0.46490297964847549, 4.9657109065405223, 7.2195607727805724, 4.2921333218517193, 1.1014140419147171, 8.5661151349988263, 1.7403611812298929, 3.5572543347994778, 1.3634993970269202, 3.6126675262185701, 7.4556651550300481, 4.7905391362652656, 3.1980149912006421, 9.2589846966152383, 7.202000114062038, 9.2574013363590808, 2.9910940410263462, 4.3197193198786037, 9.8719363701591352, 7.2578356491894942, 1.7587834450706665, 2.0950912065295051, 4.6989577297833298, 7.5946229032853356, 5.2954807955788832, 4.8313166365986024, -0.058720007522916173, 6.5670477523811153, 8.4453004612014784, 3.716993809533276, 6.5913614080432241, 10.863519652302775, 1.7811769635671915, 4.9860800224784496, 3.6461384606636682, 7.0517644365223564, 5.328456495615959, 6.502032960298143, 7.6009764668231057, 3.9052780846189021, 10.423626838064351, 4.9541027667083677, 2.1457377942575873, 5.8264677255372028, 8.1413807416551585, 2.4893721367780239, 7.0896366932260726, 9.5489784759902019, 3.2834243867781927, 10.916446605160063, 0.75481633733705544, 1.3717840691887626, 3.5756320083691966, 9.9833290031857409, 6.4487861258978869, 2.4957328061923412, 4.175527003218618, 5.4895342880690832],
  "residuals": [-2.3687057366270348, -0.25727688413009792, -0.74796016260403231, 0.26055291501740685, -1.1828942763526324, -0.79130674285505564, 0.45951329748319258, 0.15018129674700428, 0.32721565250707274, 2.4552624189847294, 0.8320107540339059, 0.38430880209773399, -1.3888240271793051, 0.56580231253837154, 0.14996073907650972, 0.66309944068216486, -0.034097314409472002, 0.6135687571876447, -1.9402527163168737, 0.3765150839259479, -1.0809791455088642, 0.66713093442828231, -0.54137234399983825, 0.47950706295751344, 0.080047587738758613, -0.98016111071580636, 0.920351137561642, -0.27880301065856061, -0.71987613337774226, 0.73776740080474235, 0.13052322942134578, 0.76612919925960932, -0.087008852844886297, -0.064676466056129422, 0.32342879689085369, -0.64636338202508858, 2.1298607469071666, 0.83493961663463279, 0.062385516838917104, -0.29474961696528551, 0.45291092089567864, 0.10148609908813219, 0.15782807917038069, 0.1593155811627944, 0.84447539954782225, 0.30026545411786132, -0.58184826637203313, -0.70333314115849566, 0.27327664012985098, -0.97104598591909008, 0.2835641372960388, -0.31051687750359469, 0.11184990185630225, 0.40331945877410769, -1.1492022496935164, -0.48068391509482922, 1.5938184354532541, -0.55161708589901071, -0.60313192721095366, 0.19267412193127695, -0.022039808750384332, 0.46228911391040939, -1.4871092328150683, -1.4430452939245846, -0.059643961660001715, 1.497579155330266, 0.091537183948259243, 0.14680844374429994, 1.113457007089222, 0.00075329486182482142, -0.22426885519922402, 0.087206265542347366, 1.1647571012100506, -1.2187531132946579, 0.25648762770969946, 0.24721628946896343, -0.77475887981791269, 0.87677975381603712, 0.44747716319561592, -0.15620878479510597, 0.37816512933583535, 0.054426642005646925, -1.2727261539939176, 0.37618590575303179, -0.56618956590410696, 1.1325234561508215, -0.20876723727261451, 0.67824463389724265, 1.4821558767614573, -0.48754592833253829, -0.51437951300010343, -1.0812318780078434, 0.65229894315052872, 0.64837261483613717, -1.7333836159889355, -1.0434319031070372, 0.094139397351731297, -0.97468997396961232, 0.22770718046487246, 0.66344596262893663],
  "weights": [1, 1, 1, 1, 1, 1, 1, 1, 1, 1, 1, 1, 1, 1, 1, 1, 1, 1, 1, 1, 1, 1, 1, 1, 1, 1, 1, 1, 1, 1, 1, 1, 1, 1, 1, 1, 1, 1, 1, 1, 1, 1, 1, 1, 1, 1, 1, 1, 1, 1, 1, 1, 1, 1, 1, 1, 1, 1, 1, 1, 1, 1, 1, 1, 1, 1, 1, 1, 1, 1, 1, 1, 1, 1, 1, 1, 1, 1, 1, 1, 1, 1, 1, 1, 1, 1, 1, 1, 1, 1, 1, 1, 1, 1, 1, 1, 1, 1, 1, 1]
}
