{
  "dataset": "synthetic_interaction",
  "alpha": 0.05,
  "n": 100,
  "p": 2,
  "df_residuals": 97,
  "mse": 0.7120941247658428,
  "train": {
    "predicted": [2.586939704381925, 6.895173745885998, 10.381904504739531, 5.341128919601013, 10.551118896683553, 1.313885535715293, 3.728419893258422, 2.451396612873509, 6.980993997300226, 7.357708485987736, 1.733289870408575, 6.15743721264301, 3.369800354776706, 5.087500233177725, 4.489364127806851, 9.056953855633205, 6.119370041374138, 2.881494963680546, 3.081210565196206, 1.135953203423399, 3.334148445021215, 1.842535678974699, 9.047532922411218, 5.132720819867735, 5.153861526004906, 2.127849829407981, 7.681045795932707, 7.506946042743399, 1.39655975237776, 6.340583571492944, 5.304858944005115, 0.05112425820817634, 4.670015268131451, 4.911639337356598, 1.334316604741906, 10.103344852027911, 6.36989296789945, 5.85528375665645, 4.560570093167153, 4.412405032810371, 6.056823750613862, 5.352832594980924, 0.4649029796484783, 4.965710906540524, 7.219560772780572, 4.29213332185172, 1.101414041914717, 8.566115134998828, 1.740361181229894, 3.557254334799477, 1.363499397026922, 3.61266752621857, 7.455665155030049, 4.790539136265263, 3.198014991200641, 9.258984696615238, 7.202000114062037, 9.257401336359081, 2.991094041026345, 4.319719319878605, 9.871936370159137, 7.257835649189494, 1.758783445070666, 2.095091206529506, 4.698957729783329, 7.594622903285334, 5.295480795578884, 4.831316636598606, -0.05872000752291351, 6.567047752381116, 8.44530046120148, 3.716993809533277, 6.591361408043223, 10.863519652302775, 1.781176963567193, 4.986080022478451, 3.646138460663667, 7.051764436522356, 5.328456495615959, 6.502032960298143, 7.600976466823106, 3.905278084618902, 10.423626838064349, 4.954102766708367, 2.145737794257587, 5.826467725537202, 8.14138074165516, 2.489372136778025, 7.089636693226071, 9.548978475990204, 3.283424386778192, 10.916446605160063, 0.7548163373370578, 1.371784069188765, 3.575632008369195, 9.983329003185743, 6.448786125897888, 2.495732806192341, 4.175527003218619, 5.489534288069082],
    "lower": [0.8802686086856706, 5.198758066835244, 8.667238342458875, 3.657764415901253, 8.827165026225844, -0.3851281754403906, 2.01795070145696, 0.7561799845249049, 5.293858337621337, 5.649638473374418, 0.01775767106314197, 4.471174172544981, 1.671369234355754, 3.374767788987508, 2.805563825453625, 7.356040573016159, 4.432427823258852, 1.174693522194896, 1.375578697949755, -0.5737754884062134, 1.637371068970728, 0.1301396058224937, 7.344198927783101, 3.449543615103564, 3.467421511677186, 0.4325083721511138, 5.989108696794313, 5.812164561060523, -0.3017427137222415, 4.651112933718508, 3.621417156718607, -1.678432937783316, 2.98267072828216, 3.214537646241794, -0.3722843871398469, 8.390748651723596, 4.66153343282878, 4.160800926718919, 2.861320852145631, 2.725476952907795, 4.371443099843784, 3.664952891068695, -1.247445779554404, 3.28164977588778, 5.525676629981354, 2.596662054952346, -0.5994536235287491, 6.856502697100733, 0.04116122687318957, 1.856418211353196, -0.3408898532897309, 1.923677531270475, 5.765773739874683, 3.084462728534984, 1.500076852010451, 7.552474067016842, 5.500150035596396, 7.551738679440271, 1.298390730511952, 2.634075274390832, 8.164529441066902, 5.569179194479528, 0.06091082340425458, 0.3952080745651254, 2.989309224525215, 5.895608219055995, 3.610899363947782, 3.129882707711451, -1.793725211563767, 4.877578256217504, 6.747222047023069, 2.028722409924286, 4.895315820889401, 9.139675123016429, 0.0807420363592477, 3.302796780558065, 1.944162205678766, 5.362599569258665, 3.644526144751275, 4.807458500639858, 5.910979461327247, 2.218727562719023, 8.700286337797941, 3.251629927384229, 0.4527085063547442, 4.114473676416655, 6.44668682873466, 0.7770708408081326, 5.39226838974179, 7.840040921809132, 1.592231924831951, 9.191848083407542, -0.9604307997758801, -0.3407409619263913, 1.864897420315604, 8.264911831273421, 4.761058943329292, 0.8019916874115842, 2.48046595431748, 3.798649992079244],
    "upper": [4.29361080007818, 8.591589424936753, 12.096570667020186, 7.024493423300774, 12.275072767141262, 3.012899246870977, 5.438889085059886, 4.146613241222113, 8.668129656979115, 9.065778498601054, 3.448822069754007, 7.843700252741038, 5.068231475197658, 6.800232677367942, 6.173164430160078, 10.757867138250251, 7.806312259489424, 4.588296405166196, 4.786842432442658, 2.845681895253012, 5.030925821071701, 3.554931752126904, 10.750866917039335, 6.815898024631907, 6.840301540332627, 3.823191286664848, 9.372982895071102, 9.201727524426275, 3.094862218477761, 8.03005420926738, 6.988300731291623, 1.780681454199669, 6.357359807980741, 6.608741028471401, 3.040917596623659, 11.815941052332226, 8.07825250297012, 7.54976658659398, 6.259819334188675, 6.099333112712947, 7.74220440138394, 7.040712298893154, 2.177251738851361, 6.649772037193268, 8.913444915579792, 5.987604588751094, 2.802281707358183, 10.275727572896923, 3.439561135586599, 5.258090458245757, 3.067888647343575, 5.301657521166665, 9.145556570185414, 6.496615543995542, 4.895953130390831, 10.965495326213635, 8.903850192527678, 10.963063993277892, 4.683797351540738, 6.005363365366377, 11.579343299251372, 8.946492103899461, 3.456656066737078, 3.794974338493886, 6.408606235041443, 9.293637587514674, 6.980062227209986, 6.532750565485761, 1.67628519651794, 8.256517248544728, 10.143378875379891, 5.405265209142268, 8.287406995197045, 12.587364181589122, 3.481611890775138, 6.669363264398836, 5.348114715648568, 8.740929303786046, 7.012386846480643, 8.196607419956429, 9.290973472318964, 5.591828606518781, 12.146967338330757, 6.656575606032504, 3.83876708216043, 7.538461774657748, 9.836074654575661, 4.201673432747917, 8.787004996710351, 11.257916030171275, 4.974616848724433, 12.641045126912584, 2.470063474449995, 3.084309100303922, 5.286366596422787, 11.701746175098064, 8.136513308466483, 4.189473924973099, 5.870588052119758, 7.180418584058921],
    "se_pred": [0.8599038433787055, 0.8547366660525331, 0.8639321464895584, 0.848160849614773, 0.8686117452580422, 0.8560456808931102, 0.8618175087865432, 0.8541325260341164, 0.8500609412777831, 0.860608685709828, 0.8643684980527783, 0.8496212731230454, 0.8557521433666494, 0.8629578453355908, 0.848380426156498, 0.8570027773157992, 0.8499634760166499, 0.8599695179222963, 0.8593802295784907, 0.8614444089119266, 0.8549189065797164, 0.862788365258781, 0.8582224496752143, 0.8480664793081689, 0.8497104413410311, 0.8541954209048684, 0.8524801398306802, 0.8539132779955009, 0.8556873210670675, 0.8512374167238311, 0.8481997888418111, 0.8714349729873646, 0.8501661852593491, 0.8550823122710504, 0.859868521669867, 0.8628891990443284, 0.8607545611948286, 0.8537628027315195, 0.8561643522864297, 0.84995635249796, 0.8491766824949074, 0.8504358269235923, 0.8627645261916224, 0.8485118441302264, 0.8534611550546392, 0.8542608253115999, 0.8569797931667242, 0.8613858345312084, 0.8561395192693295, 0.8569639007755795, 0.8587541387772367, 0.8509952455083549, 0.8514494248184085, 0.8596042106792104, 0.8555037554633709, 0.8598229927598435, 0.8574747805932319, 0.8593957429118239, 0.852866194360298, 0.8493093935548428, 0.8602745920056001, 0.8508271917261053, 0.8554707445506954, 0.8564837373509691, 0.8614040070200842, 0.8560461711749096, 0.8487739970501016, 0.8572651042104404, 0.8741799442195, 0.8512368415248149, 0.8555744328198956, 0.8506331822522958, 0.8545501957681424, 0.8685566538618545, 0.8567617586122985, 0.8481199059809466, 0.8575383544558989, 0.8510833546798644, 0.8484459509170158, 0.8538089702381021, 0.8515026263637103, 0.8497661204266271, 0.8683026995454594, 0.85778855778034, 0.8530304376113202, 0.8625858060129922, 0.8538691565971152, 0.8627406119080967, 0.8552166445403335, 0.861045795314768, 0.8521049554234031, 0.8689365519108563, 0.8642248698458306, 0.86285334054796, 0.8619512283168024, 0.8658220874435903, 0.8503589792580292, 0.8533890926030744, 0.8540541375472174, 0.8519496864374942],