{
  "test_name": ["DFFITS (R - stats::dffits)"],
  "dataset": ["synthetic_collinear"],
  "formula": ["x1 ~ x2 + x3 + y"],
  "dffits": [-1.1237744423826885, 2.7952520895093382, 1.1685031626364515, 0.022767139041864563, -0.095044065379915096, -0.011852017187954639, -0.047679132936226276, -0.11723530920579489, -0.00046567122769713471, -0.029420281190674444, 0.076168974386673291, -0.033820038471496977, -0.056170513999059674, 0.015764486800570427, -0.023859652156303986, 0.029774135035090223, -0.075224734648892899, -0.022823011580404059, -0.014128309190381287, -0.023112554308387077, 0.037978621547437433, -0.007773848914619387, -0.020968409528050805, -0.027970124034672771, -0.0039972690238357532, -0.054268367084868624, 0.0092015781620965274, 0.0015718741517564436, 0.012451234787316742, -0.046003948918131726, 0.076931760381800218, -0.026187177745715093, 0.035261840095475498, -0.080231421095079899, 0.025666492336267506, -0.035748132465440785, -0.041906014899598512, 0.060672075419039205, -0.053380655712888025, -0.026316484039774282, -0.052558142391553785, 0.013633052635142379, -0.013237174583770901, -0.032107537088674254, -0.12318743965289526, -0.032157717227647382, -0.071852075616837846, 0.003339336683542304, 0.066896133577097228, -0.0050559183710483617, -0.031649739825269599, -0.067788012891660143, -0.053083960589190807, -0.058167793231101446, 0.075548011640999335, 0.044343540348756261, -0.021363651893487174, -0.0055591675187801727, -0.0018268471009416317, -0.024381717684832719, 0.0097890236168545856, -0.018786930909695729, -0.0065940277296991472, -0.062095745017511035, -0.013325812656353849, -0.0066871400633024495, 0.033718615004283359, -0.0015568097268757754, -0.0066871170262486207, -0.041549931359995587, 0.098475805963723767, 0.043479013070338371, -0.047236705901135441, 0.023644454185211057, 0.012216744962880883, -0.0050852465073383969, 0.061642661076460978, -0.040150624691848803, 0.023682702149961526, 0.033610427549171686, 0.014609329593655507, -0.026849188078855096, -0.0056473995143081508, -0.0073038007529213547, -0.062116829493439503, 0.0007915634704871164, 0.011675573124505399, -0.029459548264294252, 0.0025222245875224907, -0.016192973214092212, -0.038882302782426346, -0.026911230679485827, -0.035366389266819599, -0.055659296468393703, 0.012880919105954201, -0.059209695321972886, -0.0032006325633657001, -0.082575649001872115, -0.023666486462699494, 0.0043516160945717055],
  "n": [100],
  "p": [4],
  "threshold": [0.40000000000000002],
  "influential_observations": [1, 2, 3],
  "description": ["Measures influence of each observation on its fitted value."]
}
