{
  "dataset": "synthetic_heteroscedastic",
  "alpha": 0.05,
  "n": 100,
  "p": 1,
  "df_residuals": 98,
  "mse": 1.459473665521172,
  "train": {
    "predicted": [1.214191432210134, 0.9970499963929684, 0.9739448772188499, 1.539676241720556, 1.058199357816774, 0.8835668021002553, 0.8877182430602105, 1.761702884740695, 1.107620269343376, 2.414082555625238, 0.8853511346551501, 2.605826279987296, 2.031840776091188, 1.969559295270701, 1.828360287015976, 2.379061188149436, 2.237396400350744, 2.932902801664445, 2.481623651928345, 2.584617626939242, 2.365457737213895, 2.625346267800595, 2.931127224478462, 1.732827126782769, 2.021927569513662, 3.478643569288928, 3.179339542120462, 3.014013144081015, 3.236652307982323, 3.558681202458985, 2.980262746088336, 2.869605806976222, 3.698535895115613, 2.846091770240507, 4.03866139556377, 2.374940641993234, 4.737874790927434, 4.355416359701649, 4.253461428657761, 4.987653644210273, 5.705325026106985, 5.209702435479322, 2.616396599888387, 3.205163325336194, 3.903078577755763, 4.618272364857664, 5.194038147745908, 4.011257526801377, 5.028032470201211, 4.11767061358261, 4.340117523463682, 3.546366883154859, 4.137579003208696, 3.723651600098301, 4.209127383051595, 6.611049135742615, 4.369663749043021, 8.674915134413972, 6.231224007161255, 5.944589122971887, 4.742786381089777, 6.755012403123418, 5.233638021883947, 6.198168518221385, 9.441656975513169, 6.076913791975878, 7.810599705352501, 5.418408591984821, 6.396972902195847, 8.963584437036618, 5.732190110773802, 9.240374493397407, 7.775505232405742, 6.036457853034772, 7.849541001083685, 8.441521124929892, 8.01518089537351, 4.804767075146732, 6.14317957844745, 6.949697941423045, 7.295250023584757, 8.466111336964195, 7.853899992614553, 5.512602534303161, 8.348448459744789, 8.811723330058003, 8.818231143242967, 9.77623775808833, 9.458697819188496, 8.915912135016301, 8.095869563622401, 5.421016614024219, 9.128026084830214, 8.824082052372329, 9.021661875774635, 6.326092496396204, 6.740631960993055, 10.705089098819558, 8.787508045436658, 10.208717736988779],
    "lower": [-1.219229435762246, -1.439193740809392, -1.462608295742337, -0.8898025907047393, -1.37723384288063, -1.554213481886872, -1.550005091381175, -0.6652868108291152, -1.327166779524059, -0.006536411476835813, -1.552404664945913, 0.186811018962429, -0.3923398560234759, -0.4552475708201189, -0.5979138468388459, -0.04186390738151324, -0.1848086150481074, 0.5163402068654208, 0.0615835509520144, 0.1654310045313974, -0.05558736856185265, 0.2064873991054292, 0.5145522796884094, -0.6944771008073354, -0.4023518794541516, 1.065376622305862, 0.7643887070973872, 0.5980034693473173, 0.8220471670971587, 1.145813609184501, 0.5640256717562915, 0.452596442613546, 1.28631446472641, 0.4289130256826441, 1.627736948370513, -0.04602074021297442, 2.328392778135922, 1.945349523740562, 1.843155441943002, 2.578287266238021, 3.295119930192803, 2.80026214153664, 0.1974661849651489, 0.7903696143363494, 1.491683773358936, 2.208660472723598, 2.784608520911854, 1.600243000993026, 2.618665023875423, 1.706991720869791, 1.93001703572985, 1.133439246969585, 1.726958668222898, 1.311539247972293, 1.798706476834749, 4.197309107171908, 1.959627542639948, 6.242876373790731, 3.819302303516779, 3.533718487626778, 2.333308670576374, 4.340456621440087, 2.824179829610812, 3.786382127451584, 6.999241147218603, 3.665592288498148, 5.387945935649567, 3.008747200226915, 3.984317313339421, 6.527863891372768, 3.321919898570862, 6.800868144899929, 5.353180340692175, 3.625280449857536, 5.426517520694025, 6.012259382107156, 5.590528652829153, 2.395336663847673, 3.731610143292471, 4.533928518173282, 4.87701423371665, 6.036565448725982, 5.430834814679923, 3.102793246226074, 5.920244165041932, 6.377973669465153, 6.384398569657682, 7.328695600828778, 7.016029639773073, 6.480818407970673, 5.670390990492593, 3.011351530061548, 6.690086472187193, 6.39017481677461, 6.585167673549289, 3.913762045044763, 4.326160788729078, 8.241434771753031, 6.354065682769066, 7.754015859095926],
    "upper": [3.647612300182514, 3.433293733595329, 3.410498050180037, 3.969155074145851, 3.493632558514179, 3.321347086087382, 3.325441577501596, 4.188692580310506, 3.542407318210811, 4.834701522727313, 3.323106934256213, 5.024841541012162, 4.456021408205852, 4.39436616136152, 4.254634420870799, 4.799986283680385, 4.659601415749595, 5.349465396463469, 4.901663752904676, 5.003804249347087, 4.786502842989643, 5.04420513649576, 5.347702169268514, 4.160131354372872, 4.446207018481475, 5.891910516271995, 5.594290377143536, 5.430022818814713, 5.651257448867486, 5.971548795733469, 5.396499820420381, 5.286615171338898, 6.110757325504816, 5.26327051479837, 6.449585842757026, 4.795902024199442, 7.147356803718947, 6.765483195662735, 6.663767415372521, 7.397020022182526, 8.115530122021166, 7.619142729422004, 5.035327014811626, 5.619957036336038, 6.31447338215259, 7.02788425699173, 7.603467774579961, 6.422272052609729, 7.437399916526999, 6.528349506295429, 6.750218011197515, 5.959294519340133, 6.548199338194495, 6.135763952224309, 6.619548289268442, 9.024789164313322, 6.779699955446095, 11.106953895037213, 8.643145710805731, 8.355459758316995, 7.152264091603181, 9.169568184806749, 7.643096214157081, 8.609954908991185, 11.884072803807735, 8.488235295453608, 10.233253475055434, 7.828069983742728, 8.809628491052273, 11.399304982700468, 8.142460322976742, 11.679880841894885, 10.197830124119308, 8.447635256212008, 10.272564481473344, 10.870782867752627, 10.439833137917866, 7.214197486445793, 8.554749013602429, 9.365467364672808, 9.713485813452865, 10.895657225202408, 10.276965170549184, 7.922411822380248, 10.776652754447646, 11.245472990650853, 11.252063716828252, 12.223779915347881, 11.901365998603918, 11.351005862061928, 10.521348136752209, 7.83068169798689, 11.565965697473235, 11.257989287970048, 11.45815607799998, 8.738422947747646, 9.155103133257033, 13.168743425886085, 11.220950408104249, 12.663419614881633],
    "se_pred": [1.226233699345347, 1.227656181343511, 1.227812110209023, 1.224247254297771, 1.227247741032175, 1.2284304680577, 1.228401770411079, 1.222992944558486, 1.226922136382675, 1.219782648288187, 1.228418130044291, 1.218974519097878, 1.221577419477051, 1.221892987250528, 1.222632363328815, 1.219936910545389, 1.22058187948403, 1.217738587402314, 1.219490949815417, 1.219060870417265, 1.219997385331471, 1.218895710886967, 1.217744810729887, 1.223151441499103, 1.221627214626337, 1.216077865878023, 1.216926399844243, 1.217459963500436, 1.216752199890937, 1.215876626141047, 1.217574553234739, 1.217963720630192, 1.215551015920626, 1.218049073602246, 1.214897448540117, 1.219955195892008, 1.214170586329066, 1.214465286636822, 1.214585797937286, 1.214112316379112, 1.214534957697831, 1.214149563636688, 1.218931763999307, 1.216847222923062, 1.215134467898889, 1.214236034287035, 1.214144188336326, 1.21494284037302, 1.214112854736913, 1.214773710315094, 1.214482244220414, 1.215906882576169, 1.214744202284168, 1.215496049907983, 1.214643707429239, 1.216316258090788, 1.214449851988123, 1.225537236752323, 1.215399979558681, 1.214870332021766, 1.214168418352918, 1.216727327121308, 1.214158582847566, 1.21533179357036, 1.230766381552732, 1.215097530574001, 1.220808012849465, 1.214260977817214, 1.215769794246386, 1.22739253804852, 1.214567770676755, 1.22930025531797, 1.220642286780931, 1.215024916482918, 1.220994315066659, 1.224137859909838, 1.221815070353422, 1.214144583638855, 1.215222466700661, 1.217338897527099, 1.21858173303581, 1.22428104462916, 1.221015327023734, 1.214335504773473, 1.223604997495049, 1.226399382395338, 1.226441163374031, 1.233349608076977, 1.230893544696821, 1.227076675665995, 1.222231469515612, 1.21426283836915, 1.228510755923108, 1.226478786572268, 1.227782394057363, 1.215605953058542, 1.216684691290138, 1.241468748438977, 1.226244530813086, 1.236957488174499],