{
  "test_name": ["DFBETAS (R - stats::dfbetas)"],
  "dataset": ["synthetic_small"],
  "formula": ["x ~ y"],
  "dfbetas": [
    [-0.16683721216631639, 0.28907829170494992],
    [-0.0041178833821537706, 0.0011367542792609033],
    [0.12149732320328353, -0.032039693745416167],
    [-0.10967764717596343, 0.091895787860491226],
    [-0.67220401342290725, 0.57361033420925334],
    [-0.0068988417803186033, 0.013902862902364544],
    [-0.09694816118969489, -0.049060375035687401],
    [0.11477803474628763, -0.051411382288289453],
    [0.24289538254215526, -0.4389010034680535],
    [-0.14288171280623763, 0.27366518927359151],
    [-0.5346797803374751, 0.4323440950419199],
    [0.020414963575143275, 0.10531170024566902],
    [1.2726066981359703, -1.0959933955071264],
    [0.088570141154418552, -0.15946961822560296],
    [0.043413800464038033, -0.11848226424732368]
  ],
  "n": [15],
  "p": [2],
  "threshold": [0.5163977794943222],
  "influential_observations": [5, 11, 13],
  "description": ["Measures influence of each observation on each regression coefficient."]
}
