{
  "test": "polynomial",
  "method": "lm",
  "dataset": "synthetic_heteroscedastic",
  "formula": "x ~ poly(y, 2, raw=TRUE)",
  "degree": 2,
  "n": 100,
  "k": 2,
  "df_residual": 97,
  "df_model": 2,
  "variable_names": ["Intercept", "x^1", "x^2"],
  "coefficients": [-1.8036029095398334, 0.96817953655626399, -0.021183059401031209],
  "std_errors": [0.45121273875296924, 0.10024703368110542, 0.0047431295939644935],
  "t_stats": [-3.9972340198650134, 9.6579370082523113, -4.4660511549138544],
  "p_values": [0.00012500845128390425, 7.3472406968096985e-16, 2.1551733411617537e-05],
  "r_squared": 0.8604579157403458,
  "adj_r_squared": 0.85758075936385814,
  "f_statistic": 299.06539761691664,
  "f_p_value": 3.2976341095473847e-42,
  "mse": 1.2230336448874548,
  "rmse": 1.1059085156049098,
  "mae": 0.86728292264532725,
  "residual_std_error": 1.1059085156049098,
  "log_likelihood": -150.437611269001,
  "aic": 308.87522253800199,
  "bic": 319.29590328195434,
  "conf_int_lower": [-2.6991352939677222, 0.76921692448024914, -0.030596858680441638],
  "conf_int_upper": [-0.90807052511194453, 1.1671421486322788, -0.011769260121620781],
  "fitted_values": [0.45166685174705035, 0.095193348816843854, 0.056846222753236086, 0.9727595350767162, 0.19629542613327103, -0.093921665805122068, -0.086969425980517934, 1.3191025405332943, 0.27759634350860307, 2.2939830585046921, -0.090933203999792989, 2.5683769847332161, 1.7305250783932915, 1.6366405812879941, 1.421639503699232, 2.2432703640627838, 2.0362556582097944, 3.0237130323257535, 2.3912664851198056, 2.5382976673027424, 2.2235222828707091, 2.5960017229759935, 3.0212844952868925, 1.2744770151020364, 1.7156206188290035, 3.747740366427557, 3.3561886919290234, 3.1341471620022521, 3.4322057033624738, 3.8501693775062904, 3.0883148612226741, 2.9368468592240911, 4.0268437630281957, 2.9044240954908869, 4.444272204450475, 2.2372915120944197, 5.2479050407645778, 4.8174154815796912, 4.6989529232742679, 5.5172101607958339, 6.2389190487552124, 5.7487609113065776, 2.5833432233872813, 3.3905011465368782, 4.2799540734711439, 5.1156398456873822, 5.7326687442762871, 4.4112826891091004, 5.5598669788256512, 4.5387551484164987, 4.7997390111701472, 3.8344725351251343, 4.5624148627282821, 4.0582609996422239, 4.6469543579547787, 7.0394782793566968, 4.8338455296196345, 8.4041090665583091, 6.7187342499239957, 6.4623596441811504, 5.2532907793066315, 7.1553936639142419, 5.7732792341449786, 6.6897970301913157, 8.7483271347848994, 6.5822458992762778, 7.9103707396934499, 5.9596564410693347, 6.861362045954932, 8.5440520112721874, 6.2644353343489598, 8.6664992257373008, 7.8879561129144866, 6.545871494261287, 7.935026111135917, 8.2818256558154335, 8.0373585452770389, 5.3209439731798742, 6.6412959142818355, 7.3072052249217077, 7.5626602327754338, 8.2950943758165501, 7.937771818037044, 6.052698953321773, 8.2307830230705417, 8.4719897809126241, 8.4751488502193641, 8.8709003700018094, 8.7549758037512664, 8.5218026715367365, 8.0857175760702713, 5.9622504943474208, 8.618183608506456, 8.4779836179970811, 8.5706970163528702, 6.8008733354792446, 7.1439546546801793, 9.1231809105485162, 8.4601792342906545, 9.0044620301294636],
  "residuals": [-0.45166685174705035, 0.0058167521932571478, 0.14517397926696593, -0.66972923204641321, 0.207744977907133, 0.59897217085562715, 0.69303003204112401, -0.61203183346258727, 0.53048446457220499, -1.3848921494137831, 1.1010342141008032, -1.4572658736221049, -0.51840386627207946, -0.32350926815668085, -0.0074980895578177567, -0.72811884891126866, -0.42009404204817818, -1.3065413151540362, -0.57308466693798732, -0.6191057481108232, -0.20332026266868888, -0.47478960176387253, -0.79906227306467004, 1.0487553081302867, 0.70862180541342068, -1.2224878411750322, -0.72992606566639717, -0.40687443472952484, -0.60392287507964559, -0.92087644821336134, -0.058011830919643854, 0.19446627208903999, -0.79452053070496309, 0.42890923784244667, -1.0099287701070407, 1.2980620232591158, -1.6115414044009417, -1.080041744205954, -0.86056908489043016, -1.5778162214018943, -2.1985150083511722, -1.6073467698924364, 1.6590810190369609, 0.95293319689746536, 0.16449037097330088, -0.57018530023283698, -1.0862040978116412, 0.33619205836564664, -0.711382130340803, 0.41073980107845087, 0.25076603933490266, 1.3170426163900173, 0.69011038979697037, 1.2952743538931297, 0.80759109659067563, -1.483922723801141, 0.8227201269460217, -2.6465333089825513, -0.86014839133813803, -0.50276368458519127, 0.80731528129942898, -0.99377750229808015, 0.48934702848128364, -0.32616066655495224, -2.2836806701384353, -0.016589333619711641, -1.2437040730267832, 0.80802032660743295, 0.0073248227319368184, -1.574355041575217, 0.80627173635811134, -1.4947820540201295, -0.61522884018721424, 0.82786587947608681, -0.46027863638844257, -0.70606808005785893, -0.36059086850936228, 2.4568338045979039, 1.2374919645060434, 0.67259275487627179, 0.51814784803264746, -0.11327619399836919, 0.34505646479123836, 2.3311394305166115, 0.25406546177794198, 0.1138688049459618, 0.21171983664932212, -0.083021582123022603, 0.13391308513762315, 0.46809631836225252, 1.0051915148388193, 3.2296686975717708, 0.67474568442283667, 0.91595577594231292, 0.92425247859662474, 2.7950862604803506, 2.5530150422895184, 0.67479888743128114, 1.4388106646992458, 0.99553796987053711]
}
