{
  "test_name": ["DFFITS (R - stats::dffits)"],
  "dataset": ["synthetic_outliers"],
  "formula": ["x ~ y"],
  "dffits": [-0.1490566660331118, -0.16478534000117812, -0.13231558753051856, -0.21034346995545355, -0.15523454213159465, -0.15987214777139225, -0.15053677507287552, -0.16603054033751405, -0.11756580567832506, -0.041684845369983181, -0.1161711835620574, -0.063972369990288866, -0.064965252992256611, -0.10818414957617584, -0.12845863664131049, -0.075193004238721162, -0.082419747975376462, -0.12976389768148669, -0.070775673842043391, -0.14943203527299542, -0.074745903166378053, 0.026548273831846606, -0.07335546688578766, -0.055797050996851762, -0.083963039273829407, -0.058811585889316363, -0.025700578752451426, 0.020222714693179548, -0.016654215275218518, 0.010693748055637834, 0.0031129918977373921, -0.035481272262395419, -0.067109949150237228, -0.022971383949958173, 0.036492784843786284, -0.018989260460657634, -0.040237364224676067, 0.021905483815399009, 0.0079681480494000635, 0.0054486013283395491, 0.034659491881158126, -0.0099535321116862256, 0.016865471339621897, 0.0019860476636926749, 0.046389040551652549, 0.033661719211530966, -0.00039497248250304902, 0.035848094646305485, -0.026296906307803427, 0.040963727684794823, 0.023894008043217584, 0.0046742642390556295, 0.079463826659974812, 0.092489354390508566, 0.086915593334153329, 0.0038816931155425958, 0.061288713915265025, -0.033005953444329932, 0.066547149446730833, 0.046626097701265384, 0.0072092911625462521, -0.0054672717570671122, -0.0048681089863841336, 0.025772803119361042, 0.034468158027749461, 0.051019780574974603, 0.048222134193995778, 0.092221896388268665, 0.10354227639926337, 0.082531297921673366, 0.091227832716323648, 0.10356587216417493, 0.071092588661840928, 0.066124552451771554, 0.098575427764775486, 0.055248617119726937, 0.14506755233314908, 0.12045420190412783, 0.14154960996407895, 0.18077125560928284, 0.1309439854434431, 0.13720099211164177, 0.08281725694068541, 0.12104637169742884, 0.18266803908638879, 0.08286360100814473, 0.11380590360616398, 0.14409752392450417, 0.17963076745215059, 0.21118945498395222, 0.19733591913365697, 0.14689655479791044, 0.11778666698829005, 0.13905789885080819, 0.22867247665466073, -0.58986409843547849, -0.96800471081165573, -1.3815779040438447, -1.7431052446664632, -0.61863154888564464],
  "n": [100],
  "p": [2],
  "threshold": [0.28284271247461901],
  "influential_observations": [96, 97, 98, 99, 100],
  "description": ["Measures influence of each observation on its fitted value."]
}
