{
  "test": "ols",
  "method": "lm",
  "dataset": "synthetic_nonlinear",
  "formula": "x ~ y",
  "n": 100,
  "k": 1,
  "df_residual": 98,
  "variable_names": ["Intercept", "y"],
  "coefficients": [-2.1867547487264622, 0.59695659799687129],
  "std_errors": [0.25349418549145541, 0.047857726506936128],
  "t_stats": [-8.626449338421498, 12.473567834659947],
  "p_values": [1.1480274749960481e-13, 5.9732725846244372e-22],
  "r_squared": 0.61354926944849086,
  "adj_r_squared": 0.60960589464694492,
  "f_statistic": 155.58989452586326,
  "f_p_value": 5.9732725846244372e-22,
  "mse": 3.3525324491258179,
  "std_error": 1.8309922034585013,
  "conf_int_lower": [-2.6898057097413917, 0.50198449729708861],
  "conf_int_upper": [-1.6837037877115328, 0.69192869869665397],
  "residuals": [-4.9110457650003996, -4.6916947443342361, -4.7467448383983104, -4.1001880963172566, -4.0740894434021495, -3.7022580273702497, -3.5090416295460871, -3.3485947735498893, -3.3129791354069358, -2.9132364963065309, -3.2440585317252713, -2.4189861858377308, -2.4506488568738689, -2.1992492081519743, -2.5901187465507673, -2.0482769102016185, -2.1326295671375997, -1.2199300836902092, -1.5853920421349275, -1.6172189991927628, -1.2258981406892879, -1.3726700318682119, -0.75721145500176767, -1.1928884915102669, -1.322672562970892, -0.39612888513753669, -0.24303691009751216, -0.68504935823150981, -0.60160398914949509, 0.14338157592686734, 0.22653657378075293, 0.29537277762373154, 0.71904728463305334, 0.6947929860851898, 0.81949241304730891, 0.84447750213493311, 0.71753321960117966, 0.72549199752081805, 0.41717427846314509, 1.2588625962884541, 0.74433279409333442, 1.1756043209220797, 1.1964443006387062, 1.046554181183269, 1.6457195497869581, 1.255454151778495, 1.3752420987551057, 1.3296133000835919, 1.4383091323145489, 0.8361318061382419, 1.8000486158798787, 1.805245129417502, 1.8661505138075818, 1.8757025196211126, 1.9262444806319989, 1.4035417610826539, 1.3532323753973614, 1.9627076608543621, 2.0522681010274701, 1.6709419960730949, 1.9806427250388532, 1.6274120750080623, 1.7526182630921416, 2.2588065367646348, 1.3340420584292163, 1.2458027691388609, 1.9469774483853384, 1.858379401313375, 1.6322653969892744, 1.5890385687524511, 1.459927674744758, 1.0204541408386056, 1.6335847394148104, 1.7757030319064133, 1.9021298181267523, 1.6579495856837305, 1.3953659192813745, 0.79188260089217244, 1.4204013988002708, 1.1338418274425799, 1.1366171051212062, 0.70442871327966072, 0.22867244955388638, 1.0614739122684489, 0.9655678550147202, 0.42062667568434292, 0.43790699822112283, -0.0042689426035252276, 0.27448507241076509, 0.45420323776996246, 0.065197614862313957, -0.19855023985882575, -0.22529841530064082, -0.24824305130451235, -0.53529694359181623, -0.68966645421602979, -0.88059542204842178, -0.79272510676391605, -0.68392095155222021, -0.91595017579770865],
  "vif": []
}
