{
  "test_name": ["DFFITS (R - stats::dffits)"],
  "dataset": ["synthetic_multiple"],
  "formula": ["x1 ~ x2 + x3 + y"],
  "dffits": [-0.060464523697537444, 0.12310344668112093, 0.19442635033406597, -0.045978977606718804, -0.060856903761038583, 0.086756245672255802, 0.12497448347368204, -0.0004028140287788771, 0.17785686446039814, 0.36262127392182786, 0.21473308384511777, 0.039048645248520406, -0.081211747686529667, -0.19549817295978156, -0.18366181097989553, 0.044892965807100865, 0.018544980933110519, 0.21405223497969536, -0.0022472247550806958, 0.057172404650841523, -0.038054103301649357, 0.20938265733104128, -0.082740431616491028, -0.26273500818401296, 0.035097865544335999, -0.039105467065404048, -0.22177291915362995, 0.081335936065788983, -0.0050557161991232119, 0.031711486488583372, -0.0070754415573479898, 0.18876422026377287, 0.020187139960932108, -0.041709886602738125, -0.32448617141356928, -0.20474542084653519, -0.40732384930100407, 0.19479220587653812, -0.21257481875161047, -0.035363779421767355, -0.5363885718685214, 0.19751422537507451, 0.1552515688256863, 0.1275324895277288, 0.38036403644021305, 0.10069370463317362, 0.19572533404525419, -0.043392623486475566, -0.058711224580108516, -0.34114212070985417, -0.21459646467949869, 0.16647289369670587, 0.19463260834303239, -0.058142849294435466, 0.23205377373831737, -0.3653487021731226, -0.204417523676897, 0.067322409463123747, 0.3054436556256489, -0.19480120508078708, 0.15391409879606824, -0.25699883301449478, 0.37632427102882482, 0.11995514971120178, 0.024773351154494173, 0.028821277965989656, 0.13176542185778026, -0.099230907948908417, 0.25706459064167508, 0.079925036040083872, -0.014704274833861136, -0.070479031750766571, -0.095232027740784958, 0.29974193434434365, 0.22054726835214558, -0.31453869665370066, -0.049592704768046142, 0.15636469055292662, -0.34143493930272484, -0.02400828422123448, -0.13893695843698747, 0.054293462300899729, -0.46724431818676643, -0.33523619436583096, 0.061527142581171146, -0.12475389528458822, -0.089170095466570606, -0.23640874396843703, 0.20423634916234368, -0.098281456603168255, -0.15055582699429162, 0.31650904152715031, 0.27152324405238132, 0.36680384845773462, 0.036093082068184824, -0.091344846460885518, -0.33623368735816983, 0.017018536326934938, -0.30874902700755735, 0.27934785025919079],
  "n": [100],
  "p": [4],
  "threshold": [0.40000000000000002],
  "influential_observations": [37, 41, 83],
  "description": ["Measures influence of each observation on its fitted value."]
}
