{
  "test": "ols",
  "method": "lm",
  "dataset": "synthetic_small",
  "formula": "x ~ y",
  "n": 15,
  "k": 1,
  "df_residual": 13,
  "variable_names": ["Intercept", "y"],
  "coefficients": [-0.82983424153581176, 0.61786106930963602],
  "std_errors": [0.16853276072956178, 0.016552115166656976],
  "t_stats": [-4.9238749661700245, 37.328224404471996],
  "p_values": [0.00027803717697796095, 1.3070827463310662e-14],
  "r_squared": 0.99075651745085713,
  "adj_r_squared": 0.99004548033169226,
  "f_statistic": 1393.3963371906184,
  "f_p_value": 1.3070827463310662e-14,
  "mse": 0.066262961891451699,
  "std_error": 0.25741593169703325,
  "log_likelihood": 0.14510969469455953,
  "aic": 5.7097806106108813,
  "bic": 7.833931213917511,
  "conf_int_lower": [-1.1939271354031002, 0.58210239850542789],
  "conf_int_upper": [-0.46574134766852321, 0.65361974011384416],
  "residuals": [0.21265504829940707, -0.0075355859201270969, 0.21892149746552048, -0.052720760379962005, -0.2769145765183319, 0.013534371229841607, -0.32467083753921822, 0.16204999802829897, -0.33296370162151823, 0.23829017674075997, -0.28295276669606312, 0.27168465059409402, 0.44212449525851916, -0.12892686534784195, -0.15257514359337876],
  "vif": []
}
