{
  "test_name": ["DFFITS (R - stats::dffits)"],
  "dataset": ["synthetic_nonlinear"],
  "formula": ["x ~ y"],
  "dffits": [-0.28034381971061528, -0.26780341095687099, -0.27011404657748278, -0.23901691960968657, -0.23558215438290825, -0.2200422572991618, -0.2108933727540688, -0.20275286867307993, -0.19850700942310714, -0.18278851211087452, -0.19061705268175408, -0.16000054424155366, -0.15787291498314715, -0.14576468294020492, -0.15701025790599413, -0.13421346514148527, -0.13481717071652707, -0.091184680346885316, -0.10710671842791934, -0.1062911389551206, -0.085540940680635766, -0.090908242207477119, -0.055980920436672528, -0.078583619442888622, -0.083280635968642089, -0.029652936877805614, -0.018405969609943323, -0.046048991957730517, -0.040283539407505377, 0.011065710189734457, 0.017413319858067509, 0.022540480078696076, 0.059096992012035922, 0.055492674894610225, 0.065826262722055065, 0.06667169609106248, 0.053773082407404756, 0.053242019043993546, 0.027977083393237335, 0.099757614836103042, 0.05130133369326012, 0.087289695069893383, 0.087257736952218862, 0.072179102166880588, 0.1271731081088785, 0.086780472059876546, 0.095495636577246606, 0.089451901694982128, 0.096967204249054723, 0.049355787980580337, 0.1258248171019781, 0.12360217476414308, 0.12672677433950202, 0.12495475404618772, 0.12702890231537786, 0.082536514980843481, 0.077943190122631054, 0.12287476291631451, 0.12828190914311377, 0.096564400522313229, 0.1181037658663692, 0.091570726746502948, 0.098894809133704992, 0.13442351488240192, 0.073541987144657303, 0.069221823017991319, 0.10831053639839071, 0.10262487612989384, 0.090446056982255649, 0.088787149251008751, 0.08327692448615201, 0.062983082603613155, 0.09356200462796424, 0.10130700308798209, 0.10830181596229284, 0.098647344177617127, 0.088360453137836581, 0.058094331540506125, 0.093169481198411203, 0.080707814839694886, 0.0826943695278793, 0.057770613234772859, 0.021344341010590049, 0.08411113466297547, 0.080000619863775865, 0.040245699681363462, 0.042677469958754315, -0.00046714310268088338, 0.028937556351145501, 0.047098543966601583, 0.0074867300219587244, -0.024530655655516761, -0.028540634958730438, -0.032210583920458696, -0.07476156107949139, -0.10096535860352103, -0.13589120612522321, -0.12258569729706985, -0.10558727635595429, -0.14994024562667604],
  "n": [100],
  "p": [2],
  "threshold": [0.28284271247461901],
  "influential_observations": [],
  "description": ["Measures influence of each observation on its fitted value."]
}
