{
  "test": ["feature_importance"],
  "method": ["lm"],
  "dataset": ["synthetic_nonlinear"],
  "n": [100],
  "k": [1],
  "variable_names": ["y"],
  "response": ["x"],
  "standardized_coefficients": {
    "variable_names": ["y"],
    "standardized_coefficients": [0.78329385893704717],
    "y_std": [2.9304537349375774],
    "raw_coefficients": [0.59695659799687129]
  },
  "shap": {
    "variable_names": ["y"],
    "shap_values": [
      [-0.088954234999595025],
      [-0.207295154655665],
      [-0.051234959581486626],
      [-0.5967816006524399],
      [-0.52187015255744607],
      [-0.79269146757924491],
      [-0.88489776439330603],
      [-0.94433451937940394],
      [-0.87894005651225582],
      [-1.1776725946025597],
      [-0.74584045817371847],
      [-1.4699027030511582],
      [-1.3372299310049189],
      [-1.4876194787167121],
      [-0.99573983930781818],
      [-1.4365715746468668],
      [-1.2512088167007842],
      [-2.0628981991380737],
      [-1.5964261396832538],
      [-1.4635890816153181],
      [-1.7538998391086915],
      [-1.5061178469196665],
      [-2.0205663227760096],
      [-1.48387918525741],
      [-1.2530850127866837],
      [-2.0786185896099374],
      [-2.1307004636398612],
      [-1.5876779144957629],
      [-1.5701131825676764],
      [-2.2140886466339382],
      [-2.1962335434777227],
      [-2.1640596463106005],
      [-2.4867240523098211],
      [-2.3614596527518561],
      [-2.3851489787038744],
      [-2.3091239667813976],
      [-2.0811695832375432],
      [-1.9881182601470806],
      [-1.5787904400793067],
      [-2.319468656894514],
      [-1.7039287536892933],
      [-2.0341901795079385],
      [-1.9540200582144636],
      [-1.7031198377489254],
      [-2.2012751053425128],
      [-1.7099996063239493],
      [-1.7287774522904591],
      [-1.5821385526088445],
      [-1.5898242838297001],
      [-0.88663685664329184],
      [-1.7495435653748286],
      [-1.6537299779023509],
      [-1.6136252612823287],
      [-1.5221671660857581],
      [-1.4716990260865448],
      [-0.84798620552709836],
      [-0.69666671883170472],
      [-1.2051319032786043],
      [-1.193682242441612],
      [-0.71134603647713546],
      [-0.92003666443279231],
      [-0.46579591339190024],
      [-0.48999200046587976],
      [-0.89517017312827152],
      [0.13060440621724836],
      [0.31985379651770518],
      [-0.2803107817186713],
      [-0.090702633636607383],
      [0.23642147169759439],
      [0.38065840094451908],
      [0.61077939596231323],
      [1.1512630308785659],
      [0.63914253331246207],
      [0.59803434183096027],
      [0.57261765662072273],
      [0.91780799007384517],
      [1.2814017574863021],
      [1.9858951768856052],
      [1.4583864799876083],
      [1.8459561523553998],
      [1.9441909756868756],
      [2.4773894685385209],
      [3.0541558332743959],
      [2.322364471569935],
      [2.5192806298337644],
      [3.1652319101742434],
      [3.2489616886475643],
      [3.7921477304823119],
      [3.6144038164781245],
      [3.5356957521290271],
      [4.0257114760467756],
      [4.3904694317780182],
      [4.5182277082299329],
      [4.6421824452439067],
      [5.0302464385413108],
      [5.285626050175626],
      [5.5775651190181197],
      [5.5907049047437134],
      [5.5829108505421203],
      [5.9159501757977084]
    ],
    "base_value": [-2.1867547487264622],
    "mean_abs_shap": [1.8472447893540569]
  },
  "permutation_importance": {
    "variable_names": ["y"],
    "importance": [0.59976108419376017],
    "baseline_score": [0.61354926944849086],
    "n_permutations": [10],
    "seed": [42]
  }
}
