{
  "test": "polynomial",
  "method": "lm",
  "dataset": "synthetic_interaction",
  "formula": "x1 ~ poly(x2, 3, raw=TRUE)",
  "degree": 3,
  "n": 100,
  "k": 3,
  "df_residual": 96,
  "df_model": 3,
  "variable_names": ["Intercept", "x^1", "x^2", "x^3"],
  "coefficients": [3.6665495566077992, 0.81000665733042621, -0.19156301054924299, 0.014951489015377862],
  "std_errors": [1.2826127953958282, 1.0598392222288253, 0.24011325897681615, 0.01565633981767741],
  "t_stats": [2.8586566185598223, 0.76427314666369384, -0.79780271762393229, 0.95497984774808553],
  "p_values": [0.0052182664812825503, 0.44657897185235063, 0.42695400868879674, 0.34198646617234385],
  "r_squared": 0.068970758955861203,
  "adj_r_squared": 0.039876095173231874,
  "f_statistic": 2.3705638762885264,
  "f_p_value": 0.075288650098675691,
  "mse": 8.1365737478249915,
  "rmse": 2.8524680099564641,
  "mae": 2.4302650155738124,
  "residual_std_error": 2.8524680099564641,
  "log_likelihood": -244.67121238965643,
  "aic": 499.34242477931286,
  "bic": 512.36827570925334,
  "conf_int_lower": [1.1205832799891176, -1.2937575715299552, -0.66818406260675178, -0.016126099898576156],
  "conf_int_upper": [6.2125158332264814, 2.9137708861908074, 0.28505804150826575, 0.046029077929331877],
  "fitted_values": [4.2178598263083167, 6.1711465038399389, 5.5641368318875744, 4.7973539474581681, 7.1077140571221573, 4.7973068253203994, 7.3355768100874936, 4.9858954613131639, 4.9134795590373193, 4.5515478485650567, 6.1666470193789955, 4.7965294812325316, 4.5403050956882485, 3.7656563842951867, 4.8207180780340497, 4.803519090700604, 5.1461546207313251, 6.244699906316157, 4.1964460009588862, 5.1936572622082799, 4.6101858695582552, 5.9594781737340092, 5.6652861617527606, 4.8093221776454662, 5.1130606376801921, 4.7842928710952375, 4.7942667833933506, 5.6829299274593881, 4.7944497029130471, 4.7972131525979753, 4.7956395121219959, 5.7293445115545252, 4.7924248652439152, 4.5740835696895648, 5.1193271574192121, 5.7132271342103156, 4.3029459443238407, 4.7136644413498345, 4.4732019326683332, 4.7955747739285934, 4.7948629072664222, 5.2684650477232626, 4.9465863785789477, 4.8897495072979407, 4.7963919139695452, 5.8267189887686204, 4.7942675335596956, 7.2669435357393457, 4.912502269479579, 4.4139951019190677, 5.0074550042642256, 4.7889836015942233, 5.0360472754098939, 4.1427914427273889, 4.5772016606763772, 5.9394526963843042, 4.6933559850892994, 5.7934993740194809, 4.7602821682811811, 4.9293206820452191, 5.0597165005994453, 4.7989894567610705, 4.779449882236892, 4.6665432901049755, 3.9148308495546784, 4.7786430621704277, 4.9510021192363087, 6.7527712198308407, 6.0703336438462561, 5.3514774619410481, 5.472814046494312, 4.9785897725629562, 4.7407235654087732, 6.4123414501282348, 4.9930701182547157, 4.8212061324066111, 4.3500339435807991, 4.7950610466832035, 4.7944135493158635, 6.0129914421072579, 4.8124207564768025, 4.7988300647113791, 7.2357607847009247, 4.3488497788391749, 4.7969290486970877, 3.9742304703981062, 5.228897337065221, 6.5265378622848118, 4.7609624628563125, 5.9608376567430454, 4.7708352843821062, 6.4492925752888333, 5.2922777708247351, 5.5723472743507543, 3.8062799848344957, 7.0520491936872149, 5.1743068309819868, 4.7791214232867665, 5.737543757450136, 4.7622666084617862],
  "residuals": [-3.9996258585534217, 0.46675035791595249, 4.0698075102479292, 0.8043278871602515, 2.260510563208761, -4.2747280324601613, -3.1476436193458803, -2.3843175516926522, 2.3947300907699782, 5.26142305640741, -3.6013463949365176, 1.745216533508213, -2.5593287680908468, 1.8876461614209126, -0.18139321115068821, 4.9165342056147665, 0.93911810623334113, -2.7496361854479687, -3.0554881520795529, -3.6811889748589341, -2.3570165700459045, -3.4498115603310291, 2.8408744166586186, 0.80290570517978321, 0.1208484760634716, -3.6366041524030623, 3.8071301501009995, 1.5452131046254489, -4.1177660839130308, 2.281137819699711, 0.63974266130446433, -4.9120910540867424, -0.20941844995735043, 0.2728793016109044, -3.4615817557864541, 3.7437543357925072, 4.1968077704827786, 1.9765589319412482, 0.1497536773377382, -0.67791935808350767, 1.7148717642431188, 0.1858536463457921, -4.3238553197600913, 0.23527698040537653, 3.2676442583588501, -1.2343202127990403, -4.2747017580170112, 0.59583845810098501, -2.8988644481198351, -1.8277867530386802, -3.3603914699412667, -1.4868329528792483, 2.5314677814764557, 1.0510671523119841, -2.5283889191692515, 2.8388480851361049, 4.1024625644259931, 2.9122848764405895, -2.372320054465789, -0.41692724023533889, 4.7901800608093064, 2.921135306338833, -4.5077756699812941, -4.0144973775000548, 0.72448291856864944, 4.3135589964451739, 0.43601586029083356, -1.7746461394879387, -5.0155966442799507, 1.2163235853018928, 2.748217559507943, -1.1743896974873329, 3.0153949438445022, 3.2324250888798822, -2.9554055269778252, 0.41209017954080146, -1.4786543627350432, 3.1334831436551904, 0.98152010949571156, 0.33283273339577951, 3.1667208396821387, -0.83912533808683043, 1.9151398993695075, 0.98143889362222514, -3.2173808203436076, 2.9847607112899186, 2.7037161673173236, -3.3589210916095449, 3.8108301071312165, 3.1005948909146182, -2.0017904106040172, 3.3859221518633871, -3.8851624903371507, -3.5521905903258539, -1.9640315924542346, 1.8878479063914895, 1.3686186922676313, -3.2580785910640375, -1.3343095737666457, 1.3907136422362338]
}
