{
  "test": "wls",
  "method": "lm",
  "dataset": "synthetic_small",
  "formula": "x ~ y",
  "n": 15,
  "k": 1,
  "df_residual": 13,
  "df_model": 1,
  "variable_names": ["Intercept", "y"],
  "coefficients": [-0.82983424153581176, 0.61786106930963602],
  "std_errors": [0.16853276072956178, 0.016552115166656976],
  "t_stats": [-4.9238749661700245, 37.328224404471996],
  "p_values": [0.00027803717697796095, 1.3070827463310662e-14],
  "r_squared": 0.99075651745085713,
  "adj_r_squared": 0.99004548033169226,
  "f_statistic": 1393.3963371906184,
  "f_p_value": 1.3070827463310662e-14,
  "mse": 0.066262961891451699,
  "rmse": 0.25741593169703325,
  "mae": 0.2079013650155255,
  "residual_std_error": 0.25741593169703325,
  "log_likelihood": 0.14510969469455953,
  "aic": 5.7097806106108813,
  "bic": 7.833931213917511,
  "conf_int_lower": [-1.1939271354031002, 0.58210239850542789],
  "conf_int_upper": [-0.46574134766852321, 0.65361974011384416],
  "fitted_values": [7.8137780496576976, 4.5894044532990534, 4.6107672233880317, 1.3875204845393998, 1.0829297140895784, 7.2658586985078104, 5.2892823610922157, 4.2064570281234968, 7.6280459881454856, 7.4168388131703376, 1.8720344433895988, 5.8305668441823189, 0.91141632751833612, 7.6426777256382987, 6.722126706264774],
  "residuals": [0.21265504829940707, -0.0075355859201270969, 0.21892149746552048, -0.052720760379962005, -0.2769145765183319, 0.013534371229841607, -0.32467083753921822, 0.16204999802829897, -0.33296370162151823, 0.23829017674075997, -0.28295276669606312, 0.27168465059409402, 0.44212449525851916, -0.12892686534784195, -0.15257514359337876],
  "weights": [1, 1, 1, 1, 1, 1, 1, 1, 1, 1, 1, 1, 1, 1, 1]
}
