{
  "test": "polynomial",
  "method": "lm",
  "dataset": "synthetic_multiple",
  "formula": "x1 ~ poly(x2, 2, raw=TRUE)",
  "degree": 2,
  "n": 100,
  "k": 2,
  "df_residual": 97,
  "df_model": 2,
  "variable_names": ["Intercept", "x^1", "x^2"],
  "coefficients": [4.7807370524584156, -0.33212513058120235, 0.021185336349575867],
  "std_errors": [0.40400561199962726, 0.09589541756359353, 0.03580897423386134],
  "t_stats": [11.83334317757652, -3.4634098168554499, 0.59162086607727493],
  "p_values": [1.5826458256768844e-20, 0.00079540029353662885, 0.55548082801444876],
  "r_squared": 0.11185804239046437,
  "adj_r_squared": 0.093545837078927607,
  "f_statistic": 6.1083873016644814,
  "f_p_value": 0.0031724573573915509,
  "mse": 7.526009819922006,
  "rmse": 2.74335739923219,
  "mae": 2.2695753014880276,
  "residual_std_error": 2.74335739923219,
  "log_likelihood": -241.28914279473298,
  "aic": 490.57828558946596,
  "bic": 500.99896633341831,
  "conf_int_lower": [3.9788977470429856, -0.52245098925215916, -0.049885565079746091],
  "conf_int_upper": [5.5825763578738457, -0.14179927191024561, 0.092256237778897826],
  "fitted_values": [3.9857242323396895, 4.7719933363730593, 4.5378493726717437, 4.805706277538965, 5.9896743791941365, 4.1467531915728539, 5.6106654603456301, 6.8399751034714331, 4.3424198086414609, 6.0740066788458353, 3.7288669044857494, 3.7096524715369839, 3.7674941950245313, 5.247688495495491, 6.88742157677836, 3.7468428495765034, 5.0301819159277299, 3.6922052465301096, 3.6963035968316298, 3.8723064378295962, 5.552934649215139, 5.1903263794302514, 3.8757326849274811, 5.4597931435872464, 6.1098528149823066, 4.5989209871347443, 3.7351681836606945, 4.2110831693762432, 4.5584452652756244, 6.4623827738065627, 4.4267902793401461, 3.6619167963701216, 6.250542308725846, 4.7205714473968312, 3.8290875419378771, 4.1038943597213322, 4.2086295768205604, 4.1950959884787249, 5.2892279014505448, 5.5565291084485757, 3.9560237413622885, 3.9545125878646274, 3.847053278544263, 3.7700385588681291, 4.7433386448078796, 4.7757059275742755, 3.9785309518609022, 4.3303132369226489, 4.1963705970565517, 3.9836927687020762, 3.8076690947304082, 5.3743979704394729, 5.2267513902699605, 6.4784667438643773, 4.5337309409983391, 6.7782146957847829, 4.8975019564964217, 4.642956194593058, 5.5862174137044995, 4.4965363128701696, 6.8070521120094876, 6.7707851148370324, 3.9297776909413988, 5.2864893170097176, 6.314016649883917, 4.7079097672031516, 4.0384543384374751, 5.895654715153106, 4.4045811404062682, 6.522156060352037, 6.6955172695585601, 4.6786831992090745, 4.6492757522573713, 4.3643105104365505, 4.1381246158015141, 3.680023302747311, 4.7271623966347533, 5.4351472857436942, 3.9849477119830197, 5.6531215838251683, 4.9913187531536796, 6.5572507023014195, 6.8344550190671045, 3.69762387297048, 3.9040083110454797, 4.2112216331531283, 5.1006889298039422, 6.0919337984701354, 6.1718581619514756, 5.7423943362766128, 4.6223766954104164, 4.1655715250747862, 4.3030496571837134, 5.6142305400598822, 3.7083448885380941, 4.1105198974914989, 4.6064725020158459, 4.4361269089641624, 5.061459969222418, 5.7534085797852681],
  "residuals": [0.1883857991481005, -2.5509152316657566, -3.3391956993349159, -1.4295545635026849, 3.4394226599310556, -0.91472387136530153, -0.42275924291196892, 0.19021448548034456, -0.70612378484852067, 3.6438141483637714, 5.895606044935362, -1.1918295132833425, 1.2049908638993236, -2.2389053973277946, -4.0390166330036834, -3.3779733760311754, 1.0654614238712385, 1.3345849857585055, -3.1815160843317365, -1.0858417954634816, 3.5297242104513984, -2.7947074727605279, -2.4267839640152502, -0.56526554081161573, 3.7466517261237007, -2.1783682720197399, 2.9861872903980915, 3.4051129839109318, -2.1820698253516277, 0.81978071231203331, -0.74895895214761454, 2.661141509565673, 0.084754798883100918, 0.63717539335075346, -2.9261898413937941, 4.2491305961710477, -1.0008289271032018, -2.3299108844801828, -4.8814764859029056, 0.35240032343384298, 2.8196198770605361, -3.7886342985860662, 1.273877304448547, -1.5050808068887498, 1.7083892592866192, -3.0320416375243608, 2.9308464291637577, -0.462959773917275, 5.1709292903107933, -2.6084833272421437, -0.39700558422782323, -4.2396627580335817, 4.0201847925156677, 2.2949267899454315, -1.9543146638467825, -0.17837423544299333, 3.2747200455157377, 0.90905192140156577, -0.28971163014443468, -2.0780134038656533, -5.8760244339504952, 2.2013724646962349, 5.0744028806919053, 1.0445252557229623, -2.92371873939691, -1.2158140210765425, 3.2211024502649184, 3.0754478843726654, 4.4662831022449048, 1.2765993982242017, -0.27520080801568253, -3.8372835492585859, -3.0329886113112337, 4.6212313748342426, 1.9261659807943854, -3.5880527865810143, -3.7124469679744325, 1.1998704053368634, -3.9343318735208328, -4.045041069650182, 0.49601914051218216, 0.36170127462551288, -0.31484242404109875, -1.4549307783648822, 3.2177839024298787, -1.8387307581851278, -1.8466919482112649, 1.3729802527101065, 0.32447082852067144, 2.7498397686651668, 1.9537522275930175, 1.5175145082799297, -3.3663019789027886, -1.9370725094655472, -1.0563212117208394, -1.6706234637006634, 5.1236330455086101, -0.50514966229655878, 3.8590055825487157, 0.55797768018736071]
}
