{
  "test": "polynomial",
  "method": "lm",
  "dataset": "synthetic_simple_linear",
  "formula": "x ~ poly(y, 3, raw=TRUE)",
  "degree": 3,
  "n": 100,
  "k": 3,
  "df_residual": 96,
  "df_model": 3,
  "variable_names": ["Intercept", "x^1", "x^2", "x^3"],
  "coefficients": [-0.75340329324533994, 0.38121893117879446, -0.0034154066952099709, 6.3013937093423774e-05],
  "std_errors": [0.19399384773573497, 0.046552522813014106, 0.0030792707478518914, 5.9501669632015661e-05],
  "t_stats": [-3.883645291017948, 8.1890069139759252, -1.1091608938878041, 1.0590280488451755],
  "p_values": [0.00018903181377995991, 1.1293978140526087e-12, 0.27013162355371001, 0.29224438795243995],
  "r_squared": 0.98969674191982715,
  "adj_r_squared": 0.9893747651048217,
  "f_statistic": 3073.8136902907822,
  "f_p_value": 3.2886842855557117e-95,
  "mse": 0.091244832535200895,
  "rmse": 0.30206759597017502,
  "mae": 0.23441609245440215,
  "residual_std_error": 0.30206759597017502,
  "log_likelihood": -20.142307700740282,
  "aic": 50.284615401480565,
  "bic": 63.310466331421026,
  "conf_int_lower": [-1.1384780375326502, 0.2888129037331702, -0.0095277108206259994, -5.5095943635519523e-05],
  "conf_int_upper": [-0.36832854895802969, 0.47362495862441872, 0.0026968974302060572, 0.00018112381782236706],
  "fitted_values": [0.17808190702513449, 0.056480417098773078, 0.45299961011945888, 0.87460003884787652, 0.3532297633558264, 0.46284019527979131, 1.2145966118509182, 1.0359791953385868, 0.70470916242574766, 1.1699290368719595, 0.92234863644773457, 1.0285636344442575, 1.3823070552443095, 0.73017751301674694, 0.90486393833459333, 1.4187243053273781, 1.3674701129490032, 1.9285416928665853, 1.6135601377926285, 1.5441203750734807, 2.6227145826355422, 2.1566784791723999, 2.3576749506263797, 1.9555125575258567, 2.355709307140609, 2.6761434266887694, 2.3555244241095266, 2.9647884281617052, 2.7418178178062895, 2.9445331600617157, 2.9422264145576644, 3.8434882875816028, 3.334839374627999, 3.0916235849130338, 3.8043981038674057, 3.2371363231532708, 3.8019279573880898, 3.1935729678979623, 3.4992925591151454, 4.0920055876448433, 4.3639906259484231, 4.2790605302459861, 4.2842134388980897, 4.3220365834790906, 4.0402922445945482, 4.3822605605805487, 4.5627800240438789, 5.1456105200446371, 5.0143843656258689, 4.4365346348391768, 5.2018770758858306, 5.0720618574570118, 5.0756394754281828, 5.5842599202919381, 5.8151947610587991, 5.8802338900364015, 5.4111328929917519, 5.6773439393141176, 5.9791535813421106, 6.2828041559548993, 5.9137356294687731, 6.1047648289809171, 5.9069833287007665, 5.9752098155335052, 6.7179330847430183, 6.9918211864672619, 6.6281138390547714, 7.0740232360537592, 6.9641035728917506, 6.7364958612757304, 7.1607756313006963, 7.6445148752217538, 7.2287454743326105, 7.8530424427543188, 6.5883193505488524, 7.8078981176476425, 7.6656129300158389, 7.6383146242915112, 7.8670142331203419, 7.2839709500787091, 7.9645480857898558, 8.2573947729727788, 8.7369019916244852, 8.1674880549003746, 8.1717579574796435, 8.3756878071456242, 8.9582289505678823, 8.8613921607032733, 8.6726622004386016, 9.132151496118821, 9.0932351711705959, 9.4999522167312733, 9.026963146943153, 9.2601976657079152, 9.3428226036392665, 9.0776231481083229, 9.7956945596239731, 9.8904827224141716, 9.9071773746876737, 9.9296481883018828],
  "residuals": [-0.17808190702513449, 0.04452968391132793, -0.25097940809925684, -0.57156973581757353, 0.050810640684577621, 0.042210309770713786, -0.6085360057903122, -0.32890848826787972, 0.10337164565506039, -0.26083812778105037, 0.087752373653275637, 0.082547476666853623, -0.17018584312309729, 0.58295380011456621, 0.50927747580682081, 0.096427209824137064, 0.24869150321261291, -0.21136997569486807, 0.2046216803891896, 0.3750715441184384, -0.60251256243352191, -0.035466357960278777, -0.13545272840415729, 0.36771976570646642, 0.068533117101815352, -0.15089090143624406, 0.27073820215309979, -0.23751570088897814, 0.086465010476538984, -0.015240230768786689, 0.088076615745365711, -0.71217515626847172, -0.10251614230476663, 0.24170974842029957, -0.37005466952397154, 0.29821721220026481, -0.16556432102445345, 0.54380076947577527, 0.33909127926869281, -0.15261164825090351, -0.32358658554438208, -0.13764638883184507, -0.041789196473847365, 0.021397759955252855, 0.4041521998498967, 0.16319398487399622, 0.083684622420767227, -0.39813577256989008, -0.16589951714101994, 0.51296031465577263, -0.15137202538078073, 0.079453294058139279, 0.1768857770970694, -0.23072456675658412, -0.36064930651334509, -0.32467833448084643, 0.2454327635739042, 0.080231818261640539, -0.12056772275625294, -0.32320819635893977, 0.14687043113728723, 0.0568513326352445, 0.35564293392549606, 0.38842654810285848, -0.25328662009655334, -0.42616462081069628, 0.038552827611895463, -0.30634646837699214, -0.095416704204882116, 0.2332011084212392, -0.090068560593625321, -0.47279770350458211, 0.043981798394662194, -0.47930506901694486, 0.8864281241986226, -0.23214054189006703, 0.011154746751837197, 0.13946315348626662, 0.011773645667536758, 0.6958270297192698, 0.11625999501822552, -0.075576591154597958, -0.45407370879620268, 0.21635032893800896, 0.31309052736884141, 0.21017077871296211, -0.27136026369919625, -0.073513372824485765, 0.21622668845028789, -0.14225250621983127, -0.0023260802615059813, -0.30803302481208128, 0.26596614598613899, 0.13374172823147867, 0.15212689131022852, 0.51833644785127131, -0.0987248626542757, -0.092502924434373426, -0.0081874756977742495, 0.070351811698116329]
}
