{
  "test": "wls",
  "method": "lm",
  "dataset": "synthetic_nonnormal",
  "formula": "x ~ y",
  "n": 100,
  "k": 1,
  "df_residual": 98,
  "df_model": 1,
  "variable_names": ["Intercept", "y"],
  "coefficients": [-1.3064151664463495, 0.66085839609376895],
  "std_errors": [0.087142475610961501, 0.0082998665414738305],
  "t_stats": [-14.991715088273413, 79.622773786964828],
  "p_values": [4.144376037191718e-27, 7.0871251346418087e-91],
  "r_squared": 0.9847773755770145,
  "adj_r_squared": 0.98462204267473918,
  "f_statistic": 6339.7861055301719,
  "f_p_value": 7.0871251346418087e-91,
  "mse": 0.13205911725430589,
  "rmse": 0.36339939082819867,
  "mae": 0.26538165161885657,
  "residual_std_error": 0.36339939082819867,
  "log_likelihood": -39.658438021238496,
  "aic": 85.316876042476991,
  "bic": 93.132386600441265,
  "conf_int_lower": [-1.4793465732016018, 0.64438758106545024],
  "conf_int_upper": [-1.1334837596910972, 0.67732921112208766],
  "fitted_values": [-0.18026389218988581, 0.23460388485235484, -0.056956948238639143, 0.54817102485958302, 0.67507340843513486, 0.41953113455936109, 0.28776963241561104, 0.49757608032336859, 0.80296946913290634, 1.8988921862541335, 1.0163265650237925, 0.88570930767430756, 1.2185599351493481, 1.2431404911143535, 1.5867731529888096, 1.2242104060938734, 1.7599325442888889, 1.644582302266244, 2.5765134330271029, 1.7255806352773777, 2.0183534314454317, 2.6760157779697304, 1.9234706562917716, 2.902575733056548, 2.4727409617564553, 2.2113358027998586, 2.4065649608828297, 2.7953376729176043, 2.5115535903642385, 2.8770036920013369, 2.8290312228414836, 3.1094193514618662, 2.9045054526951177, 3.6672424097975376, 4.2888166843106115, 4.3359595441640506, 3.74716686251847, 3.4357336573894859, 3.9589930202836792, 3.5981705461532041, 3.6974671730112498, 3.9193980027774304, 4.1119497388553157, 4.4766746957615595, 4.4705178439817184, 4.3858154791336617, 4.3964904828146949, 6.3245012044246467, 4.6746494936440453, 4.7896225185891748, 4.7504154576450226, 5.3148447706637292, 5.2825769850309303, 5.0741906859884853, 5.1203036767073966, 5.5690440624967641, 5.6433343192283214, 5.4977541725093051, 6.4880501026116004, 5.6466584692972726, 5.8797727964813733, 6.7429778597398817, 6.0727745997666807, 6.329299401358492, 6.2606658165975597, 6.2992294582564234, 7.6593748694828498, 6.5675589334108171, 7.2356134939109928, 6.680189638738657, 6.7731673171826889, 6.8045578500306609, 7.2427060126291947, 7.1462647985444763, 7.7546078534315299, 7.4064165524367631, 8.4341040715766731, 7.4626951442804561, 8.1656844624177722, 8.0903869516510873, 8.1822281090615547, 8.4109746174519575, 8.3685110967175955, 8.3208390654829376, 8.1422868698277959, 8.2068538025620548, 9.1341526892741385, 8.7130057048301452, 9.0224510470558137, 8.813492950173103, 8.7378085081239476, 8.8409007287514747, 9.2791375309807993, 9.1828858873266359, 9.1710480161273971, 9.4207555556528035, 9.3192864787118435, 9.6856903906076912, 9.6011526137930723, 10.12554533598054],
  "residuals": [0.18026389218988581, -0.13359378384225382, 0.25897715025884116, -0.24514072182928001, -0.27103300439473077, 0.085519370491144026, 0.31829097364499503, 0.20949462674733849, 0.0051113389479017224, -0.98980127716322441, -0.0062255549227823274, 0.22540180343680358, -0.0064387230281359037, 0.069990822016959664, -0.17263173884739538, 0.29094110905764181, -0.14377092812727271, 0.072589414905473118, -0.75833161484528488, 0.19361128391454133, 0.0018485887565884446, -0.55480365675760923, 0.29875156593045071, -0.57934340982422483, -0.048498537514031145, 0.31391672245266666, 0.21969766537979665, -0.068064945644877306, 0.31672923791858976, 0.052289237291592308, 0.20127180746154666, 0.021893779851264786, 0.32781777962811454, -0.3339090764642042, -0.854473249967177, -0.80060600881051547, -0.1108032261548336, 0.3016400799842518, -0.12060918189984093, 0.34122339324073525, 0.34293686739279094, 0.22201613863671049, 0.13047450356892651, -0.13324035232721576, -0.026073399537273917, 0.15963906632088334, 0.2499741636499512, -1.5770264569498991, 0.17383535484080376, 0.15987243090577508, 0.30008959286002768, -0.16332961914857794, -0.030051732505677622, 0.27934466754686882, 0.33424177783805775, -0.013488506941208987, 0.013231337337335534, 0.25982158506645298, -0.62946424402574253, 0.31293749029868645, 0.18083326412468767, -0.58136169812371974, 0.18985166285958147, 0.034336962277871245, 0.20398064804890512, 0.26642710740014264, -0.99270820281618299, 0.20011783426594984, -0.36692662522412411, 0.28950733095831271, 0.29753975352438189, 0.36715932168651066, 0.030021260098077835, 0.22747257519289707, -0.27986037868405478, 0.16934102332081222, -0.75733639480899573, 0.31508263349732135, -0.28689658362989379, -0.1105889718531084, -0.10142002825347368, -0.22915643563377575, -0.085682813889313453, 0.062999318355447087, 0.34256161502068805, 0.3790047832965322, -0.44728400240545074, 0.074873083048641695, -0.13356215816692488, 0.17640603972588728, 0.35310058278514245, 0.35101846316771801, 0.013791761948493839, 0.21105350661275799, 0.32390147882209741, 0.17520404030679224, 0.37768321825785323, 0.1122894073721061, 0.29783728519682684, -0.12554533598054074],
  "weights": [1, 1, 1, 1, 1, 1, 1, 1, 1, 1, 1, 1, 1, 1, 1, 1, 1, 1, 1, 1, 1, 1, 1, 1, 1, 1, 1, 1, 1, 1, 1, 1, 1, 1, 1, 1, 1, 1, 1, 1, 1, 1, 1, 1, 1, 1, 1, 1, 1, 1, 1, 1, 1, 1, 1, 1, 1, 1, 1, 1, 1, 1, 1, 1, 1, 1, 1, 1, 1, 1, 1, 1, 1, 1, 1, 1, 1, 1, 1, 1, 1, 1, 1, 1, 1, 1, 1, 1, 1, 1, 1, 1, 1, 1, 1, 1, 1, 1, 1, 1]
}
