{
  "test_name": ["Cook's Distance (R - stats::cooks.distance)"],
  "dataset": ["synthetic_high_vif"],
  "formula": ["x1 ~ x2 + x3 + y"],
  "distances": [0.010015602442787503, 6.8057430419104183e-05, 0.007781788666108156, 0.023231434454747162, 0.00015838963947381132, 0.00029532043674260634, 0.023177351555948956, 0.049432690420422358, 0.00072188093273176795, 0.0016177594471892358, 0.010464086701971197, 0.0023948987415472337, 0.051976854368582029, 0.003565335411136978, 0.0072741576043484106, 2.8168121521845445e-05, 0.00099421591642501151, 0.013214189366539215, 0.0017081432588085454, 0.0074879876787848033, 0.0070103743939189328, 0.086303046750987489, 0.016289826147346274, 0.002270224703501706, 0.030523428204540026, 0.010873184791014326, 0.00012003708926325312, 0.010431163814511446, 0.0083041670438401445, 0.018178002786903222, 3.2917942040570093e-05, 0.00010424609165217983, 0.0015895927374210467, 0.014791304771477078, 0.00011799579055066119, 0.015648516193276549, 4.6962541859916971e-05, 0.0033097070062611611, 0.0098544227941958218, 0.010184604929152564, 0.0034667625078003889, 0.0024634506900176089, 0.00080597286631783449, 0.0051228818927054635, 0.00017720650892838819, 0.016731302680442789, 0.00055989150322400204, 0.001250798027138186, 0.030437566866143056, 7.422779531354307e-05, 0.0012939133550066014, 0.0017595213541425404, 0.0020530937956889316, 0.0047459952611560111, 0.023807284089532997, 0.0013907844197381682, 0.0012567439596979243, 0.0072154636653505005, 0.01321350584380368, 0.001806784919041033, 0.00043447074448284186, 0.0036327529999713158, 0.024145581985962478, 0.0026116173605708936, 0.0042889201586547949, 0.005925243191980463, 0.0087351272480381634, 0.0019244466296295638, 0.016915999729314707, 0.0024887979060866212, 0.0015148623372192795, 0.0023239211170769506, 0.029973369716428607, 0.0062214013604346211, 1.9399938748990962e-05, 0.012193485503236415, 0.0039244821249792752, 0.0031794984526147124, 5.1620210133406929e-07, 0.077683775461906648, 0.0034313202207057439, 0.026598193379720879, 0.011597622408510784, 0.0011813021482038918, 0.019182372462869923, 0.0085150319520978391, 6.0544833630794665e-05, 0.006812937242657374, 0.0018742396428770769, 0.010072743620853725, 0.0048224832640857921, 0.04147254570605953, 0.018076825076136949, 0.013293144686959402, 2.125408029507954e-07, 0.0072775457888218029, 0.0027633481139191104, 0.012753577669666848, 0.002845007433706079, 7.2999541972417798e-06],
  "p": [4],
  "mse": [0.039754609432797565],
  "threshold_4_over_n": [0.040000000000000001],
  "threshold_4_over_df": [0.041666666666666664],
  "threshold_1": [1],
  "influential_4_over_n": [8, 13, 22, 80, 92],
  "influential_4_over_df": [8, 13, 22, 80],
  "influential_1": [],
  "max_distance": [0.086303046750987489],
  "max_index": [22],
  "description": ["Measures influence of each observation on regression coefficients. D_i > 1 indicates high influence."]
}
