{
  "test": "polynomial",
  "method": "lm",
  "dataset": "synthetic_high_vif",
  "formula": "x1 ~ poly(x2, 2, raw=TRUE)",
  "degree": 2,
  "n": 100,
  "k": 2,
  "df_residual": 97,
  "df_model": 2,
  "variable_names": ["Intercept", "x^1", "x^2"],
  "coefficients": [0.2062026397321958, 0.91593845982242761, 0.0060251545168246339],
  "std_errors": [0.084099945691808259, 0.039281890469037434, 0.0038814740382188333],
  "t_stats": [2.4518760153287582, 23.317066691186461, 1.5522851518516179],
  "p_values": [0.015999548362708962, 1.5081781977137665e-41, 0.12385075343979055],
  "r_squared": 0.98909874944023002,
  "adj_r_squared": 0.98887398138745131,
  "f_statistic": 4400.5308459640819,
  "f_p_value": 6.5705482259494427e-96,
  "mse": 0.097947460047925636,
  "rmse": 0.31296558923933737,
  "mae": 0.25093674111005226,
  "residual_std_error": 0.31296558923933737,
  "log_likelihood": -24.204689644418242,
  "aic": 56.409379288836483,
  "bic": 66.83006003278885,
  "conf_int_lower": [0.03928752757514703, 0.83797478101806722, -0.001678497002739616],
  "conf_int_upper": [0.37311775188924456, 0.993902138626788, 0.013728806036388885],
  "fitted_values": [3.8340348545795186, 8.520512116776116, 4.0651791241534179, 3.1634743435412256, 6.3805469840847282, 6.8833238653116373, 1.0545194874186414, 2.4046568272918378, 0.1602766411906866, 6.783468490424589, 6.8578231459853125, 5.4047495229454903, 8.7913075803935872, 8.1482893703424679, 5.9503391093831688, 8.8749521106806331, 2.3316097400273814, 1.3173113750897412, 2.7504395902418222, 0.71372016574019237, 5.0200378614514731, 9.2268941222554481, 0.10145090765648457, 1.3061875325804191, 4.1839946691493841, 8.9455471921414613, 3.2137274500615738, 5.4162532338538272, 0.84219965268056618, 1.1395645618662162, 9.5229413086564616, 9.8991213810251111, -0.018156888657136022, 9.4006320605172622, 6.4702770882992624, 8.313706715955, 4.5266265985308314, 4.6984514088509064, 4.6520440414863176, 6.6778471038659903, 1.0526812651300976, 0.60290040818163215, 3.0781679281728915, 7.1258930300274166, 2.1427940232594325, 7.0567368022217067, 9.6956127410911002, 0.95223760936440049, 6.6759851555449261, 4.5474893530875029, 8.6269104122308811, 1.8591085567902186, 6.6290709327885473, 8.104052563586075, 8.9636693591714263, 7.2712310113545238, 4.5456409125200636, 5.8896907364079443, 8.4000426563196129, 5.8936166282653177, 0.40376219301159499, 9.6409921705063333, 6.6067026456157851, 6.7619302885942458, 1.9740081448253046, 7.1457968266912859, 3.5647509207732941, 6.5191044589422207, 1.3661852431278145, 6.6160437029698436, 9.9044371023006263, 0.61330627493784795, 9.7454276697811988, 3.9904459626547109, 8.9343040640288542, 8.4137711760476268, 5.4289883743209311, 6.8865521566527335, 8.6908218817519849, 4.7564426512801905, 3.0360784116164745, 7.0808914398503688, 8.5103087002806372, 7.3711691624194486, 8.0701218000113322, 4.7847278786670424, 7.9847464653606561, 1.2591477459235163, 5.2009130939257666, -0.019520875286426598, 3.0568881266459629, 3.2919604929133306, 3.9393214591719357, 6.6370642592054283, 3.9236755623873969, 3.9858057204201902, 2.5097795232591977, 3.9495621934018486, 1.7569065758223807, 0.98370982286949815],
  "residuals": [-0.4640030902666557, -0.23167845795002073, 0.24369611246464118, -0.67633161766492678, -0.20909711804442754, 0.18444830354282046, 0.61589959159085728, -0.72846466440866109, 0.20643762814474312, 0.58055166023181526, -0.21977786976726188, -0.65844076544735153, -0.34960309070161472, -0.091587840841934665, -0.0967954654156475, -0.19223930554804586, -0.27319763965969857, -0.19811518111246229, -0.052943475071926177, -0.14285160484704384, 0.29165741855884691, 0.13916280069416584, 0.2919844990286119, -0.085088392480151154, 0.33799561368496861, 0.39320298313758717, -0.052166400294068799, -0.34390514696990288, -0.42647106217664515, 0.34386744775467232, 0.34335992093200673, -0.24793441666465552, 0.067556698001232179, 0.11748579371512852, -0.079077710144258379, 0.36547622924522194, 0.020771957807759291, 0.45750887694159659, 0.23642176108288476, -0.009204528404946781, 0.34383128243303146, -0.30316450945485263, 0.0011314877390175906, -0.079085402660948684, -0.12425950202994912, -0.32241246897253367, 0.0035077199816038601, -0.013230451470216644, 0.050036026706336119, -0.10998716004179163, 0.054512131544171068, -0.087610662316359555, 0.29718858947309812, 0.27710033289502717, 0.48247283556880677, -0.43875072845806518, 0.42610672756420948, 0.28878166560419427, 0.28900718846756901, -0.1875191618770207, -0.099891596043226394, -0.33150521543655548, 0.28856486469982634, 0.0032035691782196576, 0.18274337915186717, -0.55694212436471413, 0.37389313576829059, -0.0067746885273003779, -0.3002549400479072, -0.037590656939482978, 0.089700155406038679, -0.13118588633228764, 0.026314172431974377, 0.078633644573995132, -0.22676956065626108, -0.58991633546489231, 0.24117423554574619, 0.49793993586053148, 0.094333731261495163, -0.71503943476986109, 0.2342532040159126, -0.40495758421452194, -0.4318492808680518, 0.25168218534670894, -0.091985311424987129, -0.42889473053771299, 0.19359569638955912, -0.057057192217431843, 0.24397788568272882, 0.077107480267642303, 0.18897017235673991, 0.3726548558006485, 0.022405456920618107, 0.31760780769319374, -0.038094549683939903, 0.50113050580511675, -0.1343382145159229, -0.21704427710844765, 0.51578969680913389, -0.25175058518506177]
}
