{
  "test": "ols",
  "method": "lm",
  "dataset": "synthetic_heteroscedastic",
  "formula": "x ~ y",
  "n": 100,
  "k": 1,
  "df_residual": 98,
  "variable_names": ["Intercept", "y"],
  "coefficients": [-0.094343261702470468, 0.5314896481308774],
  "std_errors": [0.2610709382852987, 0.024145725596321031],
  "t_stats": [-0.36137021731377855, 22.011748870858451],
  "p_values": [0.71860062405910408, 1.0334695568403571e-39],
  "r_squared": 0.83176459204491393,
  "adj_r_squared": 0.8300479042086375,
  "f_statistic": 484.51708835373773,
  "f_p_value": 1.0334695568403866e-39,
  "mse": 1.4594736655211722,
  "std_error": 1.2080867789696119,
  "log_likelihood": -159.78751133737637,
  "aic": 325.57502267475274,
  "bic": 333.39053323271702,
  "conf_int_lower": [-0.61243004204763807, 0.48357324151948594],
  "conf_int_upper": [0.42374351864269716, 0.57940605474226892],
  "residuals": [-1.2141914322101472, -0.89603989538289075, -0.77192467519865149, -1.2366459386902571, -0.65415895377637456, -0.37851629704975459, -0.281657636999609, -1.0546321776699921, -0.29953946126257225, -1.5049916465343323, 0.12474987544585586, -1.4947151688761875, -0.81971956396997991, -0.65642798213939169, -0.41421887287456627, -0.86390967299792387, -0.62123478418913147, -1.2157310844927309, -0.66344183374653065, -0.66542570774732668, -0.34525571701187824, -0.50413414658847677, -0.70890500225624242, 0.5904051964495507, 0.40231485472875866, -0.95339104403640595, -0.55307691585783847, -0.28674041680829154, -0.40836947969949716, -0.62938827316605916, 0.050040284214690839, 0.26170732433690519, -0.46621266279238394, 0.48724156309282302, -0.60431796122033765, 1.160412893360298, -1.1015111545638006, -0.61804262232791363, -0.41507759027392549, -1.0482597048163365, -1.6649209857029459, -1.0682882940651832, 1.6260276425358515, 1.1382710180981468, 0.54136586668867936, -0.072817819403121556, -0.54757350128126392, 0.73621722067336792, -0.1795476217163639, 0.83182433591233718, 0.71038752704136554, 1.6051482683602896, 1.1149462493165543, 1.6298837534370498, 1.2454180714938563, -1.0554935801870609, 1.2869019075226322, -2.9173393768382128, -0.37263814857539795, 0.015006836624071485, 1.3178196795162813, -0.59339624150725667, 1.028988240742313, 0.16546784541497683, -2.9770105108667022, 0.48874277368068603, -1.1439330386858342, 1.3492681756919442, 0.47171396649102043, -1.9938874673396461, 1.3385169599332678, -2.0686573216802344, -0.5027779596784695, 1.3372795207025998, -0.3747935263362096, -0.8657635491723159, -0.33841321860583312, 2.9730107026310431, 1.7356083003404272, 1.0301000383749332, 0.78555805722332339, -0.28429315514601278, 0.42892829021372775, 2.8712358495352213, 0.1364000251036967, -0.22586474419941549, -0.13136245637427929, -0.98835897020954122, -0.56980893029960478, 0.073986854882690745, 0.99503952728668899, 3.7709025778949714, 0.16490320809908066, 0.56985734156706491, 0.47328761917486123, 3.2698670995633901, 2.956337735976641, -0.90710930083975905, 1.111481853553242, -0.20871773698877774],
  "vif": []
}
