{
  "dataset": "synthetic_multiple",
  "alpha": 0.05,
  "n": 100,
  "p": 3,
  "df_residuals": 96,
  "mse": 0.06400633858817244,
  "train": {
    "predicted": [4.279513189001296, 2.039507229856547, 1.006468938385304, 3.440624910180596, 9.487363173833492, 3.124976447833215, 5.013585623590288, 7.030650181239455, 3.260602698948341, 9.358485236097259, 9.447403644126336, 2.465364089290892, 5.071116314973303, 3.353434184296344, 3.023718920764431, 0.3177059851304005, 6.057089962268485, 4.808198932754459, 0.5173186516739969, 2.699996058366683, 9.13366466213235, 2.135772473470464, 1.561564930484916, 5.270480130483012, 9.823579665397808, 2.491099660784645, 6.926816219968979, 7.499164664459698, 2.38269968803505, 7.240174892649236, 3.693215184018742, 6.122673276646282, 6.305923382638568, 5.458637902374516, 1.230190977866265, 8.592515879053735, 3.701773639545198, 1.632068609869691, 0.6160527161687943, 5.953160324841943, 7.345005383156249, -0.01231632448266051, 4.934918615424857, 2.099501493232502, 5.929551537963835, 1.601379437217311, 6.689655376141825, 3.922726191523568, 9.42160379095295, 1.850318671335008, 3.671032900641694, 0.9455339682446109, 8.987892094478671, 8.831195626944904, 2.214028221110627, 6.993857884853565, 8.460500247551995, 5.437497887095097, 4.8190254928214, 2.717606755920492, 0.822344196723531, 9.245752614614135, 8.610181572751035, 6.134437060592916, 3.362034329366438, 3.453018378664741, 7.115019523310579, 9.098397662526963, 8.572924556587946, 7.705417771323528, 6.43500770116319, 0.9202783511091646, 1.772561858626405, 8.668920216358131, 5.68277780475894, 0.3833826924676131, 1.082589203637804, 6.451975003527123, 0.4009858374691149, 1.630602882337318, 5.770375837697014, 6.863933146001383, 6.960342207450381, 2.676110664083891, 7.046213309811534, 2.605586976620843, 3.402691758133381, 7.782804476533277, 6.205656991446663, 8.614593988251915, 6.802449799112868, 5.212449515147107, 0.652893040766481, 3.13453433800114, 2.614192244830454, 2.604588127158889, 10.093307321344941, 3.906188418039509, 9.314524162393461, 5.959271068412209],
    "lower": [3.772229144398972, 1.530349750034155, 0.4898404784060284, 2.930741013781721, 8.969829064523015, 2.613051678869205, 4.503657545282628, 6.517258077943, 2.754966098525028, 8.842122240305901, 8.92549852238672, 1.95483996126879, 4.558901722772686, 2.846343868459696, 2.50616786963432, -0.1957484289540755, 5.551264008538819, 4.292397992912299, 0.003617808825351787, 2.191132872828647, 8.623104852360205, 1.624032975144391, 1.051253041383499, 4.761041575575914, 9.305486792379961, 1.984134292271857, 6.408476914841094, 6.989653797409551, 1.87099868455559, 6.729422428728079, 3.187691226838532, 5.607762123242179, 5.79655003311949, 4.953743009900305, 0.7142161861538588, 8.079670384536286, 3.189898314537354, 1.119652296979315, 0.09921657710452103, 5.441459773509397, 6.830649975177397, -0.5314366758928843, 4.422492437510738, 1.588455742800334, 5.419694795690273, 1.091624235858211, 6.175971389079679, 3.411371578285416, 8.903122601382918, 1.340607211747391, 3.158890732756282, 0.4320810016692946, 8.477307696156585, 8.314638084364244, 1.705776800954853, 6.479520136726657, 7.950792022548963, 4.929971092716848, 4.310784283365122, 2.209013945969472, 0.2947017285338556, 8.730973224528098, 8.095183990717285, 5.62654168765611, 2.848598324530862, 2.942633924992778, 6.600796607504354, 8.587149983012841, 8.059953054295306, 7.192460035050656, 5.918568821285288, 0.4064556465640662, 1.26466832523079, 8.154014978100577, 5.175528773046807, -0.134851277265975, 0.5723501989537608, 5.939105037747713, -0.1145434635783732, 1.112509229801294, 5.26445190539882, 6.347850986909156, 6.4428594719379, 2.165232024210569, 6.5341988537752, 2.098967608765652, 2.89496759853975, 7.272422491583501, 5.696077968417854, 8.102832145022022, 6.293556212691289, 4.703602253611805, 0.1377114581040266, 2.625702433051629, 2.09891286398024, 2.097634265145017, 9.578960055840176, 3.396828715066115, 8.803389738848276, 5.447883179929099],
    "upper": [4.78679723360362, 2.548664709678938, 1.523097398364579, 3.950508806579471, 10.004897283143968, 3.636901216797225, 5.523513701897947, 7.54404228453591, 3.766239299371655, 9.874848231888617, 9.969308765865952, 2.975888217312995, 5.583330907173919, 3.860524500132991, 3.541269971894542, 0.8311603992148765, 6.56291591599815, 5.32399987259662, 1.031019494522642, 3.208859243904719, 9.644224471904495, 2.647511971796537, 2.071876819586334, 5.77991868539011, 10.341672538415656, 2.998065029297433, 7.445155525096864, 8.008675531509844, 2.89440069151451, 7.750927356570393, 4.198739141198953, 6.637584430050384, 6.815296732157646, 5.963532794848727, 1.746165769578671, 9.105361373571185, 4.213648964553043, 2.144484922760067, 1.132888855233068, 6.464860876174489, 7.8593607911351, 0.5068040269275633, 5.447344793338975, 2.61054724366467, 6.439408280237397, 2.111134638576411, 7.203339363203972, 4.434080804761721, 9.940084980522983, 2.360030130922625, 4.183175068527107, 1.458986934819927, 9.498476492800757, 9.347753169525564, 2.722279641266402, 7.508195632980473, 8.970208472555026, 5.945024681473347, 5.327266702277678, 3.226199565871513, 1.349986664913206, 9.760532004700172, 9.125179154784785, 6.642332433529721, 3.875470334202014, 3.963402832336703, 7.629242439116804, 9.609645342041086, 9.085896058880586, 8.2183755075964, 6.951446581041092, 1.434101055654263, 2.28045539202202, 9.183825454615686, 6.190026836471073, 0.9016166622012013, 1.592828208321847, 6.964844969306532, 0.9165151385166029, 2.148696534873341, 6.276299769995207, 7.38001530509361, 7.477824942962862, 3.186989303957214, 7.558227765847869, 3.112206344476035, 3.910415917727012, 8.293186461483053, 6.715236014475471, 9.126355831481808, 7.311343385534446, 5.721296776682409, 1.168074623428935, 3.643366242950652, 3.129471625680668, 3.111541989172761, 10.607654586849707, 4.415548121012903, 9.825658585938646, 6.470658956895318],
    "se_pred": [0.2555607324741243, 0.256504536014128, 0.2602682837241308, 0.2568704918417217, 0.2607245338445699, 0.2578986473557418, 0.2568927499061951, 0.2586378644487569, 0.2547307792248982, 0.2601345475598823, 0.262926572623298, 0.2571930292136853, 0.2580446551780327, 0.2554631353472592, 0.2607330688337563, 0.2586692555220566, 0.2548261720727174, 0.2598513937102848, 0.258793401976383, 0.2563562757570332, 0.2572110050484748, 0.2578053112840853, 0.2570861069980017, 0.2566461366721663, 0.2610060291209441, 0.2554001890946698, 0.2611301772608595, 0.2566825662512963, 0.2577859182609821, 0.2573080608024635, 0.2546740315506474, 0.2594031350349427, 0.2566132873505661, 0.2543571198741433, 0.2599389772086712, 0.258362492610384, 0.2578737383648353, 0.2581462784949468, 0.2603729087752168, 0.2577856904773613, 0.2591231603157347, 0.2615236545683655, 0.2581512483194864, 0.2574558133611659, 0.2568568120734961, 0.2568056575561168, 0.2587849103291688, 0.2576114129818741, 0.2612016561341805, 0.2567836212250337, 0.2580081690885537, 0.2586685262925351, 0.2572233923251886, 0.2602325567925865, 0.2560480791739619, 0.2591142635945659, 0.2567819916985099, 0.2556830255192211, 0.2560429352040894, 0.2562200653167565, 0.2658169463238631, 0.2593367550049844, 0.2594466762504302, 0.2558687088802513, 0.2586599812679514, 0.2571226637456415, 0.2590564131017352, 0.2575575416623828, 0.258425973099605, 0.2584190380222401, 0.2601727766209899, 0.2588547937444418, 0.2558677821519241, 0.2594001550886967, 0.2555430935991024, 0.261077111151629, 0.2570493891171848, 0.2583748207994878, 0.2597145468883247, 0.2610064218284187, 0.2548755319432001, 0.2599930669962821, 0.2606986526334703, 0.2573716260162706, 0.2579438301170384, 0.255225880080947, 0.255782454625152, 0.2571214200470531, 0.2567169020282927, 0.2578165682515537, 0.2563715911846498, 0.2563482535260055, 0.25953937251389, 0.2563405171496012, 0.2595886415117315, 0.25539439232396, 0.2591190582812556, 0.2566064124621326, 0.2575004853076906, 0.2576281764619499],