{
  "test_name": ["Cook's Distance (R - stats::cooks.distance)"],
  "dataset": ["synthetic_heteroscedastic"],
  "formula": ["x ~ y"],
  "distances": [0.01625657611785776, 0.0096002527379326491, 0.0071860122745486281, 0.014902525912143199, 0.0050020129003458969, 0.0017863152422292706, 0.00098757567706323282, 0.0099490953416769348, 0.0010296595789168409, 0.015702530126670111, 0.0001939031373570602, 0.014374198253446295, 0.0054102405943638934, 0.0035549047897557883, 0.0014955609507592801, 0.0052454753136113386, 0.0028671326226546836, 0.0083901178969017724, 0.0029720385101513536, 0.0028723660807354087, 0.00084225002686397123, 0.0016228316439500323, 0.0028546924105368734, 0.0031531187353651658, 0.0013082813625395423, 0.0042451557349242114, 0.0015854348758407922, 0.00045278198968497761, 0.00084674509951488937, 0.0018021074503962523, 1.3964238358045255e-05, 0.00039820857454250992, 0.00094630784866839702, 0.0013926612664228791, 0.0014471911136214228, 0.0094792339869351986, 0.0042831756068045183, 0.001415310736002317, 0.00065072867333350478, 0.0038410564202688781, 0.010385668997104417, 0.0040144610646669935, 0.016941153618328809, 0.0066532005032077174, 0.001202881340400884, 1.8924211107664993e-05, 0.0010537585892113153, 0.0021625504302753254, 0.0001126968817764474, 0.0026908658640571281, 0.0018749361409519235, 0.011768119013775911, 0.0048124645413183493, 0.011478291836616129, 0.0059117948755926381, 0.0053631716335433913, 0.0061210840843384379, 0.0900038227646031, 0.00059198774295899064, 8.8878371240310739e-07, 0.0061283239719183468, 0.0017825690008691471, 0.0037301947802840553, 0.0001156072380767684, 0.12431334285117153, 0.00097512193408304563, 0.0099061062838396424, 0.0065243609790878402, 0.00099799384048475446, 0.046848258060032288, 0.006747660305234362, 0.055824024753274158, 0.0018874857326165433, 0.0072227348890948782, 0.0010797171403097436, 0.0072516118781654456, 0.00093920545067358583, 0.031065490512063261, 0.012522128712010069, 0.0057653314908517935, 0.0038213402191755006, 0.00078934290114899761, 0.0014165652618899848, 0.029909711236706889, 0.0001736641061175897, 0.00056803851732401098, 0.00019261207755119804, 0.01541839560309558, 0.0045820526461977555, 6.3372969886134746e-05, 0.0083794993651186856, 0.05097602355702438, 0.00034048155875320008, 0.0036326702363174432, 0.0026970154550698144, 0.046902886398435005, 0.044019621007906996, 0.017724642460463041, 0.013631287734201521, 0.00079707880038333903],
  "p": [2],
  "mse": [1.4594736655211722],
  "threshold_4_over_n": [0.040000000000000001],
  "threshold_4_over_df": [0.040816326530612242],
  "threshold_1": [1],
  "influential_4_over_n": [58, 65, 70, 72, 92, 96, 97],
  "influential_4_over_df": [58, 65, 70, 72, 92, 96, 97],
  "influential_1": [],
  "max_distance": [0.12431334285117153],
  "max_index": [65],
  "description": ["Measures influence of each observation on regression coefficients. D_i > 1 indicates high influence."]
}
