{
  "dataset": "synthetic_outliers",
  "alpha": 0.05,
  "n": 100,
  "p": 1,
  "df_residuals": 98,
  "mse": 0.7825119114364153,
  "train": {
    "predicted": [0.6921602416273959, 0.8930603822978042, 0.8321441391688226, 1.408387588243111, 1.19131140167243, 1.337284934114231, 1.398946617226292, 1.616098220352955, 1.432095172862361, 1.118541136201742, 1.65221040289437, 1.452569317698219, 1.56620519353009, 1.944664754776495, 2.19953563608355, 1.955598938890434, 2.113224718817418, 2.565988081425848, 2.256808913003602, 2.967805668482019, 2.505239016767673, 1.965246508798923, 2.717124705478784, 2.698668157053354, 3.022044309075027, 2.938361864608401, 2.802617364895609, 2.59368903773695, 2.945537674583514, 2.855202668832628, 3.008140595839791, 3.401044803876763, 3.770522132026651, 3.511046432909736, 3.167413078705089, 3.686127124928213, 3.967716767885654, 3.566471586511079, 3.774328089119425, 3.894893924598999, 3.762365726350085, 4.22575064624168, 4.101324816086793, 4.326453367726168, 4.058492647820758, 4.259481454420488, 4.649913631807725, 4.438483899162354, 5.079785670338373, 4.593084650640845, 4.840589735472317, 5.110403262237387, 4.563822683832551, 4.553303624472732, 4.69694173871689, 5.521985379321442, 5.118597605440142, 6.029532487686121, 5.277045264619646, 5.557772860099804, 6.000975179947517, 6.205686915635892, 6.301352901330284, 6.154532270447868, 6.18621976523418, 6.15192239424363, 6.282397698894947, 6.008425931929428, 6.018038713092555, 6.316388168234734, 6.352744595300681, 6.358078985787822, 6.745782389127824, 6.895763325290546, 6.745269963367686, 7.196896691749913, 6.578718250465089, 6.912619469548274, 6.853867265778461, 6.627891831262945, 7.184870618183814, 7.255321060925204, 7.772623640455228, 7.617929426973026, 7.257096335600058, 8.106170896984027, 8.018088035392083, 7.928436601537065, 7.793507607240789, 7.678762965656128, 7.916369341133754, 8.38716770020892, 8.680449695938528, 8.670224301140189, 8.208746718011122, 11.482271047137495, 12.354251796674831, 13.10807949461404, 13.665000715450404, 11.869850837977244],
    "lower": [-1.092880264385435, -0.8900925531831881, -0.9515718267024574, -0.3703278012750995, -0.5892021723321803, -0.4420080253824656, -0.3798448205740461, -0.1609937699502322, -0.3464301147796074, -0.6625984252287469, -0.1246090664333681, -0.3257927926815507, -0.2112680553621853, 0.1699459764070244, 0.4264928831729908, 0.1809550249760172, 0.339630550197747, 0.7951017539351786, 0.4841229161524401, 1.198939210851299, 0.7340159102533448, 0.1906684298420149, 0.9470404834964994, 0.9284887195568952, 1.253422815887989, 1.169359666028693, 1.032964254219204, 0.8229535429496009, 1.176568736690743, 1.085806606148052, 1.239456936046628, 1.633950873930979, 2.004606669316134, 1.744335459611233, 1.399415605174631, 1.919969547082639, 2.20230449564424, 1.799943260951279, 2.008423167167702, 2.129306029058824, 1.996427564279329, 2.460864439364057, 2.336203678443653, 2.561731730869494, 2.293282560553865, 2.494652919121002, 2.885565790057258, 2.673918457271379, 3.315569023474771, 2.828688238101698, 3.076351583330137, 3.346180040276925, 2.799398417917559, 2.788868873525308, 2.932628577480278, 3.757468291278356, 3.354372264649788, 4.264126615052275, 3.512749141473602, 3.793212148102748, 4.235634738378121, 4.439836807639232, 4.535232254079869, 4.388818369296883, 4.420422186082108, 4.386215284252263, 4.516332292964921, 4.243068596269947, 4.252659396234716, 4.550223128381242, 4.586470108099527, 4.5917881896943, 4.978134931294485, 5.127500479219163, 4.977624521534306, 5.427245984794561, 4.811696814527522, 5.144284306253969, 5.085781404186705, 4.860692643963831, 5.415279229911572, 5.485377571170332, 5.99975521956771, 5.845998232044749, 5.487143829865493, 6.331100573283349, 6.243623194868718, 6.154570344773307, 6.020508577521775, 5.906469565093778, 6.142582291853172, 6.610050921502179, 6.901010942740287, 6.890869693865235, 6.432949607835821, 9.671236639713413, 10.529994595850585, 11.271138405205246, 11.817957392344406, 10.053133106624692],
    "upper": [2.477200747640227, 2.676213317778796, 2.615860105040102, 3.187102977761321, 2.971824975677041, 3.116577893610928, 3.17773805502663, 3.393190210656142, 3.210620460504329, 2.899680697632231, 3.429029872222109, 3.230931428077988, 3.343678442422365, 3.719383533145965, 3.97257838899411, 3.73024285280485, 3.886818887437089, 4.336874408916518, 4.029494909854765, 4.736672126112739, 4.276462123282, 3.739824587755831, 4.48720892746107, 4.468847594549814, 4.790665802262065, 4.707364063188109, 4.572270475572013, 4.3644245325243, 4.714506612476285, 4.624598731517203, 4.776824255632953, 5.168138733822547, 5.536437594737168, 5.27775740620824, 4.935410552235547, 5.452284702773787, 5.733129040127067, 5.332999912070878, 5.540233011071147, 5.660481820139174, 5.528303888420842, 5.990636853119303, 5.866445953729933, 6.091175004582841, 5.823702735087651, 6.024309989719974, 6.414261473558192, 6.203049341053329, 6.844002317201974, 6.357481063179993, 6.604827887614498, 6.874626484197849, 6.328246949747543, 6.317738375420156, 6.461254899953502, 7.286502467364528, 6.882822946230496, 7.794938360319968, 7.041341387765689, 7.322333572096859, 7.766315621516912, 7.971537023632553, 8.067473548580699, 7.920246171598853, 7.952017344386253, 7.917629504234996, 8.048463104824972, 7.773783267588908, 7.783418029950395, 8.082553208088225, 8.119019082501836, 8.124369781881343, 8.513429846961165, 8.664026171361929, 8.512915405201065, 8.966547398705265, 8.345739686402656, 8.68095463284258, 8.621953127370217, 8.395091018562059, 8.954462006456055, 9.025264550680076, 9.545492061342745, 9.389860621901303, 9.027048841334622, 9.881241220684705, 9.792552875915447, 9.702302858300824, 9.566506636959803, 9.451056366218479, 9.690156390414336, 10.164284478915661, 10.459888449136768, 10.449578908415143, 9.984543828186423, 13.293305454561576, 14.178508997499076, 14.945020584022835, 15.512044038556402, 13.686568569329797],
    "se_pred": [0.8995060624236616, 0.8985548900940019, 0.8988386087254204, 0.8963187506437427, 0.8972248801357204, 0.8966097959703739, 0.8963570724020336, 0.8955006978148415, 0.8962229557362423, 0.8975403236691761, 0.8953633708081276, 0.8961407285060461, 0.8956928191762786, 0.894304804212089, 0.8934602323068641, 0.8942670790002778, 0.8937380981432923, 0.8923735803615322, 0.8932804581016554, 0.891355740610439, 0.8925432878681447, 0.8942339038744481, 0.891969388543439, 0.892017368929289, 0.8912322997129198, 0.8914241423111973, 0.8917521457235071, 0.8922975737215756, 0.8914073818010354, 0.8916226157625874, 0.8912636263068549, 0.8904625399278532, 0.8898686943434423, 0.8902695628919179, 0.8909178477650372, 0.8899906994357946, 0.8896151298579376, 0.8901775242251772, 0.8898633827124701, 0.8897036288143516, 0.8898801328581876, 0.8893500384035047, 0.8894684231948417, 0.8892671093433301, 0.8895132461137315, 0.8893209769149899, 0.8890787489318969, 0.8891884005868099, 0.8890126380533501, 0.8891032244094718, 0.8890234748541904, 0.8890159513336185, 0.8891172601024134, 0.8891225436521176, 0.8890612729517413, 0.8891640344286353, 0.8890170190406687, 0.8896119050090984, 0.88905268722738, 0.8891860171292689, 0.8895789334104448, 0.8898357612188864, 0.8899720896092261, 0.8897671247464838, 0.8898092912233877, 0.8897637025892678, 0.8899442527604715, 0.8895874465710142, 0.8895985231942715, 0.889994459642544, 0.8900496116418448, 0.8900578299133669, 0.8907414701195771, 0.891051572578877, 0.8907404542299207, 0.8917509344559467, 0.890426009216275, 0.8910880142059531, 0.8909623877050078, 0.8905155805323189, 0.8917210429689507, 0.8918984716699507, 0.8933723840417563, 0.8929001032003087, 0.8919030149441028, 0.8944819526608629, 0.8941768414956793, 0.893875207040427, 0.8934381995990736, 0.8930826235199294, 0.8938352933179838, 0.895513189026777, 0.8966832633891577, 0.8966408611199269, 0.8948481901987835, 0.9126047410400306, 0.9192678855376254, 0.9256594686072964, 0.9307501208496664, 0.9154686448624693],