{
  "test": "wls",
  "method": "lm",
  "dataset": "synthetic_autocorrelated",
  "formula": "x ~ y",
  "n": 100,
  "k": 1,
  "df_residual": 98,
  "df_model": 1,
  "variable_names": ["Intercept", "y"],
  "coefficients": [-1.1352491587993803, 0.63891264263780778],
  "std_errors": [0.11527525531443533, 0.010870042339527422],
  "t_stats": [-9.8481600036605492, 58.777383075546027],
  "p_values": [2.5850138191580418e-16, 3.1871000326602271e-78],
  "r_squared": 0.97241597312448924,
  "adj_r_squared": 0.97213450346249419,
  "f_statistic": 3454.7807612094825,
  "f_p_value": 3.1871000326603182e-78,
  "mse": 0.23929659816073906,
  "rmse": 0.48917951527096787,
  "mae": 0.3952606178940048,
  "residual_std_error": 0.48917951527096787,
  "log_likelihood": -69.38114295649936,
  "aic": 144.76228591299872,
  "bic": 152.57779647096299,
  "conf_int_lower": [-1.3640091512810331, 0.61734139738588634],
  "conf_int_upper": [-0.90648916631772747, 0.66048388788972923],
  "fitted_values": [4.0008268002295067e-05, -0.46401994130540691, -0.3006868042170403, -0.78714358464814427, -0.83028604350519908, -0.082537242902662511, 0.47803796052094594, 0.78436836626446471, 0.58301938498885741, 0.76478152902114238, 0.93514735403297888, 0.71454884682764463, 1.4394883888549601, 1.7759963908819554, 1.6897261441309888, 1.7375557084972366, 1.8580582413421383, 1.2526371826614453, 1.4311666581833167, 1.4462769730753426, 1.3837860125984056, 1.599258402254234, 2.4432121490084975, 2.6934602337446787, 2.5104873349217707, 2.7768297173752434, 3.2564286198557273, 3.4695364702698197, 3.3714226730186696, 3.1060671569538156, 3.3790796738225035, 3.5018794618803391, 3.7771545364971884, 3.9158230867163857, 4.1743091579214466, 3.8780203703295877, 4.2914938364319308, 4.2522413273340431, 4.8536368160586072, 4.4205345327114456, 4.9211344336913356, 4.8092550884658971, 4.4886575806544586, 4.3468000195329708, 4.3287846263693446, 4.5830548003975462, 4.8216060147700404, 4.6673381541253969, 4.7638839997783542, 5.5526496119752791, 6.001339802276684, 5.9319761876223929, 5.785217238035159, 5.7377317718238663, 5.8911808577872717, 5.5049069567358204, 5.5080736982676193, 5.0885127328829567, 5.4844356210551286, 5.8698396104689534, 5.8075560829876727, 6.4501760884695765, 6.0346529653561349, 5.6966030401711061, 6.0285159408319968, 6.5526960745921228, 7.1521028258488952, 6.9161942112774835, 7.271284554286181, 7.1919960932170452, 7.1226905460329206, 7.4406557818849928, 7.6183708448614302, 7.0598357662249329, 7.6731812827641708, 8.1007533867755068, 7.7883764768811883, 7.9250360238469169, 8.0811183156526294, 8.1448702200369656, 7.9594656945175233, 7.819968140027167, 7.957752256559834, 8.4660417297991373, 8.6499066520815155, 8.5156019846240305, 8.8155493235866054, 7.8980449666398158, 8.5617988119381288, 8.132724958788744, 8.3013932594206938, 8.2066009778265379, 8.1133793085821519, 8.8615932605652628, 8.8941409502777873, 9.2060687774607644, 9.3277778093418, 9.6093983987213107, 9.7077218259744811, 9.3711884938730527],
  "residuals": [-4.0008268002295067e-05, 0.56503004231550791, 0.50270700623724229, 1.0901738876784473, 1.2343264475456031, 0.58758774795316759, 0.12802264553966014, -0.077297659193757667, 0.22506142309195062, 0.14430938006976662, 0.074953656068031255, 0.39656226428346653, -0.22736717673374804, -0.46286507775064228, -0.27558472998957451, -0.22240419334572153, -0.24189662518052213, 0.46453453451027182, 0.38701515999850145, 0.47291494611657658, 0.63641600760361461, 0.52195371895788711, -0.22098992678627513, -0.37022791051235554, -0.086244910679346448, -0.25157719212271817, -0.63016599359310077, -0.74226374299709252, -0.54313984473584143, -0.17677422766088663, -0.34877664351947313, -0.37056633056720778, -0.54483130417395598, -0.5824897533830522, -0.73996572357801205, -0.34266683497605216, -0.65513020006829437, -0.51486758996030602, -1.0152529776747694, -0.48114059331750625, -0.88073039328729497, -0.66784094705175578, -0.24623333823021665, -0.0033656760986272133, 0.11565981807510026, -0.037600254943000885, -0.17514136830539423, 0.080136593349350513, 0.084600848706494022, -0.60315466248032912, -0.95083475177163335, -0.78046103610724182, -0.53269198550990637, -0.38419641828851209, -0.43663540324181765, 0.050648598819734957, 0.14849195829803774, 0.66906302469280143, 0.37415023753072968, 0.089756349127005891, 0.25304997761838777, -0.28855992685341464, 0.2279732972701275, 0.66703332346525701, 0.4361305238144681, 0.012960491064442867, -0.48543615918222816, -0.14851744360071609, -0.4025976855993128, -0.22229912352007544, -0.051983475325849612, -0.2689386101678215, -0.34564357213415814, 0.31390160751244062, -0.19843380801669552, -0.52499581101793213, -0.11160880011351193, -0.14725824606913879, -0.20233043686475047, -0.16507224023898662, 0.12134238629055791, 0.36185004179101476, 0.32507602626844823, -0.082203345960753932, -0.16505816723303082, 0.070256601234556265, -0.12868063671791871, 0.88983382123897181, 0.32709007695075981, 0.85717403111024593, 0.7895158314883961, 0.98531821409265485, 1.1795499843471409, 0.53234613337413228, 0.6008085446717073, 0.38989081849883128, 0.36919188762789723, 0.18858139925848758, 0.19126807301541787, 0.62881150612694769],
  "weights": [1, 1, 1, 1, 1, 1, 1, 1, 1, 1, 1, 1, 1, 1, 1, 1, 1, 1, 1, 1, 1, 1, 1, 1, 1, 1, 1, 1, 1, 1, 1, 1, 1, 1, 1, 1, 1, 1, 1, 1, 1, 1, 1, 1, 1, 1, 1, 1, 1, 1, 1, 1, 1, 1, 1, 1, 1, 1, 1, 1, 1, 1, 1, 1, 1, 1, 1, 1, 1, 1, 1, 1, 1, 1, 1, 1, 1, 1, 1, 1, 1, 1, 1, 1, 1, 1, 1, 1, 1, 1, 1, 1, 1, 1, 1, 1, 1, 1, 1, 1]
}
