{
  "test": "ols",
  "method": "lm",
  "dataset": "synthetic_interaction",
  "formula": "x1 ~ x2 + y",
  "n": 100,
  "k": 2,
  "df_residual": 97,
  "variable_names": ["Intercept", "x2", "y"],
  "coefficients": [2.7215148637937978, -0.76961724050717273, 0.19242509411577519],
  "std_errors": [0.18367196264658706, 0.043222011885342394, 0.0060296592102019216],
  "t_stats": [14.817258032084126, -17.806141059531939, 31.913096148153826],
  "p_values": [1.1799746135721787e-26, 2.4830887806000126e-32, 3.0475673352245625e-53],
  "r_squared": 0.91766970721646179,
  "adj_r_squared": 0.9159721754064919,
  "f_statistic": 540.59058088151846,
  "f_p_value": 2.5388877665207087e-53,
  "mse": 0.71209412476584277,
  "std_error": 0.84385669681874464,
  "conf_int_lower": [2.3569768609084218, -0.85540096964218382, 0.18045788967752466],
  "conf_int_upper": [3.0860528666791738, -0.68383351137216164, 0.20439229855402571],
  "residuals": [-2.3687057366270348, -0.25727688413009792, -0.74796016260403231, 0.26055291501740685, -1.1828942763526324, -0.79130674285505564, 0.45951329748319258, 0.15018129674700428, 0.32721565250707274, 2.4552624189847294, 0.8320107540339059, 0.38430880209773399, -1.3888240271793051, 0.56580231253837154, 0.14996073907650972, 0.66309944068216486, -0.034097314409472002, 0.6135687571876447, -1.9402527163168737, 0.3765150839259479, -1.0809791455088642, 0.66713093442828231, -0.54137234399983825, 0.47950706295751344, 0.080047587738758613, -0.98016111071580636, 0.920351137561642, -0.27880301065856061, -0.71987613337774226, 0.73776740080474235, 0.13052322942134578, 0.76612919925960932, -0.087008852844886297, -0.064676466056129422, 0.32342879689085369, -0.64636338202508858, 2.1298607469071666, 0.83493961663463279, 0.062385516838917104, -0.29474961696528551, 0.45291092089567864, 0.10148609908813219, 0.15782807917038069, 0.1593155811627944, 0.84447539954782225, 0.30026545411786132, -0.58184826637203313, -0.70333314115849566, 0.27327664012985098, -0.97104598591909008, 0.2835641372960388, -0.31051687750359469, 0.11184990185630225, 0.40331945877410769, -1.1492022496935164, -0.48068391509482922, 1.5938184354532541, -0.55161708589901071, -0.60313192721095366, 0.19267412193127695, -0.022039808750384332, 0.46228911391040939, -1.4871092328150683, -1.4430452939245846, -0.059643961660001715, 1.497579155330266, 0.091537183948259243, 0.14680844374429994, 1.113457007089222, 0.00075329486182482142, -0.22426885519922402, 0.087206265542347366, 1.1647571012100506, -1.2187531132946579, 0.25648762770969946, 0.24721628946896343, -0.77475887981791269, 0.87677975381603712, 0.44747716319561592, -0.15620878479510597, 0.37816512933583535, 0.054426642005646925, -1.2727261539939176, 0.37618590575303179, -0.56618956590410696, 1.1325234561508215, -0.20876723727261451, 0.67824463389724265, 1.4821558767614573, -0.48754592833253829, -0.51437951300010343, -1.0812318780078434, 0.65229894315052872, 0.64837261483613717, -1.7333836159889355, -1.0434319031070372, 0.094139397351731297, -0.97468997396961232, 0.22770718046487246, 0.66344596262893663],
  "vif": [
    {
      "variable": "x2",
      "vif": 2.1281708071877796,
      "rsquared": 0.53011290417923451
    },
    {
      "variable": "y",
      "vif": 2.1281708071877796,
      "rsquared": 0.53011290417923451
    }
  ]
}
