{
  "dataset": "synthetic_simple_linear",
  "alpha": 0.05,
  "n": 100,
  "p": 1,
  "df_residuals": 98,
  "mse": 0.09059302297084494,
  "train": {
    "predicted": [0.2720482230295632, 0.1630554480208805, 0.5206151880141299, 0.9075249887022958, 0.4300643902002503, 0.5295675895496681, 1.224465683121806, 1.057422027383507, 0.7507896726175904, 1.182581667901598, 0.9517739613904872, 1.050512621651905, 1.382375989252444, 0.7742155029829274, 0.9355607475944545, 1.416799809018236, 1.368364887597963, 1.903599309785225, 1.601773140253469, 1.535694380414947, 2.580147071330841, 2.124277689712558, 2.320079911700906, 1.929599558563192, 2.31815900039932, 2.632821570300318, 2.317978330829559, 2.918754285001974, 2.697678995734993, 2.898616641438589, 2.896323968550786, 3.801569939711274, 3.288453884789401, 3.045091674741126, 3.761957892119948, 3.190523842844125, 3.75945568675845, 3.146931130208186, 3.45377216845915, 4.05400822500511, 4.331338231921357, 4.244633415067822, 4.249891410616501, 4.288496275470706, 4.00139730135654, 4.350001473520181, 4.534607513197399, 5.13245116990301, 4.997675120568559, 4.405466862781188, 5.190256785182377, 5.056904983954436, 5.060579331006026, 5.583179069677423, 5.820358629881082, 5.887114293575895, 5.405282004434595, 5.678803170631078, 5.98859657915196, 6.299639623628423, 5.921490848369311, 6.117362270568519, 5.91456277323265, 5.984551875512976, 6.743602457225083, 7.02162489374571, 6.652167093764328, 7.104811675308182, 6.993547287561115, 6.762484116173723, 7.192463964927953, 7.678303324487269, 7.261034727736902, 7.886035187254405, 6.611619205271127, 7.841157118559753, 7.699370458768325, 7.672110090760503, 7.89991378818543, 7.316678729083714, 7.996652742290678, 8.285533557299075, 8.7530318580006, 8.19710356582697, 8.201308624876264, 8.401521164708139, 8.96633293608229, 8.873208128542629, 8.690819955637915, 9.132788346436717, 9.095633216395107, 9.481303891820207, 9.032240065842579, 9.254666434734427, 9.333003863210319, 9.08071299844562, 9.757974308851866, 9.845958776756117, 9.861419941112652, 9.882213794423176],
    "lower": [-0.3360738756558296, -0.4454300334295174, -0.08670840365371013, 0.3013604041654402, -0.1775452190377642, -0.07772802838425108, 0.619174013674493, 0.451678895811499, 0.1441679228018615, 0.5771786046045595, 0.3457353930757073, 0.4447504028502723, 0.7774934197721352, 0.1676631513615997, 0.3294761618045036, 0.8120041372344838, 0.7634467149264077, 1.299944698617104, 0.9974303808198633, 0.9311925420413628, 1.977804760841605, 1.521086177175124, 1.717270907823185, 1.326001269134017, 1.715346373752915, 2.030568028987056, 1.715165363314498, 2.316948724175858, 2.09553208849267, 2.296781405117754, 2.294485335646708, 3.200785365778207, 2.687142562985945, 2.443465800289767, 3.161139256626982, 2.589090944914749, 3.158634862548031, 2.545441946816696, 2.852650787305814, 3.453414734317992, 3.730902851340621, 3.644154434467021, 3.649415225157749, 3.688040014745262, 3.400767693129235, 3.749574783819296, 3.934253542216853, 4.53216750295414, 4.397397648463421, 3.80506455027429, 4.589966529109828, 4.456626369945531, 4.460300564516726, 4.982781479506388, 5.219843488593445, 5.286558907439522, 4.804946518145365, 5.078362964416723, 5.387973990482813, 5.698765825641889, 5.320913511350795, 5.516643957941389, 5.313989927156728, 5.383932104270975, 6.142252080652411, 6.419905525037096, 6.050926206377567, 6.502971358588925, 6.391867646373707, 6.161110397838924, 6.590490959429828, 7.075497367772186, 6.658954167049838, 7.282822787578722, 6.010424990826514, 7.238035072401049, 7.096524653285332, 7.069315789744977, 7.296673162678758, 6.714508469547295, 7.393211648938274, 7.681455122421964, 8.147799536502148, 7.593226381549269, 7.597421993484374, 7.797170546092589, 8.360524043897909, 8.267654811654365, 8.08574989515083, 8.526507784516069, 8.489459586266658, 8.873974296452076, 8.426246693349075, 8.64802846745434, 8.726130803950808, 8.474582041944245, 9.149752919669924, 9.237442880869148, 9.252851750191414, 9.27357501591073],
    "upper": [0.880170321714956, 0.7715409294712783, 1.12793877968197, 1.513689573239152, 1.037673999438265, 1.136863207483587, 1.829757352569119, 1.663165158955516, 1.357411422433319, 1.787984731198636, 1.557812529705267, 1.656274840453537, 1.987258558732753, 1.380767854604255, 1.541645333384405, 2.021595480801988, 1.973283060269517, 2.507253920953346, 2.206115899687075, 2.140196218788531, 3.182489381820078, 2.727469202249993, 2.922888915578628, 2.533197847992367, 2.920971627045726, 3.235075111613581, 2.92079129834462, 3.520559845828091, 3.299825902977316, 3.500451877759425, 3.498162601454864, 4.40235451364434, 3.889765206592857, 3.646717549192485, 4.362776527612914, 3.791956740773502, 4.360276510968869, 3.748420313599677, 4.054893549612485, 4.654601715692229, 4.931773612502093, 4.845112395668624, 4.850367596075253, 4.88895253619615, 4.602026909583845, 4.950428163221066, 5.134961484177945, 5.732734836851881, 5.597952592673696, 5.005869175288087, 5.790547041254925, 5.657183597963342, 5.660858097495326, 6.183576659848459, 6.420873771168719, 6.487669679712267, 6.005617490723824, 6.279243376845432, 6.589219167821108, 6.900513421614956, 6.522068185387827, 6.718080583195649, 6.515135619308571, 6.585171646754977, 7.344952833797755, 7.623344262454325, 7.253407981151089, 7.706651992027438, 7.595226928748523, 7.363857834508521, 7.794436970426077, 8.281109281202351, 7.863115288423966, 8.489247586930089, 7.212813419715741, 8.444279164718457, 8.302216264251317, 8.27490439177603, 8.503154413692101, 7.918848988620133, 8.600093835643081, 8.889611992176187, 9.358264179499052, 8.800980750104671, 8.805195256268153, 9.005871783323689, 9.572141828266671, 9.478761445430893, 9.295890016125, 9.739068908357366, 9.701806846523557, 10.088633487188339, 9.638233438336083, 9.861304402014513, 9.93987692246983, 9.686843954946994, 10.366195698033808, 10.454474672643085, 10.46998813203389, 10.490852572935623],
    "se_pred": [0.3064409533670152, 0.3066240668588385, 0.3060385748771393, 0.30545453550257, 0.3061827030005433, 0.3060244785341345, 0.3050146617784837, 0.3052421596513612, 0.3056849072720009, 0.3050707946465094, 0.3053910342232774, 0.3052517779646172, 0.3048085107700232, 0.3056499365828906, 0.3054142230516286, 0.3047647218450098, 0.3048264516998001, 0.304189725962342, 0.3045364931839061, 0.3046166552140856, 0.3035284398949373, 0.3039563642966543, 0.3037636130077159, 0.3041613446760588, 0.3037654385698716, 0.3034837079061244, 0.3037656103381989, 0.3032579644775147, 0.3034299735550283, 0.3032729183608102, 0.3032746299450615, 0.3027434753682421, 0.3030089107469845, 0.303167418082133, 0.3027606394491255, 0.3030701746017503, 0.3027617423734631, 0.303098537607647, 0.3029131970835083, 0.302647185935269, 0.3025675121134467, 0.302589482753462, 0.3025880742435654, 0.3025780339008718, 0.3026653860524362, 0.302563132661503, 0.3025264887144462, 0.3024910615616774, 0.3024879398961045, 0.3025508486636317, 0.3024943819102491, 0.3024885153168632, 0.3024885921537971, 0.302548469014698, 0.3026077046128098, 0.3026279845365971, 0.3025171740283956, 0.3025699438155179, 0.3026618488021069, 0.3027884365759779, 0.3026390458831024, 0.302710085399671, 0.3026367828363671, 0.3026604290624479, 0.3030285909736, 0.3032145311033335, 0.3029734178914406, 0.303275478442312, 0.3031945118678873, 0.3030403532033478, 0.3033423421132515, 0.3037620775012342, 0.3033965406281701, 0.3039668896082194, 0.3029498987644115, 0.3039213592485381, 0.3037821578345347, 0.303756204036527, 0.3039811129863473, 0.3034417410919779, 0.3040821314461244, 0.3044032964636006, 0.3049847555440803, 0.304301883563654, 0.3043066440923126, 0.3045404535320217, 0.305275297313671, 0.3051465094640462, 0.3049029900250751, 0.3055129780754277, 0.3054590936985595, 0.3060416002229461, 0.3053682594374414, 0.3056930794717118, 0.3058115455009183, 0.3054375898805067, 0.3064909871916181, 0.3066393931049315, 0.3066657452802469, 0.306701315322501],