{
  "test": "polynomial",
  "method": "lm",
  "dataset": "synthetic_autocorrelated",
  "formula": "x ~ poly(y, 3, raw=TRUE)",
  "degree": 3,
  "n": 100,
  "k": 3,
  "df_residual": 96,
  "df_model": 3,
  "variable_names": ["Intercept", "x^1", "x^2", "x^3"],
  "coefficients": [0.064415399546363619, 0.18985670178083597, 0.03992076775502261, -0.00095384294902135921],
  "std_errors": [0.22528673788051193, 0.10280636846091973, 0.013156610836070148, 0.00049034468364932257],
  "t_stats": [0.28592628288900168, 1.8467406700880316, 3.0342744231345571, -1.9452499044600928],
  "p_values": [0.7755506522273965, 0.067865295539376064, 0.0031022163011478498, 0.054670495086087095],
  "r_squared": 0.982504201680659,
  "adj_r_squared": 0.98195745798317957,
  "f_statistic": 1797.010566761335,
  "f_p_value": 3.5769427368952084e-84,
  "mse": 0.1549413957503373,
  "rmse": 0.39362595919265447,
  "mae": 0.31553188096600815,
  "residual_std_error": 0.39362595919265447,
  "log_likelihood": -46.617337319905737,
  "aic": 103.23467463981147,
  "bic": 116.26052556975193,
  "conf_int_lower": [-0.3827752407405246, -0.014212326738686831, 0.013805101652617016, -0.0019271694533037065],
  "conf_int_upper": [0.51160603983325181, 0.39392573030035877, 0.066036433857428203, 1.9483555260988166e-05],
  "fitted_values": [0.52246784398107449, 0.30683047154887899, 0.37839829655275287, 0.17955330817437171, 0.16402844459686253, 0.48134490108660488, 0.78298711987361103, 0.96933845216564396, 0.84518970523161163, 0.95698544490816517, 1.0663903663822147, 0.92557501405177345, 1.4153987605808922, 1.6681170073338492, 1.6018728325537011, 1.6384777146914036, 1.7320395785722724, 1.2818204572283407, 1.4093452450765063, 1.4203441465835187, 1.3750630839678419, 1.5334738525430427, 2.2124896543626877, 2.4304527381662684, 2.2703793151338876, 2.5046351790443668, 2.9458081806299261, 3.1493091026277042, 3.0550720931594517, 2.8049238022781546, 3.0623933215995498, 3.1805745948118491, 3.4505766781701555, 3.5891374166040535, 3.8517278122215037, 3.5512000502509053, 3.9725365994243198, 3.9319513774532893, 4.5660517540636656, 4.1067821481046529, 4.6387568298388935, 4.518404868090415, 4.1781507215618099, 4.0299203050897061, 4.0112027093094316, 4.2775974390294706, 4.5316516462195002, 4.3669177629920224, 4.4698284940548119, 5.3319203029988218, 5.8365700437683099, 5.7579927915108495, 5.5923911424472168, 5.5390072491112177, 5.7118691352739317, 5.2787672595677204, 5.2822893744758392, 4.8202663575952283, 5.2560107196709396, 5.6877678416560276, 5.6175390656919229, 6.349237044121292, 5.8743753585027196, 5.4928511999987526, 5.8674075654862472, 6.4672319419498034, 7.1620086210333342, 6.8877142858082019, 7.3008916740770484, 7.2084765557399795, 7.1277629310590536, 7.4985236025107458, 7.7061180951926627, 7.0546214469154567, 7.7701719402842455, 8.2698074753972222, 7.9048122441700732, 8.0645335413636374, 8.2468783422368102, 8.3213153264821607, 8.1047660404847992, 7.941737520606992, 8.1027639212391911, 8.6957026600857645, 8.9093784582797451, 8.7533542701445466, 9.1013276612923146, 8.0329906535757054, 8.8070575904007775, 8.3071368178272849, 8.5039218366103082, 8.3933613000896248, 8.2845501435105078, 9.1545773850419021, 9.1921884434476073, 9.5512166741184821, 9.6905133510245403, 10.010832061855583, 10.121940785917555, 9.7400773063718944],
  "residuals": [-0.52246784398107449, -0.20582037053877797, -0.17637809453255085, 0.12347699485593133, 0.24001195944354151, 0.023705603963900229, -0.17692651381300498, -0.26226774509493689, -0.037108897150803552, -0.047894535817256147, -0.056289356281204551, 0.18553609705933768, -0.20327754845968013, -0.35498569420253601, -0.18773141841228688, -0.12332619953988852, -0.11587796241065622, 0.43535125994337653, 0.40883657310531174, 0.4988477726084003, 0.64513893623417828, 0.58773826866907852, 0.0097325678595344342, -0.10722041493394541, 0.15386310910853654, 0.02061734620815818, -0.3195455543672997, -0.42203637535497729, -0.22678926487662326, 0.12436912701477446, -0.032090291296519316, -0.049261463498718017, -0.21825344584692327, -0.25580408327072024, -0.4173843778780697, -0.015846514897370059, -0.33617296306068367, -0.19457764007955181, -0.72766791567982769, -0.16738820871071375, -0.59835278943485293, -0.37699072667627409, 0.06427352086243239, 0.31351403834463698, 0.43324173513501263, 0.2678571064250741, 0.11481300024514576, 0.38055698448272535, 0.37865635443003653, -0.38242535350387219, -0.78606499326325996, -0.60647763999569781, -0.33986588992196409, -0.18547189557586385, -0.25732368072847778, 0.27678829598783472, 0.37427628208981711, 0.93730939998052909, 0.60257513891491832, 0.27182811793993222, 0.44306699491413759, -0.18762088250513034, 0.38825090412354224, 0.87078516363761083, 0.59723889916021722, 0.098424623706762693, -0.49534195436666717, -0.1200375181314346, -0.43220480539018036, -0.23877958604300989, -0.057055860351982957, -0.32680643079357474, -0.43339082246539051, 0.31911592682191736, -0.29542446553677082, -0.69404989963964703, -0.22804456740239715, -0.28675576358586041, -0.36809046344893193, -0.34151734668418221, -0.023957959676717808, 0.24008066121118946, 0.18006436158909145, -0.31186427624738122, -0.42452997343125987, -0.16749568428595957, -0.41445897442362789, 0.75488813430308144, 0.081831298488111076, 0.68276217207170431, 0.58698725429878151, 0.79855789182956727, 1.0083791494187844, 0.23936200889749257, 0.30276105150188715, 0.044742921841112671, 0.0064563459451568855, -0.21285226387578449, -0.22295088692765502, 0.25992269362810527]
}
