{
  "test": "wls",
  "method": "lm",
  "dataset": "synthetic_outliers",
  "formula": "x ~ y",
  "n": 100,
  "k": 1,
  "df_residual": 98,
  "df_model": 1,
  "variable_names": ["Intercept", "y"],
  "coefficients": [-0.33081449615312619, 0.53378931517864348],
  "std_errors": [0.19124448425575286, 0.016978143415179354],
  "t_stats": [-1.7297988877458301, 31.439793040115784],
  "p_values": [0.086814496429298685, 5.379102283753198e-53],
  "r_squared": 0.90979884477517503,
  "adj_r_squared": 0.90887842482390135,
  "f_statistic": 988.46058640531305,
  "f_p_value": 5.379102283753198e-53,
  "mse": 0.7825119114364153,
  "rmse": 0.88459703336401441,
  "mae": 0.63387568239937642,
  "residual_std_error": 0.88459703336401441,
  "log_likelihood": -128.6214112345549,
  "aic": 263.2428224691098,
  "bic": 271.05833302707407,
  "conf_int_lower": [-0.71033295101292737, 0.50009674213324251],
  "conf_int_upper": [0.048703958706674988, 0.56748188822404444],
  "fitted_values": [0.69216024162740042, 0.89306038229779572, 0.83214413916882179, 1.4083875882431109, 1.1913114016724295, 1.3372849341142312, 1.3989466172262914, 1.6160982203529548, 1.4320951728623608, 1.1185411362017412, 1.65221040289437, 1.4525693176982188, 1.5662051935300896, 1.9446647547764946, 2.1995356360835498, 1.9555989388904338, 2.1132247188174178, 2.5659880814258482, 2.256808913003602, 2.9678056684820193, 2.505239016767673, 1.9652465087989233, 2.7171247054787848, 2.6986681570533544, 3.0220443090750266, 2.9383618646084013, 2.8026173648956085, 2.5936890377369504, 2.9455376745835138, 2.8552026688326273, 3.0081405958397913, 3.4010448038767636, 3.7705221320266515, 3.5110464329097364, 3.1674130787050894, 3.6861271249282135, 3.9677167678856535, 3.5664715865110792, 3.7743280891194249, 3.8948939245989997, 3.7623657263500858, 4.2257506462416803, 4.1013248160867928, 4.3264533677261676, 4.0584926478207581, 4.259481454420488, 4.649913631807725, 4.4384838991623541, 5.0797856703383726, 4.5930846506408454, 4.8405897354723173, 5.1104032622373872, 4.5638226838325506, 4.5533036244727318, 4.6969417387168901, 5.5219853793214417, 5.1185976054401419, 6.0295324876861214, 5.2770452646196455, 5.5577728600998038, 6.0009751799475177, 6.2056869156358934, 6.3013529013302847, 6.1545322704478691, 6.1862197652341804, 6.1519223942436296, 6.2823976988949477, 6.0084259319294278, 6.0180387130925554, 6.3163881682347336, 6.3527445953006811, 6.3580789857878219, 6.7457823891278244, 6.8957633252905461, 6.7452699633676856, 7.1968966917499131, 6.578718250465089, 6.9126194695482743, 6.8538672657784616, 6.6278918312629456, 7.1848706181838145, 7.2553210609252039, 7.7726236404552287, 7.6179294269730269, 7.2570963356000577, 8.1061708969840289, 8.0180880353920827, 7.9284366015370651, 7.7935076072407901, 7.6787629656561283, 7.9163693411337537, 8.38716770020892, 8.6804496959385293, 8.6702243011401912, 8.2087467180111222, 11.482271047137496, 12.354251796674831, 13.108079494614042, 13.665000715450404, 11.869850837977246],
  "residuals": [-0.69216024162740042, -0.79205028128769472, -0.63012393714861981, -1.105357285212808, -0.78727099763202557, -0.83223442906372624, -0.79288601116568536, -0.90902751328224773, -0.62401436478155281, -0.20945022711083211, -0.64210939279335999, -0.34145820658710763, -0.35408398140887742, -0.63153344164518155, -0.78539422194213571, -0.44044742373891871, -0.49706310265580178, -0.84881636425413098, -0.43862709482178402, -1.0486137492901, -0.48503699656565252, 0.15596561241319779, -0.49490248325656228, -0.37543583382103135, -0.59780188483260244, -0.41310933935587607, -0.17635473863298218, 0.13358368953577682, -0.11725484630068542, 0.07409026046030158, 0.02216243446323897, -0.26973167256363245, -0.5381988997034195, -0.17771309957640308, 0.26693035563834505, -0.15077358957467801, -0.33135313152201745, 0.1709021508626582, 0.064055749264413528, 0.044500014794939827, 0.27803831405395507, -0.084336504827539349, 0.14109942633744987, 0.016980975708176221, 0.38595179662368673, 0.28597309103405716, -0.0034489853430788239, 0.30899084831239332, -0.23130082185352369, 0.35641029885410491, 0.2099153150327332, 0.041111889277764116, 0.68870256869270186, 0.80023172906262208, 0.75760371582856434, 0.033570176234113541, 0.53796805112551449, -0.27195673011036375, 0.58154059396621238, 0.4018230994961553, 0.059630880658543231, -0.044070754019731387, -0.038726638704022168, 0.2091040931884946, 0.27842669941228432, 0.41373417141293595, 0.38426896777171965, 0.75925083574733943, 0.85064815559431273, 0.65330880146223602, 0.71796247540638958, 0.81363818592934911, 0.52694488359944847, 0.47797404844682756, 0.729477511379789, 0.37886088400766171, 1.0980494263025871, 0.86515830822950313, 1.0249206130094177, 1.3519061485350339, 0.89593746262426699, 0.92649712089297753, 0.51020464237305296, 0.76590895686535743, 1.2277521492484265, 0.47968768887455848, 0.66878065147660426, 0.85944218634172165, 1.0953812816480992, 1.3111360242428611, 1.1745397497753363, 0.80475149171027194, 0.61247959699076371, 0.72371509279920399, 1.2862027769383726, -1.8863114511779009, -2.6572820997051343, -3.3100996966342451, -3.7660108164605051, -1.8698508379772454],
  "weights": [1, 1, 1, 1, 1, 1, 1, 1, 1, 1, 1, 1, 1, 1, 1, 1, 1, 1, 1, 1, 1, 1, 1, 1, 1, 1, 1, 1, 1, 1, 1, 1, 1, 1, 1, 1, 1, 1, 1, 1, 1, 1, 1, 1, 1, 1, 1, 1, 1, 1, 1, 1, 1, 1, 1, 1, 1, 1, 1, 1, 1, 1, 1, 1, 1, 1, 1, 1, 1, 1, 1, 1, 1, 1, 1, 1, 1, 1, 1, 1, 1, 1, 1, 1, 1, 1, 1, 1, 1, 1, 1, 1, 1, 1, 1, 1, 1, 1, 1, 1]
}
