{
  "test_name": ["Cook's Distance (R - stats::cooks.distance)"],
  "dataset": ["synthetic_nonlinear"],
  "formula": ["x ~ y"],
  "distances": [0.036757520864354715, 0.033777031628272558, 0.034303727597714481, 0.027366385538374702, 0.026604139373064901, 0.023426914220562822, 0.021615436912492066, 0.020049130186045545, 0.019232922822726421, 0.016436467134715312, 0.017760213667760684, 0.012698421013022605, 0.012357124025826964, 0.010572902930591778, 0.012195836238886358, 0.0089816373255977213, 0.0090527492532681293, 0.0041808044772681571, 0.0057500543897451763, 0.0056610576705209371, 0.0036791633299743057, 0.0041504630345778138, 0.0015802727787091401, 0.0031058185410330411, 0.003484681113136942, 0.00044396469340300421, 0.00017110479228276874, 0.0010696321931869764, 0.00081883000774466048, 6.1852209172740194e-05, 0.00015315046778564909, 0.00025658608268246097, 0.0017613912136820338, 0.001553257941246052, 0.0021843142660145946, 0.0022404959095174075, 0.001458345421519715, 0.0014296331390294674, 0.00039518063794100581, 0.0050023369936452334, 0.0013272021842334288, 0.0038325345098166579, 0.0038291500982128844, 0.0026228539958716075, 0.0081011925818297303, 0.0037857043130828058, 0.0045797732080967782, 0.0040199904397926088, 0.0047194284179534187, 0.0012279046005872212, 0.0079174055778495015, 0.0076397630459283635, 0.0080253192460521296, 0.0078016290639799542, 0.0080579702972872463, 0.0034203822227111395, 0.0030515914388206467, 0.0075363458362213507, 0.0082050084718191321, 0.0046699334224967236, 0.0069610271389041762, 0.0042013167519742234, 0.0048938267947838156, 0.0089845754591931573, 0.0027171413394690919, 0.0024089775775310608, 0.0058569813410459656, 0.0052637306319608893, 0.0040985590228690373, 0.003951290810028033, 0.003480297828572807, 0.0019974501986007131, 0.0043857381313720713, 0.0051341637089902976, 0.0058591514513312258, 0.0048741991695873763, 0.00392034548573705, 0.0017015601953691666, 0.0043577093208730941, 0.0032773598630901593, 0.003440606965584929, 0.0016833222161867925, 0.00023010112267848697, 0.0035612984043959001, 0.0032236574098799403, 0.00081775335505085, 0.00091951794918930594, 1.1023619200482883e-07, 0.00042290696049750143, 0.0011198424543142603, 2.8314104523183444e-05, 0.00030394008229019234, 0.00041141586766550313, 0.00052400528587984304, 0.0028208407815729503, 0.0051415872190325789, 0.0093047325124915314, 0.0075754756757912683, 0.0056231847396013834, 0.011325502546017172],
  "p": [2],
  "mse": [3.3525324491258179],
  "threshold_4_over_n": [0.040000000000000001],
  "threshold_4_over_df": [0.040816326530612242],
  "threshold_1": [1],
  "influential_4_over_n": [],
  "influential_4_over_df": [],
  "influential_1": [],
  "max_distance": [0.036757520864354715],
  "max_index": [1],
  "description": ["Measures influence of each observation on regression coefficients. D_i > 1 indicates high influence."]
}
