{
  "test": "polynomial",
  "method": "lm",
  "dataset": "synthetic_collinear",
  "formula": "x1 ~ poly(x2, 2, raw=TRUE)",
  "degree": 2,
  "n": 100,
  "k": 2,
  "df_residual": 97,
  "df_model": 2,
  "variable_names": ["Intercept", "x^1", "x^2"],
  "coefficients": [3.2977645285344201, 0.28674845798380161, 0.014461252454775373],
  "std_errors": [0.93996776575060426, 0.85804389328198993, 0.16203049258652286],
  "t_stats": [3.5083804452602849, 0.33418856567698196, 0.089250191269110601],
  "p_values": [0.00068513249735622952, 0.73895872959325803, 0.92906709689451594],
  "r_squared": 0.035188709374386049,
  "adj_r_squared": 0.015295693072827077,
  "f_statistic": 1.7688976292463123,
  "f_p_value": 0.17597674905327085,
  "mse": 7.378375656678311,
  "rmse": 2.7163165604690316,
  "mae": 2.2804431111480334,
  "residual_std_error": 2.7163165604690316,
  "log_likelihood": -240.29856862951013,
  "aic": 488.59713725902026,
  "bic": 499.0178180029726,
  "conf_int_lower": [1.4321887097434343, -1.4162311516306725, -0.30712442302296356],
  "conf_int_upper": [5.1633403473254056, 1.9897280675982756, 0.33604692793251428],
  "fitted_values": [3.9470589270234067, 5.0551445044269103, 3.4629376404206162, 3.925413384000815, 5.0275287771953625, 4.8095027370504511, 4.7105960612870694, 3.6915775643522082, 3.5533309319300908, 4.4180613662439612, 4.9425191443494851, 4.2080882879904085, 4.23543694122682, 3.7275222177317482, 4.6150887824989546, 3.5785853653865836, 3.799714140253835, 3.973166522522932, 4.1187021524055023, 3.6665620892501294, 3.4671786334399002, 4.3080357274109122, 3.7417046634019679, 4.2532493152920399, 3.5276953944961735, 4.0712884192270895, 4.1639094212397243, 3.37303708192941, 3.8213306968988494, 3.4970124318533458, 3.3900799534401651, 5.0714207509671123, 3.7975043105149853, 4.6960429355266955, 3.6862959677850737, 4.4427755592049216, 4.5966810807473788, 4.280023050894731, 4.054282068859461, 3.949558651971119, 3.8419533546307729, 4.9428416575900407, 4.7380894920310297, 5.0180501940223703, 3.4815603007350333, 4.5387583283400676, 4.9614250298091749, 3.5694806891372863, 3.3947016415479871, 4.5589151672055115, 4.2407232565125357, 4.7609384979600904, 3.5052250862671599, 4.6666234183953641, 3.6015436848015994, 3.5420879646884829, 3.5430346404296778, 4.7055423382285309, 4.4114589441533099, 4.1466195891807045, 3.8587854930204863, 4.8336354392874252, 3.9161102560669727, 4.7096392823379745, 3.9970883236539487, 3.8895746345811837, 4.0385220459856708, 3.7627001231654105, 4.5717107161729995, 4.1099050213750195, 3.650192447204307, 4.8800862156685199, 3.9014453696295339, 4.1838935744414218, 4.894479202144689, 4.3336399602568978, 3.4703065734009, 4.964576564466368, 4.3401857372304793, 3.8184828634567127, 3.5044573070001102, 4.664128837151404, 4.3257943159372312, 4.1654951030397136, 4.868255534596905, 4.6532408025684795, 3.5235443430469373, 3.7798238714695263, 3.6763573374674992, 4.5644834942653754, 3.346247912847137, 4.2322555318812087, 4.6011075772073777, 4.8327361203431423, 3.83052796442573, 4.7190755526377473, 3.4608068479577363, 4.7703894654184209, 3.4864265134068022, 3.9244352049903046],
  "residuals": [4.6765781604440457, 4.4400617321495117, -1.9922028311302369, 5.3404628676141295, -0.10636584639998092, -2.2270588540608673, -0.11923849890445681, 6.1087481885025632, 1.3728500079986055, -1.1305452633688797, 1.3914893988177726, -1.8066321002084775, -3.4768036601401811, -2.4387249986252559, -3.33463039292123, -2.0595584302636398, -2.4114424137597337, 2.4355809255092145, -2.299901308414054, -0.20988925601149744, 5.5007054656202179, 0.43158067521781041, 2.9338727218083034, -2.5300506032757411, -1.6048052064094658, -3.6626022565623013, -2.4745587905180786, -0.58713369160982387, -2.0512258541313813, -2.6099870942827894, -2.183721242434157, -0.46363307063985426, -1.7341671264570602, -1.0533443250459409, 1.3478767407634953, 2.4611727270887318, -4.2035596823363894, 3.7140809381956954, 2.2247218260496164, -3.1319683324823999, 4.893832886437, 4.2658823477280912, -4.1273098934823924, -2.2492737125503326, 4.58045249719558, 2.9438385754965153, -3.1162148362454016, -1.4759874557701833, 0.31001938636583287, 0.28631468470470206, 1.9418244587904239, -1.0718021022623669, 1.1201220750643193, 2.8080859629422013, -3.2347116558956204, -1.0177185212482756, 3.5904612184158466, 4.2465260386434629, 0.70531547700335118, 1.1745152634724525, -2.7870653796227258, -0.35951177105287835, 1.4100624084832587, -2.2849342459906774, -1.3046560141601393, -0.1167330035349573, -3.8378100682084066, -0.54190846733362752, -2.4572306462075537, -0.83493149959587332, -2.4525711290117949, 4.0251865917304297, 2.0344791659109527, 2.607129617003475, 2.9972331839286936, 0.6507820290336741, -2.6011036925266633, 0.40648885371911003, 1.5282254429783118, 3.6359118783865876, 0.81213815529668421, -3.3883258091957664, -1.4880352579499867, -0.53467213905336264, 1.5909168787191073, 1.0545422441206402, 0.037422915931525136, 6.08532861646027, 2.3813908561013721, -2.1922155769054306, -2.3284231866430996, -2.7036641400378887, -2.1415302933622966, -3.2259223877475853, -1.9648577239126723, -1.8681238656992769, -1.7270708950101881, 4.1972647808458303, -2.6840890567903801, 1.3206786907122421]
}
