{
  "test": "polynomial",
  "method": "lm",
  "dataset": "synthetic_collinear",
  "formula": "x1 ~ poly(x2, 3, raw=TRUE)",
  "degree": 3,
  "n": 100,
  "k": 3,
  "df_residual": 96,
  "df_model": 3,
  "variable_names": ["Intercept", "x^1", "x^2", "x^3"],
  "coefficients": [1.1332694641454553, 4.5754112745774345, -2.004696180590281, 0.26226250217869551],
  "std_errors": [1.4311613658442799, 2.3213842001942728, 1.0303347407168941, 0.1322112119975401],
  "t_stats": [0.79185303012767516, 1.9709840681238917, -1.9456746447231685, 1.983663096467001],
  "p_values": [0.43039865849352288, 0.051605330287617573, 0.05461867961821909, 0.050149657204979846],
  "r_squared": 0.073177978557379217,
  "adj_r_squared": 0.044214790387297254,
  "f_statistic": 2.5265857518051096,
  "f_p_value": 0.062008560290256594,
  "mse": 7.1616852632910311,
  "rmse": 2.6761325197551469,
  "mae": 2.2608799440871299,
  "residual_std_error": 2.6761325197551469,
  "log_likelihood": -238.29001985670146,
  "aic": 486.58003971340293,
  "bic": 499.6058906433434,
  "conf_int_lower": [-1.7075633943124919, -0.032499943824304545, -4.0498944765298743, -0.0001746794437912369],
  "conf_int_upper": [3.9741023226034025, 9.1833224929791726, 0.040502115349312362, 0.52469968380118226],
  "fitted_values": [4.3468801920966351, 6.3206461743234819, 3.1133857207559146, 4.366533531752764, 6.0789186634656094, 4.6453030093326904, 4.2492167791395197, 4.2621846675822601, 3.7427154613954601, 3.8232590470725025, 5.4223041562529302, 3.9926493524159508, 3.9574952726865478, 4.3292363085253456, 3.9984043403284932, 3.8734281712320255, 4.3990929458996444, 4.3192989747450454, 4.1200657908650395, 4.2008456244491654, 3.1491215161249313, 3.8796311425672743, 4.3493929887846328, 3.9361053437275633, 3.5910236027119344, 4.1897825207028383, 4.053963537724667, 2.1888029354171459, 4.4056340238477558, 3.3824085757025513, 2.3901558349200061, 6.4698208534429007, 4.3980840385532796, 4.2030071902852857, 4.2502814953213646, 3.8236743763781487, 3.9636873297345527, 3.9065965527632054, 4.2141984358354891, 4.344412795474101, 4.4065782722511546, 5.4245517090027526, 4.3447494756352372, 5.9992148426502894, 3.2654752271042913, 3.8808787288600168, 5.5571424802346403, 3.828366614715101, 2.4425406427390386, 3.9052791273039964, 3.9510128589882676, 4.4325357436679704, 3.4412584661094776, 4.1185565720654935, 3.9771738158788925, 3.6786228028853918, 3.6841641840850246, 4.2328322599167851, 3.8240440286925343, 4.079000538321921, 4.4038286227666958, 4.7646925608199791, 4.3739676817421946, 4.2460871121279213, 4.2909018256757046, 4.3914243797572619, 4.2362998478608267, 4.3732013443047739, 3.9231811968306927, 4.1330739544726161, 4.1536362457635558, 5.0209553554951496, 4.384332439759552, 4.0256612020385747, 5.1075982358164191, 3.8589720232359186, 3.1750588164510436, 5.5802331263035514, 3.8543566377043543, 4.4051079432385425, 3.4358518963362199, 4.1119370266978423, 3.8648699097869064, 4.0516900191872951, 4.9523257723592176, 4.0840179591970216, 3.5645696297375915, 4.3876112403684857, 4.226378074404753, 3.9128360794882897, 1.8452757079538571, 3.961448485199373, 3.9716536989383462, 4.7600771223081795, 4.4066665532675824, 4.2775224092980277, 3.0951819541194423, 4.4711209726755046, 3.3031884995567959, 4.3673451810297426],
  "residuals": [4.2767568953708173, 3.1745600622529402, -1.6426509114655354, 4.8993427198621804, -1.1577557326702277, -2.0628591263431071, 0.34214078324309338, 5.5381410852725113, 1.1834654785332364, -0.53574294419742086, 0.91170438691432787, -1.5911931646340201, -3.1988619915999088, -3.0404390894188538, -2.7179459507507691, -2.3544012361090818, -3.0108212194055435, 2.089448473287101, -2.3012649468735908, -0.74417279121053315, 5.8187625829351868, 0.85998526006144893, 2.3261843964256386, -2.2129066317112649, -1.6681334146252269, -3.7810963580380497, -2.3646129070030213, 0.59710045490244035, -2.6355291810802877, -2.4953832381319954, -1.1837971239139979, -1.8620331731156432, -2.3347468544953545, -0.56030857980453153, 0.78389121322720479, 3.0802739099155048, -3.5705659313235634, 4.087507436327221, 2.0648054590735887, -3.5268224759853819, 4.3292079688166183, 3.7841722963153792, -3.7339698770865999, -3.2304383611782521, 4.796537570826322, 3.6017181749765665, -3.7119322866708666, -1.7348733813479982, 1.2621803851747813, 0.93995072460621676, 2.231534856314692, -0.74339934797024654, 1.1840886952220018, 3.3561528092720714, -3.6103417869729135, -1.1542533594451843, 3.4493316747604998, 4.7192361169552086, 1.2927303924641267, 1.242134314331236, -3.3321085093689353, -0.29056889258543261, 0.95220498280803656, -1.8213820757806249, -1.5984695161818949, -0.61858274871103558, -4.035587870083563, -1.1524096884729909, -1.8087011268652466, -0.85810043269346936, -2.9560149275710437, 3.8843174519038, 1.551592095780935, 2.7653619894063217, 2.784114150256964, 1.125449966054654, -2.3058559355768065, -0.20916770811807317, 2.0140545425044367, 3.0492867986047578, 0.88074356596057402, -2.8361339987422047, -1.0271108517996619, -0.42086705520094436, 1.5068466409567949, 1.6237650874920972, -0.0036023707591291698, 5.4775412475613106, 1.8313701191641178, -1.5405681621283449, -0.82745098174981968, -2.4328570933560529, -1.5120764150932648, -3.153263389712623, -2.5409963127545243, -1.4265707223595572, -1.3614460011718943, 4.4965332735887467, -2.5008510429403739, 0.87776871467280393]
}
