{
  "test_name": ["Cook's Distance (R - stats::cooks.distance)"],
  "dataset": ["synthetic_nonnormal"],
  "formula": ["x ~ y"],
  "distances": [0.0056380193611745323, 0.0027057593300367075, 0.011184300446956183, 0.0082044895414340475, 0.009606462452578483, 0.0010426503272781564, 0.015091212881426367, 0.0060950422925184081, 3.2702259778736935e-06, 0.083239862204689305, 4.5061233590795284e-06, 0.0061807345468427501, 4.4903952200032452e-06, 0.00052602406243492804, 0.0028323082301949403, 0.0091502078790746122, 0.0018462088046759361, 0.00049052229027477965, 0.038340927643654883, 0.0033896713800036118, 2.7812421907143469e-07, 0.019818877350180363, 0.0075164631917251177, 0.019990473429591812, 0.00016267864159063869, 0.0074825283143442412, 0.0034177519757398306, 0.00028621709721255313, 0.0068434896578940451, 0.00016426454423082483, 0.0024739636111600952, 2.6651788802556655e-05, 0.0063963496220435286, 0.0052433673349968268, 0.029945585976330562, 0.026092909688917931, 0.00056533636671199806, 0.0045690855371861121, 0.00063634266123989262, 0.0055800560523040447, 0.0054862616611726358, 0.0021758487342849694, 0.00072094885451585544, 0.00070871043880153437, 2.7159693604645793e-05, 0.001029780428338312, 0.0025211413497826345, 0.11669946539652681, 0.0011824284332401765, 0.00099269205849861295, 0.0035052395956038916, 0.0010429820476694916, 3.5227056352331723e-05, 0.0030164990495635366, 0.0043233258122609393, 7.3059845930558842e-06, 7.1044079123376875e-06, 0.0026866239085599434, 0.019458471355215584, 0.0039760514905338058, 0.0013826115238467222, 0.017925249100232396, 0.0015881910220689485, 5.5395409230155995e-05, 0.0019198172152693866, 0.0033084539555554076, 0.071441333127931703, 0.0020130165768444618, 0.0084069620775709605, 0.004359198301528487, 0.0047401886535049457, 0.0072903364815067847, 5.6416020918931263e-05, 0.0031334218389107191, 0.0058748357731058217, 0.0019004692545979197, 0.054918483882139886, 0.0067111523503299653, 0.0071577576845402906, 0.0010351019613510327, 0.00089982407088575692, 0.0049867029906802557, 0.00068665161753010933, 0.00036492296581083403, 0.010119248692523, 0.012677820304709417, 0.024505895876081606, 0.00059272372482386106, 0.0021021906765037145, 0.0034088669935706285, 0.01329846933909098, 0.013627770604495063, 2.4488995701253493e-05, 0.0055485723245023155, 0.013015254900384587, 0.0041471021615064434, 0.018618280014078382, 0.0018617761731589536, 0.012734233678144405, 0.0026871214736329395],
  "p": [2],
  "mse": [0.13205911725430589],
  "threshold_4_over_n": [0.040000000000000001],
  "threshold_4_over_df": [0.040816326530612242],
  "threshold_1": [1],
  "influential_4_over_n": [10, 48, 67, 77],
  "influential_4_over_df": [10, 48, 67, 77],
  "influential_1": [],
  "max_distance": [0.11669946539652681],
  "max_index": [48],
  "description": ["Measures influence of each observation on regression coefficients. D_i > 1 indicates high influence."]
}
