{
  "dataset": "synthetic_nonlinear",
  "alpha": 0.05,
  "n": 100,
  "p": 1,
  "df_residuals": 98,
  "mse": 3.352532449125818,
  "train": {
    "predicted": [-0.08895423499959465, -0.2072951546556647, -0.05123495958148627, -0.5967816006524396, -0.5218701525574458, -0.7926914675792445, -0.8848977643933058, -0.9443345193794035, -0.8789400565122556, -1.177672594602559, -0.7458404581737181, -1.469902703051158, -1.337229931004919, -1.487619478716712, -0.9957398393078178, -1.436571574646867, -1.251208816700784, -2.062898199138073, -1.596426139683254, -1.463589081615318, -1.753899839108692, -1.506117846919666, -2.020566322776009, -1.48387918525741, -1.253085012786683, -2.078618589609937, -2.130700463639861, -1.587677914495762, -1.570113182567676, -2.214088646633938, -2.196233543477722, -2.1640596463106, -2.486724052309821, -2.361459652751856, -2.385148978703874, -2.309123966781397, -2.081169583237543, -1.98811826014708, -1.578790440079306, -2.319468656894514, -1.703928753689293, -2.034190179507938, -1.954020058214463, -1.703119837748925, -2.201275105342513, -1.709999606323949, -1.728777452290459, -1.582138552608844, -1.5898242838297, -0.8866368566432914, -1.749543565374828, -1.65372997790235, -1.613625261282328, -1.522167166085758, -1.471699026086545, -0.8479862055270979, -0.6966667188317044, -1.205131903278604, -1.193682242441612, -0.7113460364771351, -0.920036664432792, -0.4657959133918999, -0.4899920004658793, -0.8951701731282711, 0.1306044062172487, 0.3198537965177053, -0.280310781718671, -0.09070263363660702, 0.2364214716975948, 0.3806584009445193, 0.6107793959623136, 1.151263030878566, 0.6391425333124623, 0.5980343418309606, 0.5726176566207233, 0.9178079900738454, 1.281401757486302, 1.985895176885605, 1.458386479987609, 1.8459561523554, 1.944190975686876, 2.477389468538521, 3.054155833274396, 2.322364471569935, 2.519280629833764, 3.165231910174244, 3.248961688647565, 3.792147730482312, 3.614403816478125, 3.535695752129028, 4.025711476046776, 4.390469431778019, 4.518227708229933, 4.642182445243908, 5.030246438541312, 5.285626050175626, 5.57756511901812, 5.590704904743713, 5.58291085054212, 5.915950175797708],
    "lower": [-3.740648623920828, -3.859111041074976, -3.702911022779322, -4.249682645232187, -4.174480862379167, -4.446535463027444, -4.539277483655565, -4.599090738211463, -4.533283384025743, -4.834142963257857, -4.39943478332269, -5.129049951428208, -4.995088876765061, -5.146947943968341, -4.650841380015556, -5.095383754927518, -4.908297323350723, -5.729283769770884, -5.25691493785108, -5.1226722733886, -5.416212215627924, -5.165637830759966, -5.686355174096972, -5.143169212694793, -4.910189778804307, -5.745228883432411, -5.798067355949441, -5.248070407313159, -5.230313903374137, -5.882705571783572, -5.8645788103295, -5.831920903102331, -6.159759407326152, -6.032401946422102, -6.056478897769036, -5.979223473212864, -5.747816503123738, -5.653458028697139, -5.239085633933752, -5.989733266497598, -5.36564398651994, -5.700169736094187, -5.618895682299559, -5.364825545375282, -5.869696856732729, -5.371786468644648, -5.390787476524796, -5.242470337362587, -5.250240356323419, -4.541027245171418, -5.411803202566304, -5.314862629834012, -5.274304932418838, -5.181855222110483, -5.130864549738563, -4.50214440734018, -4.350015334407971, -4.861828725457871, -4.850284007973361, -4.364766248862183, -4.574636017633085, -4.118214730660215, -4.142490948246104, -4.549613216342969, -3.521121674554321, -3.332167710997928, -3.932250048253677, -3.742398111152942, -3.415439202169791, -3.271510706669203, -3.042180209000187, -2.504994452378019, -3.013939889521037, -3.05487188836923, -3.080185489664406, -2.736777179311213, -2.375951354883827, -1.679414088197173, -2.200644133724417, -1.817501188654963, -1.720552335096508, -1.195486225945795, -0.6296964722541309, -1.347946486646956, -1.154316223258132, -0.5209928761765421, -0.4391064493729311, 0.09097882701028315, -0.08226093743773388, -0.1590418716121871, 0.3183042891007744, 0.6725978613151486, 0.7964839239321737, 0.9165795874116012, 1.291915067865439, 1.538386809889908, 1.819630517439478, 1.832276137011175, 1.824775337085698, 2.144940728895489],
    "upper": [3.562740153921639, 3.444520731763646, 3.60044110361635, 3.056119443927308, 3.130740557264276, 2.861152527868954, 2.769481954868954, 2.710421699452656, 2.775403271001231, 2.478797774052738, 2.907753866975254, 2.189244545325893, 2.320629014755224, 2.171708986534917, 2.65936170139992, 2.222240605633784, 2.405879689949156, 1.603487371494738, 2.064062658484572, 2.195494110157964, 1.908412537410541, 2.153402136920633, 1.645222528544954, 2.175410842179973, 2.404019753230941, 1.587991704212536, 1.53666642866972, 2.072714578321635, 2.090087538238784, 1.454528278515697, 1.472111723374056, 1.503801610481131, 1.18631130270651, 1.309482640918391, 1.286180940361288, 1.360975539650069, 1.585477336648652, 1.677221508402978, 2.081504753775139, 1.350795952708571, 1.957786479141354, 1.631789377078311, 1.710855565870633, 1.958585869877432, 1.467146646047703, 1.95178725599675, 1.933232571943878, 2.078193232144898, 2.070591788664019, 2.767753531884835, 1.912716071816647, 2.007402674029311, 2.047054409854182, 2.137520889938968, 2.187466497565473, 2.806171996285984, 2.956681896744561, 2.451564918900662, 2.462919523090138, 2.942074175907912, 2.734562688767501, 3.186622903876416, 3.162506947314346, 2.759272870086428, 3.782330486988818, 3.971875304033339, 3.371628484816335, 3.560992843879728, 3.88828214556498, 4.032827508558242, 4.263739000924815, 4.807520514135151, 4.292224956145962, 4.250940572031151, 4.225420802905852, 4.572393159458904, 4.938754869856432, 5.651204441968384, 5.117417093699634, 5.509413493365763, 5.60893428647026, 6.150265163022837, 6.738008138802924, 5.992675429786827, 6.192877482925661, 6.85145669652503, 6.937029826668061, 7.493316633954342, 7.311068570393983, 7.230433375870242, 7.733118662992778, 8.108341002240889, 8.239971492527692, 8.367785303076214, 8.768577809217184, 9.032865290461345, 9.335499720596761, 9.349133672476253, 9.341046363998544, 9.686959622699927],
    "se_pred": [1.840138209686939, 1.84019943392007, 1.840128975106973, 1.84074625979921, 1.840599956186437, 1.841221425499867, 1.841491383978069, 1.841681107205298, 1.841473045683485, 1.842544890493526, 1.841095613258069, 1.843893806403269, 1.843244613283986, 1.843985124038218, 1.841855119570627, 1.843724961056051, 1.84285637859238, 1.847541294921822, 1.844569831493894, 1.84386152741395, 1.845488757298025, 1.844081632846279, 1.847240599987021, 1.843965754703559, 1.842864571907745, 1.847654535977577, 1.848035796191943, 1.84452130192481, 1.84442466541384, 1.848665704652883, 1.848528812361079, 1.848284913143208, 1.850892211243685, 1.849837489312454, 1.85003281899349, 1.849412797419994, 1.847672992346635, 1.847014301102711, 1.844472271660932, 1.849495995142005, 1.845187848514044, 1.847336698950424, 1.846780412426982, 1.845183048634728, 1.848567353954828, 1.845223943583222, 1.845336397890866, 1.844490710310159, 1.844533184042739, 1.841496760365494, 1.84546218123721, 1.844894278116776, 1.844666014965309, 1.844166326694013, 1.843903015561588, 1.841379758338317, 1.840971796879953, 1.842659003488151, 1.842611103157359, 1.841007875480597, 1.841602060491073, 1.840503258932486, 1.840543637781596, 1.841523293774471, 1.840154179639111, 1.840303049172543, 1.840261606829692, 1.840138758244739, 1.840222002921126, 1.840377426858987, 1.840775769168397, 1.842437614660794, 1.840837658755308, 1.840748872903513, 1.840696927523997, 1.84159491307467, 1.842989716994877, 1.846998929992839, 1.843835032617506, 1.846065720396376, 1.846713737964061, 1.85081175614141, 1.856343018959187, 1.849519350835595, 1.851175157720983, 1.857538544144984, 1.858467433991739, 1.865069086954991, 1.862799385052883, 1.861828278083975, 1.868212642400963, 1.873485786837317, 1.875437047779436, 1.877381687146426, 1.883795756983978, 1.888284553003085, 1.893674090265903, 1.893923107276877, 1.893775332479438, 1.900262681725981],