{
  "test": "wls",
  "method": "lm",
  "dataset": "synthetic_simple_linear",
  "formula": "x ~ y",
  "n": 100,
  "k": 1,
  "df_residual": 98,
  "df_model": 1,
  "variable_names": ["Intercept", "y"],
  "coefficients": [-0.54772981458163983, 0.32834276868358619],
  "std_errors": [0.064962576131120262, 0.0034072335865154499],
  "t_stats": [-8.4314669645505393, 96.366380627099787],
  "p_values": [3.0194118657611196e-13, 6.7519884831568996e-99],
  "r_squared": 0.98955722563726956,
  "adj_r_squared": 0.98945066671520088,
  "f_statistic": 9286.4793151670765,
  "f_p_value": 6.7519884831568996e-99,
  "mse": 0.090593022970844941,
  "rmse": 0.3009867488293213,
  "mae": 0.23524546272942676,
  "residual_std_error": 0.3009867488293213,
  "log_likelihood": -20.814814052072173,
  "aic": 47.629628104144345,
  "bic": 55.445138662108619,
  "conf_int_lower": [-0.67664593267487749, 0.32158122452123805],
  "conf_int_upper": [-0.41881369648840217, 0.33510431284593434],
  "fitted_values": [0.27204822302955212, 0.16305544802087277, 0.52061518801412776, 0.90752498870229514, 0.43006439020024928, 0.52956758954966698, 1.2244656831218044, 1.0574220273835055, 0.75078967261758944, 1.1825816679015961, 0.95177396139048565, 1.0505126216519027, 1.3823759892524428, 0.7742155029829263, 0.93556074759445307, 1.4167998090182345, 1.3683648875979619, 1.9035993097852237, 1.6017731402534678, 1.5356943804149457, 2.5801470713308405, 2.124277689712557, 2.3200799117009052, 1.9295995585631911, 2.3181590003993189, 2.632821570300317, 2.3179783308295581, 2.918754285001973, 2.6976789957349916, 2.8986166414385885, 2.8963239685507847, 3.801569939711273, 3.2884538847894, 3.0450916747411254, 3.7619578921199475, 3.1905238428441245, 3.7594556867584497, 3.1469311302081855, 3.4537721684591491, 4.0540082250051093, 4.3313382319213565, 4.2446334150678222, 4.2498914106164998, 4.2884962754707052, 4.0013973013565405, 4.3500014735201802, 4.5346075131973977, 5.1324511699030104, 4.9976751205685588, 4.4054668627811875, 5.1902567851823758, 5.0569049839544356, 5.060579331006025, 5.5831790696774233, 5.8203586298810821, 5.8871142935758938, 5.4052820044345946, 5.6788031706310766, 5.9885965791519604, 6.2996396236284218, 5.9214908483693112, 6.1173622705685178, 5.9145627732326496, 5.9845518755129756, 6.7436024572250828, 7.0216248937457104, 6.6521670937643282, 7.1048116753081825, 6.9935472875611149, 6.7624841161737228, 7.1924639649279527, 7.6783033244872687, 7.2610347277369032, 7.8860351872544063, 6.6116192052711273, 7.8411571185597531, 7.6993704587683256, 7.672110090760504, 7.8999137881854296, 7.3166787290837139, 7.9966527422906788, 8.2855335572990754, 8.7530318580006021, 8.1971035658269713, 8.2013086248762637, 8.4015211647081411, 8.9663329360822903, 8.8732081285426307, 8.6908199556379149, 9.1327883464367172, 9.0956332163951092, 9.4813038918202093, 9.0322400658425792, 9.2546664347344265, 9.3330038632103207, 9.0807129984456196, 9.7579743088518676, 9.8459587767561185, 9.8614199411126542, 9.882213794423178],
  "residuals": [-0.27204822302955212, -0.062045347010771766, -0.31859498599392577, -0.60449468567199216, -0.026023986159845226, -0.024517084499161894, -0.61840507706119829, -0.35035132031279836, 0.057291135463218665, -0.27349075881068707, 0.058327048710524479, 0.060598489459208399, -0.17025477713123069, 0.53891581014838685, 0.47858066654696108, 0.098351706133280689, 0.24779672856365431, -0.18642759261350664, 0.21640867792835033, 0.3834975387769734, -0.5599450511288202, -0.0030655685004359161, -0.097857689478682855, 0.39363276466913194, 0.10608342384310529, -0.10756904504779212, 0.3082842954330684, -0.1914815577292461, 0.1306038325478365, 0.030676287854340685, 0.13397906175224544, -0.67025680839814195, -0.056130652466167767, 0.28824165859220813, -0.32761445777651316, 0.34482969250941109, -0.12309205039481341, 0.59044260716555197, 0.38461166992468898, -0.11461428561116997, -0.29093419151731609, -0.10321927365368087, -0.0074671681922576019, 0.054938067963637843, 0.44304714308790433, 0.19545307193436445, 0.11185713326724817, -0.38497642242826313, -0.14919027208370991, 0.54402808671376202, -0.13975173467732577, 0.094610167560715414, 0.19194592151922721, -0.22964371614206913, -0.36581317533562774, -0.33155873802033881, 0.25128365213106219, 0.078772586944680978, -0.13001072056610247, -0.34004366403246283, 0.13911521223674919, 0.044253891047643629, 0.34806348939361231, 0.3790844881233878, -0.27895599257861864, -0.45596832808914495, 0.014499572902338949, -0.33713490763141474, -0.12486041887424643, 0.20721285352324711, -0.12175689422088218, -0.50658615277009766, 0.011692544990369647, -0.51229781351703285, 0.86312826947634802, -0.26539954280217803, -0.022602782000648837, 0.10566768701727336, -0.021125909397550546, 0.66311925071426503, 0.084155338517402326, -0.10371537548089448, -0.47020357517231937, 0.18673481801141309, 0.28353985997222003, 0.18433742115044607, -0.27946424921360391, -0.085329340663843539, 0.19806893325097466, -0.14288935653772711, -0.0047241254860184191, -0.28938469990101717, 0.26068922708671233, 0.13927295920496796, 0.16194563173917426, 0.5152465975139755, -0.06100461188216983, -0.047978978776320728, 0.037569957877245208, 0.11778620557682248],
  "weights": [1, 1, 1, 1, 1, 1, 1, 1, 1, 1, 1, 1, 1, 1, 1, 1, 1, 1, 1, 1, 1, 1, 1, 1, 1, 1, 1, 1, 1, 1, 1, 1, 1, 1, 1, 1, 1, 1, 1, 1, 1, 1, 1, 1, 1, 1, 1, 1, 1, 1, 1, 1, 1, 1, 1, 1, 1, 1, 1, 1, 1, 1, 1, 1, 1, 1, 1, 1, 1, 1, 1, 1, 1, 1, 1, 1, 1, 1, 1, 1, 1, 1, 1, 1, 1, 1, 1, 1, 1, 1, 1, 1, 1, 1, 1, 1, 1, 1, 1, 1]
}
