{
  "test_name": ["DFFITS (R - stats::dffits)"],
  "dataset": ["synthetic_autocorrelated"],
  "formula": ["x ~ y"],
  "dffits": [-1.7006632145071809e-05, 0.26056376060131942, 0.2255678133332715, 0.53940352815857018, 0.61973524644071198, 0.25510876487649953, 0.050289807297303597, -0.028810990566041701, 0.086915542215920974, 0.053987636860594275, 0.027216649822500202, 0.1500970843977702, -0.075600385667052669, -0.14538079415389341, -0.087650664132765704, -0.070087713186811673, -0.07460222757755805, 0.16026444819327662, 0.12915359466985321, 0.15765049249842814, 0.21540265089132557, 0.1694685718082734, -0.061305792118877149, -0.09843579910857353, -0.023618512965667086, -0.065816517587216725, -0.15328519291578965, -0.17533616966318186, -0.12947867655309353, -0.043706538210744418, -0.082733969947579367, -0.086332486209062101, -0.12263872188280758, -0.12901818197643766, -0.16019064955096879, -0.075873428130757481, -0.13999682068482483, -0.10999383264926985, -0.21363795310298125, -0.10137755874711192, -0.18410181721364041, -0.13884417506999067, -0.051461742264514672, -0.00070940729376233835, 0.024419611777672132, -0.0078070057879329521, -0.036074174594318116, 0.016577021210838969, 0.017442152516739404, -0.1272238819261487, -0.21125189570703767, -0.17098375245235425, -0.1142259133512855, -0.081797863271630217, -0.09438887453370666, 0.01056795628117848, 0.031002186765530692, 0.13885900742878993, 0.07820451748328687, 0.019285359061338488, 0.054113976057800085, -0.066683698573409986, 0.04989419558968116, 0.142450729691392, 0.095671498371900379, 0.0030348748890609814, -0.12591830955799815, -0.03684782876118816, -0.10644150063937009, -0.057825913494363133, -0.013348281917271431, -0.073115495643675921, -0.097100601281773211, 0.079909864690202351, -0.056199370521210337, -0.1614764707936302, -0.032254071002944577, -0.043630607991151343, -0.061692707131133437, -0.050901392442786034, 0.036171500422005169, 0.1054428946941493, 0.09706580642369185, -0.026847697929101966, -0.055735303696698608, 0.023149805517985698, -0.044737063485027706, 0.26687478299801687, 0.10891575672147046, 0.26790525852199665, 0.2537667052481784, 0.31377629191386003, 0.37292697439315792, 0.18768752921199564, 0.21341094229754165, 0.14555244133851977, 0.14068962958574133, 0.075208423189583623, 0.077545630461014606, 0.24280819348474736],
  "n": [100],
  "p": [2],
  "threshold": [0.28284271247461901],
  "influential_observations": [4, 5, 92, 93],
  "description": ["Measures influence of each observation on its fitted value."]
}
