{
  "test": "polynomial",
  "method": "lm",
  "dataset": "synthetic_multiple",
  "formula": "x1 ~ poly(x2, 3, raw=TRUE)",
  "degree": 3,
  "n": 100,
  "k": 3,
  "df_residual": 96,
  "df_model": 3,
  "variable_names": ["Intercept", "x^1", "x^2", "x^3"],
  "coefficients": [4.7919883361208502, -0.40623165002063971, 0.020552237525671539, 0.0048099789238276206],
  "std_errors": [0.40731074970332959, 0.24479470911665357, 0.036026018699039278, 0.014606540811336718],
  "t_stats": [11.764944430293482, -1.6594788812492494, 0.5704831748788165, 0.32930308318410367],
  "p_values": [2.5755465783273433e-20, 0.10028282223729391, 0.56968290608485583, 0.74264398948354171],
  "r_squared": 0.11286014559517103,
  "adj_r_squared": 0.085137025145020084,
  "f_statistic": 4.0709755526296361,
  "f_p_value": 0.0090727715556846097,
  "mse": 7.5958255963585417,
  "rmse": 2.7560525387514914,
  "mae": 2.2615743395266268,
  "residual_std_error": 2.7560525387514914,
  "log_likelihood": -241.23269523219057,
  "aic": 492.46539046438113,
  "bic": 505.49124139432161,
  "conf_int_lower": [3.9834828880452906, -0.89214530716090046, -0.050958844398536096, -0.024183775432288262],
  "conf_int_upper": [5.6004937841964093, 0.079682007119621034, 0.092063319449879166, 0.033803733279943501],
  "fitted_values": [3.8962453993687491, 4.7812900100578286, 4.4939231375528657, 4.8224968786063158, 6.0847446411251269, 4.0429684633286085, 5.730656872663995, 6.6716890913456268, 4.2593344401793001, 6.1560180811211378, 3.8124430041827484, 3.8213573976009645, 3.8038560195737543, 5.3435644515466176, 6.6956932476000546, 3.8070258052990136, 5.0925453308732855, 3.8326472466755614, 3.829698671185394, 3.8256587316077777, 5.6720641117144037, 5.2785951440228542, 3.8272065224564087, 5.5750795648771785, 6.1854613162171121, 4.5687560597270167, 3.8102415315275842, 4.1108641711619525, 4.5191200451578055, 6.4474757895634687, 4.3592930876603271, 3.8608779858200948, 6.2960563752971064, 4.7182476144751737, 3.810162019478319, 4.000184401374705, 4.1082048650335796, 4.0936291928932258, 5.3900124701820138, 5.6757466373297918, 3.8743692206740783, 3.8733124828871608, 3.8156515293591413, 3.8036717334383101, 4.7461833453564468, 4.7858334092291841, 3.8907606940771635, 4.2452296546566854, 4.0949951175561798, 3.8946848760207633, 3.8056061611714607, 5.4835922065573683, 5.3199601404807364, 6.4582240241926439, 4.4888908553141151, 6.6390457724340051, 4.9339765880589184, 4.6228629142697102, 5.7059881795500393, 4.4435566516737062, 6.6544843656704051, 6.6350124327499351, 3.8568595540142265, 5.3869662165699879, 6.343342072183237, 4.7026989561265076, 3.9396757607119226, 6.0020011146905663, 4.3327333015556837, 6.4868839800573284, 6.5928634405990083, 4.6667846842600831, 4.6306319598533907, 4.2850064971442752, 4.0341810271721492, 3.8425751875795324, 4.7263380701303186, 5.5489228180480268, 3.8956478284284906, 5.7729861945279843, 5.0464670868535704, 6.5093378183931128, 6.66883577304037, 3.8287888049767469, 3.8415546511121046, 4.111014394078202, 5.175256919533334, 6.1708068503600284, 6.2351818983391949, 5.8598456620711481, 4.5975681733131664, 4.0624120815554301, 4.2137341824576726, 5.7342362767697352, 3.8220926192190401, 4.0066514506960687, 4.5780292429380083, 4.3705028847283085, 5.129383774642208, 5.8703577232104491],
  "residuals": [0.277864632119041, -2.5602119053505259, -3.2952694642160374, -1.4463451645700365, 3.3443523980000651, -0.81093914312105586, -0.54275065523033394, 0.35850049760615083, -0.62303841638636059, 3.5618027460884689, 5.812029945238363, -1.3035344393473229, 1.1686290393501007, -2.3347813533789212, -3.8472883038253789, -3.4381563317536856, 1.0030980089256829, 1.1941429856130534, -3.3149111586855002, -1.0391940892416633, 3.4105947479521341, -2.8829762373531302, -2.3782578015441778, -0.68055196210154778, 3.6710432248888951, -2.1482033446120128, 2.9111139425312018, 3.5053319821252229, -2.1427446052338084, 0.83468769655512676, -0.68146176046779516, 2.4621803201156998, 0.03924073231184106, 0.63949922627241129, -2.907264318934236, 4.3528405545176749, -0.90040421531622117, -2.2284440888946837, -4.9822610546343746, 0.23318279455262639, 2.9012743977487463, -3.707434193608599, 1.3052790536336685, -1.5387139814589306, 1.7055445587380518, -3.0421691191792695, 3.0186166869474964, -0.37787619165131103, 5.2723047698111651, -2.5194754345608308, -0.39494265066887563, -4.3488569941514781, 3.9269760423048918, 2.3151695096171654, -1.9094745781625593, -0.039205312092215332, 3.2382454139532402, 0.92914520172491344, -0.40948239598997493, -2.0250337426691893, -5.7234566876114128, 2.3371451467833317, 5.1473210176190776, 0.94404835616269189, -2.9530441616962304, -1.2106032099998982, 3.3198810279904714, 2.9691014848352046, 4.5381309410954893, 1.3118714785189096, -0.1725469790561307, -3.8253850343095945, -3.014344818907253, 4.7005353881265179, 2.0301095694237503, -3.7506046714132362, -3.7116226414699978, 1.0860948730325304, -3.8450319899663037, -4.164905680352998, 0.44087080681229124, 0.40961415853381938, -0.14922317801436386, -1.586095710371149, 3.2802375623632538, -1.7385235191102013, -1.9212599379406565, 1.2941072008202137, 0.26114709213295212, 2.6323884428706319, 1.9785607496902671, 1.6206739517992859, -3.2769865041767479, -2.0570782461753998, -1.1700689424017858, -1.5667550169052327, 5.1520763045864477, -0.4395256380607041, 3.7910817771289258, 0.44102853676217968]
}
