{
  "test_name": ["Cook's Distance (R - stats::cooks.distance)"],
  "dataset": ["synthetic_interaction"],
  "formula": ["x1 ~ x2 + y"],
  "distances": [0.10905326122552501, 0.00084754412714547209, 0.013916173551080347, 0.00033175485919696501, 0.044085312137052475, 0.0090476091273377635, 0.0046432034409714697, 0.00027185374927484872, 0.00076202272960518899, 0.12280048371987633, 0.017637507035875511, 0.00097431976140826984, 0.02715474545716896, 0.0075350353298824085, 0.00011563919429207255, 0.006888694158487166, 8.1401676591806146e-06, 0.0073498199958617607, 0.070575035973057629, 0.0030461799846249605, 0.015228126795144606, 0.0103726686206156, 0.0050518869988580278, 0.001098413706929221, 4.2945137812779902e-05, 0.011654645707266452, 0.0084904895798777937, 0.00091581513799745716, 0.0072533382003380905, 0.0046380088910832088, 8.4024085613230149e-05, 0.020942078316816784, 5.48252299425283e-05, 5.5368735141091606e-05, 0.0020282933293530188, 0.0097943779058878525, 0.0932885659779773, 0.0080838094924652361, 5.6820506439136282e-05, 0.00060754127483546273, 0.0012458389867430241, 7.7889368048163207e-05, 0.00057973703712857537, 0.00013440393044286339, 0.0080044142680755579, 0.0011010578119866104, 0.0052939961691046873, 0.010590604709584501, 0.0010879417148706532, 0.014725807221847074, 0.0014415740021613893, 0.00079359798721063111, 0.00010979071328081491, 0.0030974142025249913, 0.018179536720381511, 0.0044662703531724067, 0.0413349265907259, 0.0057105962249207548, 0.0038175895659064239, 0.00023125788172225791, 9.6795591883386135e-06, 0.0017159842054201922, 0.030350347246293503, 0.031245895397026425, 7.6247577501877377e-05, 0.032407260375684276, 4.6935354651058741e-05, 0.0003449022526523776, 0.049425260953946178, 4.8348995320859606e-09, 0.00069682714538741577, 5.930115664136689e-05, 0.017055990988164033, 0.046679679473093406, 0.0010104031145256537, 0.00029575524295143949, 0.0098163271503048828, 0.0064083675964290571, 0.0010449393315737421, 0.00028434557561076069, 0.0012642005718703192, 2.0048564319078095e-05, 0.050308546259568043, 0.0023599161572446358, 0.0034286691260716454, 0.029538810033572796, 0.00051111962920652205, 0.010691208420789612, 0.029447491706483725, 0.0049806979565111481, 0.0025315259298424333, 0.037386570697825722, 0.010756376074077484, 0.009834798621958532, 0.066613183595556416, 0.029953290461501469, 6.6210001699313451e-05, 0.010579028119068122, 0.0006199318149062963, 0.0041286111255313517],
  "p": [3],
  "mse": [0.71209412476584277],
  "threshold_4_over_n": [0.040000000000000001],
  "threshold_4_over_df": [0.041237113402061855],
  "threshold_1": [1],
  "influential_4_over_n": [1, 5, 10, 19, 37, 57, 69, 74, 83, 95],
  "influential_4_over_df": [1, 5, 10, 19, 37, 57, 69, 74, 83, 95],
  "influential_1": [],
  "max_distance": [0.12280048371987633],
  "max_index": [10],
  "description": ["Measures influence of each observation on regression coefficients. D_i > 1 indicates high influence."]
}
