{
  "test_name": ["DFFITS (R - stats::dffits)"],
  "dataset": ["synthetic_high_vif"],
  "formula": ["x1 ~ x2 + x3 + y"],
  "dffits": [-0.20053692346008939, -0.016413948431847018, 0.17621531085901251, -0.30578588284406755, -0.025043222333673759, 0.034200498477105351, 0.30521216057482969, -0.44832596661276075, 0.053470059867907538, 0.080056367270201378, -0.20503824746753718, -0.097415730351209137, 0.45841446425110771, -0.11919895462350387, 0.17022111316633345, -0.010559500317539473, 0.062759086546548104, 0.2298774003498556, -0.082374115125126074, -0.17273579059303634, 0.1673701519683515, 0.60422937085695272, 0.25574723913194064, -0.094900346737363181, 0.3531536491314558, 0.20826340953445222, -0.021801509806432261, -0.20480384122742346, -0.18208934562539461, 0.2713718037560347, 0.011414991941624883, -0.020314529990323411, 0.07936452882712762, 0.24376556368155566, 0.021613899372849493, 0.25196703954347027, 0.013634611343921394, -0.11458813133304581, 0.1996041300723044, 0.20224846375888861, -0.11723311381742782, -0.098822263476584432, 0.056536437785534729, -0.14307004591306699, 0.026488439082971316, -0.26308832658061504, -0.047091307664483342, 0.07042113474405462, -0.35163960065704597, 0.017142712653623059, -0.071602196568547868, -0.08353408451476689, -0.090228731956809166, -0.13726604081078889, 0.30915697932732483, -0.074235567916809478, 0.070597748309552261, 0.16996948216272773, -0.22952801405168782, -0.084702035818014249, 0.041477601120111611, -0.12011914725867379, 0.31328758888247499, 0.10194866611169782, -0.13051941145607993, -0.15348259530047664, 0.18804010443179336, -0.087371760830321998, -0.26184990525344964, -0.099471092129504543, -0.077469720923344393, 0.095990367153598169, 0.34816754074349826, -0.15787566795022923, -0.0087631790572671054, -0.22066128795405146, -0.12487298282607108, 0.11239021029097929, -0.0014294409399257316, -0.58700584211460427, 0.11701919370990543, -0.32862216581363302, -0.21502573331915115, 0.068420881289448593, -0.27790242536058241, -0.18537295114219696, 0.015481249873928174, -0.16492978008784495, 0.086342662625569708, 0.2006405530253538, 0.13902952718121667, 0.41549410504448736, -0.27117671529663168, 0.23195852125603919, -0.00091722835677913203, 0.17088457282385233, -0.10476555364743782, -0.22631278842683705, 0.10621091779845111, -0.0053754886891591866],
  "n": [100],
  "p": [4],
  "threshold": [0.40000000000000002],
  "influential_observations": [8, 13, 22, 80, 92],
  "description": ["Measures influence of each observation on its fitted value."]
}
