{
  "test_name": ["Cook's Distance (R - stats::cooks.distance)"],
  "dataset": ["synthetic_multiple"],
  "formula": ["x1 ~ x2 + x3 + y"],
  "distances": [0.00092190590105569045, 0.0038073631967829496, 0.0094889199030184154, 0.00053370711588075163, 0.00093508576255380287, 0.0018977776014488712, 0.0039256182337974255, 4.0991781704682245e-08, 0.0078053777531962611, 0.032479129303941819, 0.011584304768318928, 0.00038503330216089088, 0.0016634444297998192, 0.0094650740429663097, 0.0084762350180159103, 0.00050892100991980073, 8.6862795488523478e-05, 0.011479920241954548, 1.2757929040298296e-06, 0.00082474033722275669, 0.00036567924171401555, 0.010949081766972719, 0.001725820485213045, 0.017025926957331249, 0.00031114809975462733, 0.00038601468904236977, 0.01233390554563853, 0.0016674548962031562, 6.4572867275610219e-06, 0.00025397546840172591, 1.264671638947969e-05, 0.0089397447262266529, 0.00010293769235524725, 0.00043877083200372173, 0.026108849879810332, 0.010487204904517202, 0.040182863924958893, 0.0094974383024705195, 0.011330246618424642, 0.00031583567774400755, 0.068652910355588292, 0.0098009506241232974, 0.006053430477440171, 0.0040899537315214037, 0.034876538563252887, 0.0025527840421628802, 0.0095981832613177762, 0.00047543855383570441, 0.00087037562304023838, 0.028287069678436666, 0.011500390813712204, 0.0069585101388407724, 0.0094619928899388108, 0.00085355103228603325, 0.013301006954321027, 0.032825318190248989, 0.010409379584416156, 0.00114250704662841, 0.022673231770523442, 0.0094435033208982964, 0.005971889219792594, 0.016471771563508535, 0.034824566257529506, 0.003611780147551381, 0.00015502366893365449, 0.00020979855318472456, 0.0043705486917331223, 0.0024807979569896922, 0.01644233418130199, 0.0016114216530170589, 5.4620877459197663e-05, 0.0012535621614241047, 0.002281831879208615, 0.022307412790558, 0.011991180208019873, 0.024624594785191727, 0.00062084990280924352, 0.006141628014459226, 0.028829377797239816, 0.00014560341621765462, 0.0048121253503837242, 0.00074431365880908696, 0.053295411997589762, 0.027492207236779389, 0.00095543377339479829, 0.003896445877077586, 0.0020013590869269854, 0.01387924637562085, 0.010388565919528575, 0.0024340464215987256, 0.0056773610972216124, 0.024370807879502663, 0.018367493488736442, 0.032317014940447766, 0.0003290248992976398, 0.0020984422769752343, 0.027916030992308011, 7.3162296489326107e-05, 0.023451070292719884, 0.019301103102047988],
  "p": [4],
  "mse": [0.064006338588172437],
  "threshold_4_over_n": [0.040000000000000001],
  "threshold_4_over_df": [0.041666666666666664],
  "threshold_1": [1],
  "influential_4_over_n": [37, 41, 83],
  "influential_4_over_df": [41, 83],
  "influential_1": [],
  "max_distance": [0.068652910355588292],
  "max_index": [41],
  "description": ["Measures influence of each observation on regression coefficients. D_i > 1 indicates high influence."]
}
