{
  "test_name": ["DFFITS (R - stats::dffits)"],
  "dataset": ["synthetic_nonnormal"],
  "formula": ["x ~ y"],
  "dffits": [0.10578425148554153, -0.073239207038414564, 0.14919982393736361, -0.12774960379865069, -0.13830792518849672, 0.045444818935299169, 0.17354870732936248, 0.11003731972031754, 0.0025443518108395186, -0.42260840615461065, -0.0029866892251624358, 0.11083800006232877, -0.0029814726208662887, 0.03227565851761427, -0.074967145866385546, 0.13504171875688933, -0.060503896118273962, 0.031167915194020721, -0.28194464082539644, 0.08203727336122521, 0.00074200578307134822, -0.20051316361605198, 0.12241373741071644, -0.20160201220783228, -0.017947058281328875, 0.1221812465395543, 0.082410851822063536, -0.023807544759590335, 0.11685476563144263, 0.018034592815137283, 0.070093232117320076, 0.0072637212239886149, 0.11300371532797041, -0.10232811687545065, -0.25072818121054735, -0.23318447506464185, -0.033469549235010568, 0.095445319655140706, -0.035512426601673856, 0.10558304996838484, 0.10469661146698847, 0.065756754481407012, 0.037803241629557532, -0.03748205832936851, -0.0073326640200468895, 0.04519523935402598, 0.070818794509642485, -0.53554428414451893, 0.048438209828842074, 0.044374016459997313, 0.08359464139706807, -0.045486119721874337, -0.0083510543906653335, 0.077511475809577929, 0.092917723904805655, -0.0038030346987950776, 0.0037502026845041255, 0.073120434389295164, -0.19938023286396089, 0.089059609393189368, 0.052383360993882855, -0.19091812953141088, 0.05615026169072309, 0.010472364279996666, 0.061748364467851286, 0.081153869471504381, -0.39155937840239391, 0.063225652339998772, -0.12969262015358488, 0.093201135095708293, 0.097206885242780469, 0.12077235922135288, 0.010568282693163743, 0.078918881729280646, -0.10817565257183748, 0.061405636482418736, -0.33747307929130826, 0.1157145577917454, -0.11942438443365799, -0.045288630284079631, -0.042222426506431085, -0.099563264524460737, -0.036879263621896585, 0.026881692500627441, 0.14219495142437216, 0.15932698265351719, -0.22203074724749158, 0.034261835269060938, -0.064555382044242687, 0.08224894820001151, 0.16306047369595092, 0.16505808915570663, 0.0069626828132842312, 0.10499075064809256, 0.16118996568305233, 0.090718040887531298, 0.19308344679746942, 0.060739496251178936, 0.1593391798150682, -0.072980616603007642],
  "n": [100],
  "p": [2],
  "threshold": [0.28284271247461901],
  "influential_observations": [10, 48, 67, 77],
  "description": ["Measures influence of each observation on its fitted value."]
}
