{
  "test": ["feature_importance"],
  "method": ["lm"],
  "dataset": ["synthetic_nonnormal"],
  "n": [100],
  "k": [1],
  "variable_names": ["y"],
  "response": ["x"],
  "standardized_coefficients": {
    "variable_names": ["y"],
    "standardized_coefficients": [0.99235949916197974],
    "y_std": [2.9304537349375774],
    "raw_coefficients": [0.66085839609376895]
  },
  "shap": {
    "variable_names": ["y"],
    "shap_values": [
      [-5.18026389218989],
      [-4.7653961151476514],
      [-5.0569569482386392],
      [-4.451828975140419],
      [-4.324926591564866],
      [-4.5804688654406398],
      [-4.7122303675843904],
      [-4.5024239196766329],
      [-4.197030530867095],
      [-3.1011078137458674],
      [-3.9836734349762084],
      [-4.1142906923256941],
      [-3.7814400648506528],
      [-3.7568595088856478],
      [-3.4132268470111917],
      [-3.7757895939061275],
      [-3.2400674557111127],
      [-3.3554176977337571],
      [-2.4234865669728975],
      [-3.2744193647226232],
      [-2.9816465685545692],
      [-2.32398422203027],
      [-3.0765293437082293],
      [-2.0974242669434529],
      [-2.5272590382435451],
      [-2.7886641972001422],
      [-2.5934350391171708],
      [-2.2046623270823962],
      [-2.4884464096357624],
      [-2.122996307998664],
      [-2.1709687771585173],
      [-1.8905806485381342],
      [-2.0954945473048827],
      [-1.3327575902024626],
      [-0.71118331568938897],
      [-0.66404045583594917],
      [-1.2528331374815305],
      [-1.5642663426105148],
      [-1.0410069797163211],
      [-1.4018294538467961],
      [-1.3025328269887506],
      [-1.0806019972225698],
      [-0.88805026114468455],
      [-0.52332530423844092],
      [-0.52948215601828152],
      [-0.61418452086633846],
      [-0.6035095171853051],
      [1.3245012044246469],
      [-0.32535050635595514],
      [-0.21037748141082524],
      [-0.24958454235497754],
      [0.31484477066372951],
      [0.28257698503093037],
      [0.074190685988484953],
      [0.12030367670739645],
      [0.56904406249676454],
      [0.64333431922832129],
      [0.49775417250930498],
      [1.4880501026116013],
      [0.64665846929727322],
      [0.87977279648137319],
      [1.742977859739882],
      [1.0727745997666811],
      [1.3292994013584924],
      [1.2606658165975597],
      [1.2992294582564237],
      [2.6593748694828503],
      [1.567558933410818],
      [2.2356134939109933],
      [1.6801896387386572],
      [1.7731673171826898],
      [1.8045578500306609],
      [2.2427060126291956],
      [2.1462647985444772],
      [2.7546078534315304],
      [2.4064165524367636],
      [3.4341040715766726],
      [2.462695144280457],
      [3.1656844624177731],
      [3.0903869516510887],
      [3.1822281090615561],
      [3.4109746174519584],
      [3.368511096717596],
      [3.3208390654829385],
      [3.1422868698277977],
      [3.2068538025620552],
      [4.1341526892741385],
      [3.713005704830147],
      [4.0224510470558146],
      [3.8134929501731034],
      [3.7378085081239485],
      [3.8409007287514747],
      [4.2791375309807993],
      [4.1828858873266377],
      [4.171048016127398],
      [4.4207555556528044],
      [4.3192864787118452],
      [4.685690390607693],
      [4.6011526137930741],
      [5.1255453359805419]
    ],
    "base_value": [-1.3064151664463495],
    "mean_abs_shap": [2.5129662665875365]
  },
  "permutation_importance": {
    "variable_names": ["y"],
    "importance": [0.96949967022617312],
    "baseline_score": [0.9847773755770145],
    "n_permutations": [10],
    "seed": [42]
  }
}
