{
  "test": ["feature_importance"],
  "method": ["lm"],
  "dataset": ["synthetic_outliers"],
  "n": [100],
  "k": [1],
  "variable_names": ["y"],
  "response": ["x"],
  "standardized_coefficients": {
    "variable_names": ["y"],
    "standardized_coefficients": [0.95383376160375799],
    "y_std": [2.9304537349375774],
    "raw_coefficients": [0.53378931517864348]
  },
  "shap": {
    "variable_names": ["y"],
    "shap_values": [
      [-4.3078397583726042],
      [-4.1069396177021957],
      [-4.1678558608311773],
      [-3.5916124117568886],
      [-3.8086885983275698],
      [-3.6627150658857683],
      [-3.6010533827737081],
      [-3.383901779647045],
      [-3.5679048271376388],
      [-3.8814588637982577],
      [-3.3477895971056295],
      [-3.5474306823017812],
      [-3.4337948064699102],
      [-3.055335245223505],
      [-2.8004643639164497],
      [-3.044401061109566],
      [-2.8867752811825822],
      [-2.4340119185741518],
      [-2.7431910869963971],
      [-2.0321943315179807],
      [-2.494760983232327],
      [-3.0347534912010765],
      [-2.2828752945212152],
      [-2.3013318429466456],
      [-1.9779556909249729],
      [-2.0616381353915987],
      [-2.1973826351043915],
      [-2.4063109622630492],
      [-2.0544623254164858],
      [-2.1447973311673723],
      [-1.9918594041602087],
      [-1.5989551961232364],
      [-1.2294778679733482],
      [-1.4889535670902634],
      [-1.8325869212949109],
      [-1.3138728750717863],
      [-1.0322832321143462],
      [-1.4335284134889208],
      [-1.2256719108805751],
      [-1.1051060754010003],
      [-1.2376342736499142],
      [-0.77424935375831971],
      [-0.89867518391320766],
      [-0.67354663227383282],
      [-0.94150735217924197],
      [-0.74051854557951213],
      [-0.35008636819227507],
      [-0.56151610083764592],
      [0.079785670338372153],
      [-0.40691534935915513],
      [-0.15941026452768312],
      [0.11040326223738714],
      [-0.43617731616744931],
      [-0.44669637552726837],
      [-0.30305826128311025],
      [0.52198537932144162],
      [0.11859760544014185],
      [1.0295324876861212],
      [0.27704526461964551],
      [0.55777286009980387],
      [1.0009751799475171],
      [1.2056869156358927],
      [1.3013529013302838],
      [1.1545322704478682],
      [1.1862197652341799],
      [1.1519223942436294],
      [1.282397698894947],
      [1.0084259319294275],
      [1.0180387130925554],
      [1.3163881682347334],
      [1.3527445953006811],
      [1.3580789857878219],
      [1.7457823891278237],
      [1.8957633252905457],
      [1.7452699633676856],
      [2.1968966917499131],
      [1.5787182504650892],
      [1.9126194695482741],
      [1.8538672657784607],
      [1.6278918312629449],
      [2.184870618183814],
      [2.2553210609252035],
      [2.7726236404552278],
      [2.617929426973026],
      [2.2570963356000573],
      [3.1061708969840272],
      [3.0180880353920823],
      [2.9284366015370651],
      [2.7935076072407892],
      [2.6787629656561283],
      [2.9163693411337532],
      [3.3871677002089196],
      [3.6804496959385271],
      [3.6702243011401894],
      [3.2087467180111218],
      [6.4822710471374947],
      [7.3542517966748306],
      [8.1080794946140404],
      [8.6650007154504021],
      [6.8698508379772445]
    ],
    "base_value": [-0.33081449615312619],
    "mean_abs_shap": [2.2508782814729429]
  },
  "permutation_importance": {
    "variable_names": ["y"],
    "importance": [0.89420053647571218],
    "baseline_score": [0.90979884477517503],
    "n_permutations": [10],
    "seed": [42]
  }
}
