{
  "test": "ols",
  "method": "lm",
  "dataset": "synthetic_nonnormal",
  "formula": "x ~ y",
  "n": 100,
  "k": 1,
  "df_residual": 98,
  "variable_names": ["Intercept", "y"],
  "coefficients": [-1.3064151664463495, 0.66085839609376895],
  "std_errors": [0.087142475610961501, 0.0082998665414738305],
  "t_stats": [-14.991715088273413, 79.622773786964828],
  "p_values": [4.144376037191718e-27, 7.0871251346418087e-91],
  "r_squared": 0.9847773755770145,
  "adj_r_squared": 0.98462204267473918,
  "f_statistic": 6339.7861055301719,
  "f_p_value": 7.0871251346418087e-91,
  "mse": 0.13205911725430589,
  "std_error": 0.36339939082819867,
  "log_likelihood": -39.658438021238496,
  "aic": 85.316876042476991,
  "bic": 93.132386600441265,
  "conf_int_lower": [-1.4793465732016018, 0.64438758106545024],
  "conf_int_upper": [-1.1334837596910972, 0.67732921112208766],
  "residuals": [0.18026389218988581, -0.13359378384225382, 0.25897715025884116, -0.24514072182928001, -0.27103300439473077, 0.085519370491144026, 0.31829097364499503, 0.20949462674733849, 0.0051113389479017224, -0.98980127716322441, -0.0062255549227823274, 0.22540180343680358, -0.0064387230281359037, 0.069990822016959664, -0.17263173884739538, 0.29094110905764181, -0.14377092812727271, 0.072589414905473118, -0.75833161484528488, 0.19361128391454133, 0.0018485887565884446, -0.55480365675760923, 0.29875156593045071, -0.57934340982422483, -0.048498537514031145, 0.31391672245266666, 0.21969766537979665, -0.068064945644877306, 0.31672923791858976, 0.052289237291592308, 0.20127180746154666, 0.021893779851264786, 0.32781777962811454, -0.3339090764642042, -0.854473249967177, -0.80060600881051547, -0.1108032261548336, 0.3016400799842518, -0.12060918189984093, 0.34122339324073525, 0.34293686739279094, 0.22201613863671049, 0.13047450356892651, -0.13324035232721576, -0.026073399537273917, 0.15963906632088334, 0.2499741636499512, -1.5770264569498991, 0.17383535484080376, 0.15987243090577508, 0.30008959286002768, -0.16332961914857794, -0.030051732505677622, 0.27934466754686882, 0.33424177783805775, -0.013488506941208987, 0.013231337337335534, 0.25982158506645298, -0.62946424402574253, 0.31293749029868645, 0.18083326412468767, -0.58136169812371974, 0.18985166285958147, 0.034336962277871245, 0.20398064804890512, 0.26642710740014264, -0.99270820281618299, 0.20011783426594984, -0.36692662522412411, 0.28950733095831271, 0.29753975352438189, 0.36715932168651066, 0.030021260098077835, 0.22747257519289707, -0.27986037868405478, 0.16934102332081222, -0.75733639480899573, 0.31508263349732135, -0.28689658362989379, -0.1105889718531084, -0.10142002825347368, -0.22915643563377575, -0.085682813889313453, 0.062999318355447087, 0.34256161502068805, 0.3790047832965322, -0.44728400240545074, 0.074873083048641695, -0.13356215816692488, 0.17640603972588728, 0.35310058278514245, 0.35101846316771801, 0.013791761948493839, 0.21105350661275799, 0.32390147882209741, 0.17520404030679224, 0.37768321825785323, 0.1122894073721061, 0.29783728519682684, -0.12554533598054074],
  "vif": []
}
