{
  "test_name": ["Cook's Distance (R - stats::cooks.distance)"],
  "dataset": ["synthetic_simple_linear"],
  "formula": ["x ~ y"],
  "distances": [0.01609379443958112, 0.00086771084150349671, 0.02031536263435069, 0.064094499177343847, 0.00013973026001114745, 0.00011994306046746297, 0.060062646293771574, 0.020438985914846011, 0.00060757992161485444, 0.011921528409943127, 0.00058766530000956376, 0.00061294396671125035, 0.0043058107933708987, 0.053332139032225376, 0.03978665943178257, 0.0014194541109829352, 0.0091664661246827379, 0.0042857137372623276, 0.006434498608497671, 0.020688359778438876, 0.030371010780589944, 1.0705683073374781e-06, 0.0010170755109033787, 0.018929116794618894, 0.0011960680902215986, 0.0011003599834453412, 0.010101634233895502, 0.0031605622235482849, 0.0015858695785079598, 8.1670490136063581e-05, 0.0015590849405576273, 0.029719313285191753, 0.0002408909129854632, 0.0068668235024835472, 0.0071716365742638755, 0.0093755475923204788, 0.0010130465009711657, 0.027874220284496706, 0.010759058865149957, 0.00082019565678443133, 0.005025152020769085, 0.00064153523663168835, 3.3544372922617025e-06, 0.00018040844378012553, 0.012393505696300123, 0.0022615749201485937, 0.00072309864524427081, 0.0083636549873844016, 0.0012533898113237848, 0.017381620303658744, 0.0011046422004823385, 0.00050425590674379702, 0.0020756583621471827, 0.003092287306007658, 0.0081516839773519319, 0.0067823931318049856, 0.0036266204071135812, 0.00036897204858016221, 0.0010649107144615024, 0.0078505041075419939, 0.0012022679833417101, 0.00012702963391574606, 0.0075155165467691142, 0.0090458481847834164, 0.0060093560749811311, 0.017567361925399302, 1.5783587719503847e-05, 0.0098757483181780552, 0.0013050704361445844, 0.0033355104020993233, 0.0013270844809593521, 0.027240776323280317, 1.2530491038059604e-05, 0.03000848352229615, 0.055248254627307758, 0.0079251896056299394, 5.463880423122014e-05, 0.0011826006187645641, 5.1285253943256717e-05, 0.0410869281846548, 0.00084257472221249197, 0.0014195487972583278, 0.034450259761067956, 0.0044581031321380363, 0.010293966953056458, 0.0046741556729427459, 0.01311283491843534, 0.0011833982885859505, 0.0059803907117723966, 0.0036314033314111781, 3.9187925881914823e-06, 0.016771750097821423, 0.011674301601317364, 0.0035972634769129621, 0.0049954654447704663, 0.046376851766695752, 0.00081733261793503326, 0.00052040603475135365, 0.00032071671544118809, 0.0031738299177560387],
  "p": [2],
  "mse": [0.090593022970844941],
  "threshold_4_over_n": [0.040000000000000001],
  "threshold_4_over_df": [0.040816326530612242],
  "threshold_1": [1],
  "influential_4_over_n": [4, 7, 14, 75, 80, 96],
  "influential_4_over_df": [4, 7, 14, 75, 80, 96],
  "influential_1": [],
  "max_distance": [0.064094499177343847],
  "max_index": [4],
  "description": ["Measures influence of each observation on regression coefficients. D_i > 1 indicates high influence."]
}
