{
  "test": "polynomial",
  "method": "lm",
  "dataset": "synthetic_nonnormal",
  "formula": "x ~ poly(y, 3, raw=TRUE)",
  "degree": 3,
  "n": 100,
  "k": 3,
  "df_residual": 96,
  "df_model": 3,
  "variable_names": ["Intercept", "x^1", "x^2", "x^3"],
  "coefficients": [-1.1900885817020523, 0.63258227572296566, 0.00098973744630220881, 3.1376859411049052e-05],
  "std_errors": [0.32760517225521363, 0.13289005780342258, 0.015627241883888796, 0.00055019131409444729],
  "t_stats": [-3.6326916742783899, 4.760192644800501, 0.063334109349302239, 0.057028998108942915],
  "p_values": [0.00045264457035806155, 6.8327963871190655e-06, 0.94963214085724656, 0.95464062715881948],
  "r_squared": 0.98489789394379679,
  "adj_r_squared": 0.9844259531295404,
  "f_statistic": 2086.9097653605613,
  "f_p_value": 3.0690892994254365e-87,
  "mse": 0.13374304781114366,
  "rmse": 0.36570896599775027,
  "mae": 0.26654729885430245,
  "residual_std_error": 0.36570896599775027,
  "log_likelihood": -39.261009917500544,
  "aic": 88.522019835001089,
  "bic": 101.54787076494155,
  "conf_int_lower": [-1.8403797090022636, 0.36879759582585936, -0.030030092525583696, -0.0010607442674023533],
  "conf_int_upper": [-0.53979745440184113, 0.89636695562007196, 0.032009567418188112, 0.0011234979862244515],
  "fitted_values": [-0.10909256391735997, 0.2907744885502232, 0.009659084747201313, 0.59363363533629587, 0.71636178341712953, 0.46931950750942797, 0.34208579622622198, 0.54472878258318569, 0.84014583761015094, 1.9049366976908275, 1.0468590226177714, 0.92027689438067051, 1.2430489078580709, 1.2669120236257878, 1.6009113201339749, 1.248534125940254, 1.7695019569146375, 1.6571736222765681, 2.5672339793704588, 1.7360409448323724, 2.0214698133160431, 2.6647544445566185, 1.9289049623346579, 2.8870661774267967, 2.4656029481037018, 2.2099244777902558, 2.4008319444779889, 2.781792837376805, 2.5036057821833575, 2.8619550751881686, 2.8148601156014306, 3.0903573023297062, 2.8889613066445614, 3.6401971129560353, 4.2557313251446196, 4.3025430837132124, 3.7191732789673635, 3.4117143221351016, 3.9287289623337238, 3.571984801158949, 3.6700574068518148, 3.8895313679576251, 4.0802681087387658, 4.4423787624757276, 4.4362569643649881, 4.3520687225034278, 4.3626756653562468, 6.2945958971553377, 4.6393950531162158, 4.7539628306667945, 4.714881375378333, 5.2787793371687384, 5.2464670456802933, 5.0380137826073108, 5.0841088547801538, 5.5336532719177098, 5.6082502429425514, 5.4621158502912257, 6.4600373609286921, 5.6115892845638848, 5.8459991922933128, 6.7184291251571704, 6.0404524105844706, 6.2994459822797868, 6.2300909915873071, 6.2690544714623595, 7.6526059911544335, 6.540559002471249, 7.2195697139173802, 6.6547291313978389, 6.7490706958567905, 6.7809408037296981, 7.2268023985595029, 7.1284987213172144, 7.7501781168004431, 7.3938900782538663, 8.4491464433335501, 7.4513927196574379, 8.1724456018649807, 8.0949641746084673, 8.1894772050117215, 8.4252727028573648, 8.3814578753885858, 8.3322920821568278, 8.1483628990963357, 8.2148346716499301, 9.1745148685148497, 8.73748374107352, 9.0584062137077659, 8.8415808582723159, 8.7631671385254979, 8.8699927105350653, 9.3254310557465381, 9.2252150459790396, 9.2128968910906313, 9.473074781905801, 9.3672649225537388, 9.7499046922855008, 9.6614826748227731, 10.211328095650126],
  "residuals": [0.10909256391735997, -0.1897643875401222, 0.1923611172730007, -0.29060333230599283, -0.31232137937672549, 0.0357309975410771, 0.26397480983438409, 0.16234192448752136, -0.032065029529342842, -0.99584578859991857, -0.036758012516761161, 0.19083421673044068, -0.03092769573685876, 0.046219289505525278, -0.18676990599256069, 0.26661738921126099, -0.15334034075302139, 0.059998094895149047, -0.74905216118864071, 0.18315097435954675, -0.0012677931140229644, -0.54354232334449748, 0.29331725988756441, -0.56383385419447363, -0.041360523861277365, 0.31532804746226933, 0.22543068178463738, -0.054520110104078014, 0.32467704609947101, 0.067337854104760342, 0.21544291470159951, 0.040955828983424675, 0.3433619256786708, -0.30686377962270162, -0.82138789080118491, -0.76718954835967657, -0.082809642603727418, 0.32565941523863595, -0.090345123949885753, 0.36740913823499061, 0.37034663355222602, 0.25188277345651583, 0.16215613368547688, -0.098944419041384346, 0.0081874800794568374, 0.1933858229511175, 0.28378898110839917, -1.5471211496805899, 0.20908979536863265, 0.19553211882815538, 0.33562367512671698, -0.1272641856535873, 0.0060582068449596023, 0.31552157092804339, 0.3704365997653003, 0.02190228363784557, 0.048315413623104861, 0.29545990728453198, -0.60145150234283373, 0.34800667503207489, 0.21460686831274747, -0.55681296354100862, 0.22217385204179177, 0.064190381356576787, 0.23455547305915725, 0.29660209419420597, -0.98593932448776622, 0.22711776520551824, -0.350882845230512, 0.31496783829913105, 0.32163637485028063, 0.39077636798747278, 0.045924874167769518, 0.24523865242015933, -0.27543064205296786, 0.1818674975037092, -0.7723787665658739, 0.32638505812033958, -0.29365772307710197, -0.11516619481048732, -0.10866912420364, -0.24345452103918258, -0.098629592560303792, 0.051546301681555419, 0.33648558575214821, 0.37102391420865721, -0.48764618164616291, 0.050395046805267747, -0.16951732481887577, 0.14831813162667337, 0.32774195238359194, 0.32192648138412738, -0.032501762817246052, 0.16872434796035526, 0.28205260385886338, 0.12288481405379406, 0.32970477441595841, 0.048075105694296197, 0.23750722416712583, -0.21132809565012622]
}
