{
  "test": "polynomial",
  "method": "lm",
  "dataset": "synthetic_autocorrelated",
  "formula": "x ~ poly(y, 2, raw=TRUE)",
  "degree": 2,
  "n": 100,
  "k": 2,
  "df_residual": 97,
  "df_model": 2,
  "variable_names": ["Intercept", "x^1", "x^2"],
  "coefficients": [-0.25620458890740566, 0.37594868955293781, 0.014636848136340938],
  "std_errors": [0.15577167652163373, 0.038184703512607839, 0.0020672440976687236],
  "t_stats": [-1.6447443760536511, 9.8455311936311602, 7.0803676028618154],
  "p_values": [0.10325961687616633, 2.8899917537426427e-16, 2.2793191147905995e-10],
  "r_squared": 0.98181457614220868,
  "adj_r_squared": 0.98143961894926457,
  "f_statistic": 2618.4711071496845,
  "f_p_value": 3.949901365359715e-85,
  "mse": 0.15938836905454226,
  "rmse": 0.39923472926906328,
  "mae": 0.32518236569204101,
  "residual_std_error": 0.39923472926906328,
  "log_likelihood": -48.550318830044816,
  "aic": 105.10063766008963,
  "bic": 115.52131840404201,
  "conf_int_lower": [-0.56536824702416233, 0.30016262314039538, 0.010533940844547264],
  "conf_int_upper": [0.052959069209351006, 0.45173475596548024, 0.018739755428134611],
  "fitted_values": [0.45803618060258627, 0.15491478072257273, 0.25984187547001697, -0.047027495917228823, -0.073423610972931208, 0.40296764006815261, 0.78640792919611158, 1.0054636336636968, 0.86072181985034313, 0.99125577817075738, 1.1157564131686653, 0.95494386504623252, 1.496522060926011, 1.7607233137235738, 1.6922162148521918, 1.730131688915119, 1.8263838353267503, 1.3533266725653841, 1.4900913443711261, 1.5017716983361007, 1.4535720180919856, 1.6209491985075966, 2.3085848213240396, 2.5222998770177862, 2.3655973145076441, 2.5944957672987869, 3.0194975830945916, 3.2136385779482755, 3.1238524789059254, 2.8844780782428812, 3.1308347341411999, 3.2433876530940933, 3.4996218846257938, 3.6307568798948808, 3.8788809381287415, 3.5948711814049354, 3.9929464909032193, 3.954629087531766, 4.5538195597763655, 4.1196917509837707, 4.6226885591744207, 4.5087141476100934, 4.1870845934910195, 4.0471226409940213, 4.0294512553965749, 4.2810200640193692, 4.5212522819549434, 4.3654311286195115, 4.4627492550358072, 5.2828628096099735, 5.7692939186036991, 5.6931524552169748, 5.5331902755670548, 5.4817634897966974, 5.6485319564817589, 5.2319541800571843, 5.2353258572765951, 4.7948771848924494, 5.2101753927641381, 5.6252371977722984, 5.5574391851638643, 6.2703278229580732, 5.8059849151165235, 5.4373517322505744, 5.7992196385280401, 6.3867971917039776, 7.0828483627416938, 6.8058286323017523, 7.2243169939140657, 7.1300882282011937, 7.0480927156967867, 7.4271129126627784, 7.6421109876328357, 6.9740269716078167, 7.7088771407411363, 8.2371103459789428, 7.8499018849565765, 8.0184379217236099, 8.21256548723313, 8.2923595257705358, 8.0611096896970071, 7.8887434374276237, 8.0589840628985314, 8.6987814216009411, 8.9347802141277484, 8.7621555441832584, 9.1494657765381611, 7.9850449350601318, 8.8213873715595099, 8.2771356324160426, 8.4895053075758202, 8.369901576266118, 8.2529080091555009, 9.2094917245478332, 9.2520147836027675, 9.6633965268814226, 9.8258032197529221, 10.205666241231071, 10.339628973575241, 9.8839867971743391],
  "residuals": [-0.45803618060258627, -0.053904679712471718, -0.057821673449814967, 0.35005779894753186, 0.47746401501333524, 0.10208286498235246, -0.1803473231355055, -0.29839292659298983, -0.052641011769535041, -0.082164869079848379, -0.10565540306765515, 0.1561672460648787, -0.28440084880479882, -0.44759200059226056, -0.27807480071077761, -0.21498017376360395, -0.21022221916513412, 0.36384504460633305, 0.32809047381069195, 0.41742022085581831, 0.56663000211003467, 0.50026292270452444, -0.086362599101817344, -0.19906755378546304, 0.058645109734780071, -0.069243242046262074, -0.39323495683196535, -0.48636585067554822, -0.29556965062309715, 0.044814851050047871, -0.10053170383816956, -0.11207452178096207, -0.26729865230256145, -0.29742354656154729, -0.44453750378530738, -0.05951764605139985, -0.35658285453958322, -0.21725535015802844, -0.71543572139252731, -0.18029781158983144, -0.58228451877038034, -0.36730000619595277, 0.055339648933222685, 0.2963117024403224, 0.41499318904786997, 0.26443448143517617, 0.12521236450970269, 0.38204361885523619, 0.38573559344904168, -0.33336786011502362, -0.71878886809864884, -0.54163730370182372, -0.28066502304180246, -0.12822813626134327, -0.19398650193630501, 0.32360137549837137, 0.42123979928906191, 0.96269857268330883, 0.64841046582171979, 0.33435876182366053, 0.50316687544219663, -0.10871166134191156, 0.45664134750973867, 0.92628463138578909, 0.66542682611842441, 0.17885937395258794, -0.41618169607502714, -0.038151864624984946, -0.35563012522719745, -0.16039125850422367, 0.022614355010284165, -0.2553957409456073, -0.36938371490556354, 0.39971040212955716, -0.2341296659936617, -0.66135277022136718, -0.17313420818889985, -0.24066014394583207, -0.33377760844525128, -0.31256154597255603, 0.019698391111074534, 0.29307474439055775, 0.22384421992975029, -0.31494303776255705, -0.44993172927926339, -0.17629695832467179, -0.46259708966947399, 0.80283385281865527, 0.06750151732937984, 0.71276335748294628, 0.60140378333327038, 0.82201761565307374, 1.0400212837737919, 0.18444766939156115, 0.24293471134672651, -0.067436930921827176, -0.12883352278322457, -0.40768644325127329, -0.44063907458534152, 0.11601320282566087]
}
