{
  "test": "polynomial",
  "method": "lm",
  "dataset": "synthetic_outliers",
  "formula": "x ~ poly(y, 2, raw=TRUE)",
  "degree": 2,
  "n": 100,
  "k": 2,
  "df_residual": 97,
  "df_model": 2,
  "variable_names": ["Intercept", "x^1", "x^2"],
  "coefficients": [-2.5468871355939613, 1.0061294077976213, -0.01971185309206995],
  "std_errors": [0.15947674551021376, 0.028566156418016221, 0.0011389094226741088],
  "t_stats": [-15.970272828466046, 35.221028446202567, -17.307656517396609],
  "p_values": [6.6667284281586412e-29, 4.5320300665646129e-57, 2.0307343584389664e-31],
  "r_squared": 0.97793619390065167,
  "adj_r_squared": 0.97748127006355168,
  "f_statistic": 2149.6701516780699,
  "f_p_value": 4.6612345973535734e-81,
  "mse": 0.19338092401976631,
  "rmse": 0.43975097955520953,
  "mae": 0.35431764235917346,
  "residual_std_error": 0.43975097955520953,
  "log_likelihood": -58.216226162284812,
  "aic": 124.43245232456962,
  "bic": 134.853133068522,
  "conf_int_lower": [-2.8634043300381342, 0.94943349481948225, -0.021972273030021056],
  "conf_int_upper": [-2.2303699411497884, 1.0628253207757603, -0.017451433154118845],
  "fitted_values": [-0.69109784686099407, -0.34365280276912968, -0.44841395486720104, 0.5220412965153276, 0.16185573464645864, 0.40478163387675203, 0.50651189701847077, 0.86058293894173565, 0.56098340000309921, 0.039651852340146565, 0.9188320184535681, 0.59455167180388824, 0.77980844791953841, 1.3839142684723507, 1.7795779617135254, 1.4010731108785821, 1.6465946563193992, 2.3327102718926525, 1.867252689947678, 2.9178670720828195, 2.2422989198701897, 1.4161991530591331, 2.5554277899886806, 2.5283993159720164, 2.9951421784284307, 2.8757473133519378, 2.6800116983127364, 2.3737674257147225, 2.8860234608614084, 2.7561391512766127, 2.9753720182132182, 3.5237539788991361, 4.0199515827234231, 3.6734576760201194, 3.2002451819998812, 3.9082759399501774, 4.2770477789807142, 3.7482527088565982, 4.024964589822007, 4.1827302154473198, 4.0092016428917905, 4.6053379566124386, 4.4481841107132221, 4.7309603397661384, 4.3935900822786573, 4.6475719936245481, 5.1249716866377533, 4.8690649186954955, 5.6262012861504402, 5.0567957909587298, 5.3504547713623722, 5.6609259223734032, 5.0215168727649138, 5.0088058969291929, 5.1810518949294986, 6.1151266016435883, 5.6701974526670247, 6.6429561720799049, 5.8476471819819027, 6.1535122034578125, 6.6142039700364323, 6.8178180638851238, 6.9109831146811365, 6.7674811330876334, 6.7987047741321573, 6.7649032687209578, 6.8926240401316745, 6.6217164503747004, 6.6313975243354673, 6.9255101775157311, 6.9605084689034902, 6.9656282016215005, 7.3271883158087023, 7.4614769308439977, 7.3267241695070737, 7.7217051320384158, 7.1739395849584504, 7.4763748841683917, 7.4242776796289123, 7.2194477950875005, 7.7115531794562324, 7.7707400048258002, 8.1843019846829552, 8.0645109765219161, 7.7722225781316681, 8.4313256849451879, 8.3675876664692517, 8.3016122651170381, 8.2002202915584732, 8.1120138366484884, 8.2926469280471693, 8.627484200726844, 8.8205668984872325, 8.814035228031468, 8.5041980426561636, 10.065216969239939, 10.230955317692207, 10.289449204325708, 10.282162853203952, 10.151873035168892],
  "residuals": [0.69109784686099407, 0.44466290377923068, 0.65043415688740303, -0.21901099348502462, 0.2421846693939454, 0.10026887117375304, 0.099548709042135253, -0.15351223187102853, 0.24709740807770886, 0.8694390567507625, 0.091268991647442121, 0.51655943930722292, 0.43231276420167369, -0.070782955341037415, -0.3654365475721113, 0.11407840427293299, -0.030433040157783114, -0.61553855472093522, -0.049070871765859836, -0.99867515289090036, -0.22209689966816959, 0.70501296815298808, -0.3332055677664581, -0.20516699273969313, -0.57089975418600636, -0.3504947880994127, -0.053749072050110133, 0.35350530155800453, -0.057740632578580073, 0.17315377801631637, 0.054931012089812062, -0.39244084758600506, -0.78762835040019064, -0.34012434268678599, 0.23409825234355319, -0.37292240459664211, -0.64068414261707773, -0.010878971482860864, -0.18658075143816849, -0.24333627605338076, 0.031202397512250429, -0.46392381519829751, -0.20575986828897969, -0.38752599633179519, 0.050854362165787266, -0.10211744817000355, -0.47850704017310752, -0.12159017122074779, -0.77771643766559118, -0.10730084146377962, -0.29994972085732213, -0.50941077085825204, 0.231008379760339, 0.34472945660616106, 0.27349355961595584, -0.55957104608803343, -0.013631796101368249, -0.88538041450414739, 0.010938676603955311, -0.19391624386185324, -0.55359790943037201, -0.65620190226896202, -0.64835685205487426, -0.40384476945127035, -0.33405830948569276, -0.19924670306439174, -0.22595737346500794, 0.14596031730206682, 0.23728934435140159, 0.044186792181238395, 0.11019860180358074, 0.20608897009567045, -0.054461043081429641, -0.08773955710662408, 0.14802330524040114, -0.14594755628084088, 0.50282809180922583, 0.30140289360938599, 0.45451019915896673, 0.76035018471047866, 0.3692549013518488, 0.41107817699238169, 0.098526298145326818, 0.31932740731646797, 0.7126259067168168, 0.15453290091339833, 0.31928102039943557, 0.48626652276174948, 0.68866859733041541, 0.87788515325050154, 0.79826216286192142, 0.56443499119234763, 0.47236239444205985, 0.57990416590792715, 0.99075145229333106, -0.46925737328034456, -0.53398562072250944, -0.49146940634590974, -0.38317295421405267, -0.15187303516889128]
}
