{
  "dataset": "synthetic_small",
  "alpha": 0.05,
  "n": 15,
  "p": 1,
  "df_residuals": 13,
  "mse": 0.0662629618914517,
  "train": {
    "predicted": [7.813778049657696, 4.58940445329905, 4.610767223388031, 1.387520484539397, 1.082929714089577, 7.26585869850781, 5.289282361092215, 4.206457028123495, 7.628045988145486, 7.416838813170337, 1.872034443389597, 5.830566844182318, 0.9114163275183336, 7.642677725638299, 6.722126706264773],
    "lower": [7.216011910838239, 4.014671302558945, 4.03607780248092, 0.777257982796183, 0.4664860052139959, 6.676093324849955, 4.714598037210762, 3.630490165209768, 7.033169226996859, 6.825027592206567, 1.270669838529411, 5.25396564721519, 0.2912985650254022, 7.047579879333976, 6.138703361393707],
    "upper": [8.411544188477153, 5.164137604039155, 5.185456644295142, 1.997782986282612, 1.699373422965157, 7.855624072165664, 5.863966684973668, 4.782423891037222, 8.222922749294112, 8.008650034134106, 2.473399048249783, 6.407168041149446, 1.531534090011265, 8.23777557194262, 7.305550051135839],
    "se_pred": [0.2766963578328289, 0.2660347570868415, 0.2660145152485501, 0.2824807237957283, 0.2853419054342765, 0.2729929319672169, 0.2660121559171265, 0.2666058226639743, 0.2753589112529658, 0.2739399218709054, 0.2783620300457471, 0.2668994457229382, 0.2870425659240311, 0.275461248025458, 0.2700573085643238],
    "leverage": [0.1554097832718477, 0.06808524638837592, 0.06792271735215043, 0.2042226462329716, 0.2287407727146472, 0.1246877407342649, 0.06790377423207727, 0.07267563431244768, 0.1442671417348795, 0.1325041720526948, 0.1693624546714605, 0.07503969176484078, 0.2434312065196253, 0.1451178305015018, 0.1006291875162144]
  },
  "extrapolation": {
    "new_x": {
      "y": [15.106710759162368, 19.575263361029116, 25.16095411336255]
    },
    "predicted": [8.504014221871632, 11.264958910727378, 14.716139771797058],
    "lower": [7.893968396347433, 10.58422550087251, 13.910372290574838],
    "upper": [9.11406004739583, 11.945692320582246, 15.521907253019279],
    "se_pred": [0.2823804278493083, 0.3151005768475855, 0.3729768430085988],
    "leverage": [0.2033676696037515, 0.4983992670344225, 1.099388881054639]
  }
}
