{
  "test_name": ["Cook's Distance (R - stats::cooks.distance)"],
  "dataset": ["synthetic_autocorrelated"],
  "formula": ["x ~ y"],
  "distances": [1.4610362173158571e-10, 0.033807221763926823, 0.025412969295223551, 0.13913289483662319, 0.18073186160878957, 0.032370870454871033, 0.0012766437610057667, 0.00041920500775197118, 0.0038075664248537729, 0.00147100621964715, 0.00037409887804154015, 0.011301838179473462, 0.0028806401282402421, 0.010576940878304904, 0.0038680529864221869, 0.0024761083397146643, 0.0028042619609873181, 0.012852039588569189, 0.0083710868911591792, 0.012432111474050361, 0.023022784131344766, 0.014335154641539786, 0.0018945474232726202, 0.0048656624099235575, 0.00028170154080681245, 0.0021822342983111474, 0.011665514394042483, 0.015160255116387118, 0.0083608216626208636, 0.00096367288759431516, 0.0034395624689411001, 0.0037427375948765685, 0.0075003355958584922, 0.0082855847076731166, 0.012656820487347927, 0.0028933321190926274, 0.0097174406603645607, 0.0060418542895662617, 0.022032220648057804, 0.0051398926548740804, 0.01654940086742418, 0.0095511335110644233, 0.0013343117000469351, 2.5422334717052719e-07, 0.00030105885755905544, 3.0786966244739113e-05, 0.00065651241798647317, 0.00013877689620686386, 0.00015363515013863747, 0.0080482215304481224, 0.021664757366908774, 0.014380537781882878, 0.0065104164644915804, 0.0033584310008159058, 0.0044635601433130143, 5.6410293239278959e-05, 0.00048506083046356987, 0.009552495339339117, 0.0030708647434885537, 0.00018781442158289453, 0.0014751724141028341, 0.0022382019452914857, 0.0012547287023986096, 0.010054138155641172, 0.0045857680893853356, 4.6526756605758127e-06, 0.007927680762652399, 0.00068522544497401469, 0.005683087242215874, 0.0016855377744499052, 8.9996217015181823e-05, 0.0026920192157499439, 0.0047381479000631306, 0.003211946943812086, 0.0015927350871594466, 0.013013500748484697, 0.00052524038111951556, 0.00096071982353509902, 0.0019191836460723376, 0.0013072763564839756, 0.00066050923624512935, 0.0055844264366520869, 0.0047375536397003355, 0.00036400734249013208, 0.0015673526092828641, 0.00027066074931518058, 0.0010102847982464659, 0.034738435282835156, 0.0059644190346796215, 0.035095220906495535, 0.03164551966740467, 0.047629030836609014, 0.065993442555373913, 0.017573640884454556, 0.022642415542258876, 0.010630339017613977, 0.0099387375475391629, 0.0028528162275029607, 0.0030327391093731438, 0.029262463537447561],
  "p": [2],
  "mse": [0.23929659816073906],
  "threshold_4_over_n": [0.040000000000000001],
  "threshold_4_over_df": [0.040816326530612242],
  "threshold_1": [1],
  "influential_4_over_n": [4, 5, 92, 93],
  "influential_4_over_df": [4, 5, 92, 93],
  "influential_1": [],
  "max_distance": [0.18073186160878957],
  "max_index": [5],
  "description": ["Measures influence of each observation on regression coefficients. D_i > 1 indicates high influence."]
}
