{
  "test": "polynomial",
  "method": "lm",
  "dataset": "synthetic_outliers",
  "formula": "x ~ poly(y, 3, raw=TRUE)",
  "degree": 3,
  "n": 100,
  "k": 3,
  "df_residual": 96,
  "df_model": 3,
  "variable_names": ["Intercept", "x^1", "x^2", "x^3"],
  "coefficients": [-1.0426889342091641, 0.47833571572709227, 0.027929294309437955, -0.0011879483981358362],
  "std_errors": [0.23342977576951612, 0.072504801023365872, 0.0062830422381023755, 0.00015504756418920011],
  "t_stats": [-4.4668206134880331, 6.5972971303367993, 4.445186463981698, -7.6618320600394387],
  "p_values": [2.168558317799377e-05, 2.2864766209779057e-09, 2.3574331715123074e-05, 1.4659113909468688e-11],
  "r_squared": 0.9863084994785889,
  "adj_r_squared": 0.98588064008729481,
  "f_statistic": 2305.2164321914465,
  "f_p_value": 2.7743636557371518e-89,
  "mse": 0.12125083760017978,
  "rmse": 0.34821090965129137,
  "mae": 0.27256818073471167,
  "residual_std_error": 0.34821090965129137,
  "log_likelihood": -34.358061537170229,
  "aic": 78.716123074340459,
  "bic": 91.74197400428092,
  "conf_int_lower": [-1.5060433769538586, 0.33441482318565363, 0.015457554038171794, -0.0014957153805911696],
  "conf_int_upper": [-0.57933449146446958, 0.62225660826853091, 0.040401034580704112, -0.00088018141568050288],
  "fitted_values": [-0.031772107632382252, 0.18654615128914098, 0.11973969719437028, 0.77124003717190281, 0.52086576523664641, 0.68861293953261682, 0.7602351521970363, 1.0158715301750927, 0.79891974412050037, 0.4382244375434784, 1.0588758971366516, 0.82287558408577377, 0.95668149684570825, 1.4119081399923343, 1.7258488029480488, 1.4252627750290718, 1.6189319233833457, 2.1858514167241205, 1.7971159278725217, 2.6994675224095372, 2.1089722023120783, 1.4370548112599695, 2.3780606759762062, 2.3545200198425609, 2.769376968201998, 2.6615673137144733, 2.4873352087895273, 2.220982045735358, 2.6708006748076283, 2.5547288748739403, 2.7514449386083397, 3.2606578301268097, 3.7425396628845999, 3.4039297994156636, 2.9572900839523499, 3.6323380678435973, 4.0000907573941316, 3.4761957136614678, 3.7475102736920562, 3.9049839914037761, 3.7318875214982246, 4.336729303656929, 4.1744954963471228, 4.467837380031118, 4.1186020140050488, 4.3806666499986635, 4.8871978838572083, 4.6134266554740089, 5.438198636691058, 4.8137582635828782, 5.132675783432961, 5.4770820878929776, 4.7758990026782779, 4.7622823606663411, 4.9478810178892942, 5.9938729276389378, 5.4874793462114644, 6.6125594473165501, 5.6877086891104174, 6.0382290619732171, 6.5783893743078981, 6.8214547629420865, 6.9334841141832992, 6.7611335185023398, 6.7985328932839364, 6.7580483459929006, 6.9113688220401368, 6.5873124878077505, 6.5988165849904306, 6.9509966537025054, 6.9932351296412847, 6.9994195869689841, 7.4395039481135425, 7.6044305507414673, 7.4389351405516653, 7.925724209601495, 7.2522078401344796, 7.62276879598621, 7.5586756675589193, 7.3077166158695412, 7.9131569815146747, 7.9864535279023805, 8.4993495197813402, 8.3508312871265868, 7.9882903661570648, 8.8043935092303105, 8.7259216366068006, 8.6444972050657718, 8.5190667278613397, 8.4097495351994009, 8.6334193370197063, 9.0442364032253799, 9.2766524325127762, 9.2688697341308792, 8.8938254325657713, 10.346028156614453, 10.154397461724356, 9.7457097241285684, 9.2865795056300744, 10.296264195376736],
  "residuals": [0.031772107632382252, -0.085536050279039974, 0.082280504825831741, -0.46820973414159978, -0.11682536119624232, -0.18356243448211179, -0.15417454613643025, -0.30880082310438556, 0.009161063960307643, 0.47086647154743067, -0.048774887035641493, 0.28823552702533745, 0.25543971527550391, -0.09877682686102128, -0.31170738880663462, 0.089888740122443384, -0.0027703072217296325, -0.46867969955240318, 0.021065890309296485, -0.78027560321761813, -0.088770182110058118, 0.68415730995215163, -0.15583845375398392, -0.031287696610237795, -0.34513454395957377, -0.13631478846194831, 0.13892741747309903, 0.50629068153736934, 0.15748215347520014, 0.3745640544189886, 0.27885809169469078, -0.12934469881367874, -0.51021643056136778, -0.070596466082330292, 0.47705335039108437, -0.096984532490061975, -0.3637271210304957, 0.26117802371226945, 0.090873564691782094, 0.034409947990163503, 0.30851651890581588, -0.19531516224278841, 0.067928746077119004, -0.12440303659677482, 0.32584243043939615, 0.16478789545588163, -0.2407332373925625, 0.13404809200073833, -0.58971378820620901, 0.13573668591207169, -0.082170732927911203, -0.32556693637782641, 0.47662624984697483, 0.59125299286901256, 0.50666443665616023, -0.43831737208338228, 0.16908631035419219, -0.85498368974079209, 0.17087716947544043, -0.078633102377257347, -0.51778331370183794, -0.65983860132592465, -0.67085785155703703, -0.39749715486597631, -0.33388642863747214, -0.19239178033633483, -0.24470215537347012, 0.18036427986901685, 0.26987028369643784, 0.018700315994464606, 0.077471941065786296, 0.17229758474818715, -0.16677667538627042, -0.23069317700409389, 0.03581233419580989, -0.34996663384392018, 0.42455983663319657, 0.15500898179156797, 0.32011221122895955, 0.67208136392843754, 0.16765109929340649, 0.19536465391580149, -0.2165212369530575, 0.033007096711796961, 0.49655811869142008, -0.21853492337172328, -0.03905294973811322, 0.14338158281301533, 0.36982216102754895, 0.58014945469958867, 0.45748975388938345, 0.14768278869381124, 0.016276860416516811, 0.12506965980851492, 0.60112406238372385, -0.75006856065485761, -0.45742776475465835, 0.052270073851229795, 0.61241039335982539, -0.29626419537673648]
}
