{
  "test": "polynomial",
  "method": "lm",
  "dataset": "synthetic_high_vif",
  "formula": "x1 ~ poly(x2, 3, raw=TRUE)",
  "degree": 3,
  "n": 100,
  "k": 3,
  "df_residual": 96,
  "df_model": 3,
  "variable_names": ["Intercept", "x^1", "x^2", "x^3"],
  "coefficients": [0.22509576412316293, 0.88666855818354862, 0.013720358945075936, -0.00052236117005392889],
  "std_errors": [0.1003876222293668, 0.092812156707493584, 0.022427027245113022, 0.0014991924186119451],
  "t_stats": [2.2422661193116173, 9.5533666023726784, 0.61177786940378742, -0.34842836954683015],
  "p_values": [0.027245683580048263, 1.3555082274220597e-15, 0.5421308929891776, 0.72828144236023906],
  "r_squared": 0.98911251783282195,
  "adj_r_squared": 0.98877228401509765,
  "f_statistic": 2907.1552159294324,
  "f_p_value": 4.6412478999640795e-94,
  "mse": 0.098842748799676028,
  "rmse": 0.31439266658062498,
  "mae": 0.25115300919673272,
  "residual_std_error": 0.31439266658062498,
  "log_likelihood": -24.14149921201858,
  "aic": 58.28299842403716,
  "bic": 71.308849353977621,
  "conf_int_lower": [0.025827908926826765, 0.70243788320061007, -0.03079693829056012, -0.0034982346009520479],
  "conf_int_upper": [0.42436361931949906, 1.0708992331664873, 0.058237656180711993, 0.0024535122608441906],
  "fitted_values": [3.8245772598745766, 8.5246754053899352, 4.0574385886376119, 3.1502436677084091, 6.3906967546454849, 6.8951702085077144, 1.0525809502427619, 2.390460367742147, 0.18065729510813433, 6.7950963878292274, 6.8696197306640148, 5.4083563123392722, 8.7916822200198688, 8.1563597940682797, 5.9580212499298213, 8.8739861875081338, 2.3175650162231314, 1.3112127419695776, 2.7361479729650431, 0.71871127877561358, 5.0203923228072984, 9.2193615937606115, 0.12379560420464941, 1.3002453633207203, 4.1771939811288608, 8.9433853479366654, 3.2007007647238717, 5.4199537615768349, 0.84436490817197862, 1.1361718390933544, 9.5086683914820984, 9.8745751107584958, 0.0083884272791636683, 9.3892832012801382, 6.4808330934989646, 8.3202196233414583, 4.522688770877382, 4.6960018989378804, 4.6491906654847668, 6.6891768515739347, 1.0507753314740578, 0.61054571955957504, 3.0646257274087403, 7.1379952411261245, 2.1293746967800824, 7.0688073142444798, 9.6768681997171626, 0.95219002540581366, 6.6873090489046811, 4.5437310218927713, 8.629683743589494, 1.8473116805710519, 6.6402406490886507, 8.1124927127301909, 8.9611908753867304, 7.2832868564502142, 4.541866661310709, 5.8969646090730947, 8.4056301680591776, 5.9009173248727054, 0.41670276813479096, 9.6237062327418776, 6.6177943892884148, 6.773502878891172, 1.9614504971523488, 7.1579018419394789, 3.5535288602860997, 6.5298638561407039, 1.3594190479012034, 6.6271683550254812, 9.8797314150106423, 0.62069363187536686, 9.725316807940974, 3.9821328270171863, 8.9323366776612652, 8.4192042697985929, 5.4327923682168047, 6.8984044996258316, 8.6926993737977032, 4.7544989925819001, 3.0223992351472861, 7.0929768650082181, 8.5145987167280328, 7.3831006455273158, 8.0788324406652485, 4.7830312385405787, 7.9940881463912152, 1.2538859874348418, 5.2028207516302976, 0.0070739703475172638, 3.0432752611481657, 3.2792802119686986, 3.9306258050804646, 6.6482611449261997, 3.9148644258051415, 3.9774575475572167, 2.4954483303785948, 3.9409425341358499, 1.7459110259592729, 0.98306360658379144],
  "residuals": [-0.45454549556171403, -0.23584174656384085, 0.2514366479804474, -0.66310094183210999, -0.21924688860518413, 0.17260196034674335, 0.61783812876673672, -0.71426820485897036, 0.18605697422729539, 0.5689237628271776, -0.23157445444596367, -0.66204755484113331, -0.34997773032789692, -0.099658264567746388, -0.10447760596229991, -0.19127338237554745, -0.25915291585544864, -0.19201654799229884, -0.038651857795146953, -0.147842717882465, 0.29130295720302168, 0.14669532918900299, 0.26963980248044706, -0.079146223220452366, 0.34479630170549225, 0.39536482734238387, -0.039139714956366541, -0.34760567469291148, -0.42863631766805765, 0.34726017052753433, 0.35763283810637114, -0.22338814639804042, 0.041011382064932489, 0.12883465295225166, -0.089633715343961293, 0.35896332185876245, 0.024709785461208472, 0.4599583868546222, 0.23927513708443585, -0.020534276112890944, 0.34573721608907138, -0.31080982083279551, 0.014673688503168851, -0.091187613759656574, -0.11084017555059897, -0.33448298099530682, 0.022252261355542161, -0.013182867511629743, 0.038712133346581384, -0.1062288288470605, 0.051738800185558126, -0.075813786097192817, 0.28601887317299435, 0.26866018375091139, 0.48495131935350222, -0.4508065735537552, 0.42988097877356446, 0.28150779293904327, 0.28341967672800317, -0.19481985848440861, -0.11283217116642236, -0.31421927767210045, 0.27747312102719712, -0.0083690211187072844, 0.195301026824823, -0.56904713961290776, 0.38511519625548518, -0.017534085725783383, -0.29348874482129605, -0.048715308995121095, 0.11440584269602211, -0.13857324326980652, 0.04642503427219892, 0.086946780211519553, -0.2248021742886725, -0.59534942921585843, 0.23737024164987305, 0.48608759288743364, 0.092456239215776392, -0.71309577607157093, 0.24793238048510083, -0.41704300937237138, -0.43613929731544832, 0.23975070223884246, -0.10069595207890353, -0.42719809041124868, 0.18425401535900018, -0.05179543372875739, 0.24207022797819769, 0.050512634633698442, 0.20258303785453713, 0.38533513674528019, 0.031101111012089164, 0.30641092197242237, -0.029283413101684211, 0.50947867866809038, -0.12000702163532005, -0.20842461784244928, 0.52678524667224158, -0.25110436889935506]
}
