{
  "dataset": "synthetic_nonnormal",
  "alpha": 0.05,
  "n": 100,
  "p": 1,
  "df_residuals": 98,
  "mse": 0.1320591172543059,
  "train": {
    "predicted": [-0.1802638921898894, 0.2346038848523486, -0.05695694823863939, 0.5481710248595817, 0.675073408435134, 0.4195311345593598, 0.2877696324156098, 0.4975760803233675, 0.8029694691329059, 1.898892186254133, 1.016326565023792, 0.8857093076743063, 1.218559935149348, 1.243140491114352, 1.586773152988809, 1.224210406093873, 1.759932544288888, 1.644582302266243, 2.576513433027103, 1.725580635277377, 2.018353431445431, 2.67601577796973, 1.923470656291771, 2.902575733056548, 2.472740961756455, 2.211335802799858, 2.406564960882829, 2.795337672917603, 2.511553590364238, 2.877003692001336, 2.829031222841483, 3.109419351461866, 2.904505452695117, 3.667242409797538, 4.288816684310611, 4.335959544164051, 3.74716686251847, 3.435733657389485, 3.958993020283679, 3.598170546153204, 3.697467173011249, 3.91939800277743, 4.111949738855316, 4.47667469576156, 4.470517843981718, 4.385815479133662, 4.396490482814695, 6.324501204424648, 4.674649493644045, 4.789622518589175, 4.750415457645023, 5.31484477066373, 5.28257698503093, 5.074190685988485, 5.120303676707397, 5.569044062496765, 5.643334319228321, 5.497754172509305, 6.488050102611601, 5.646658469297273, 5.879772796481373, 6.742977859739883, 6.072774599766682, 6.329299401358493, 6.26066581659756, 6.299229458256423, 7.65937486948285, 6.567558933410818, 7.235613493910993, 6.680189638738657, 6.77316731718269, 6.804557850030662, 7.242706012629196, 7.146264798544477, 7.75460785343153, 7.406416552436763, 8.434104071576673, 7.462695144280458, 8.165684462417774, 8.090386951651089, 8.182228109061557, 8.410974617451959, 8.368511096717596, 8.320839065482938, 8.142286869827798, 8.206853802562055, 9.134152689274138, 8.713005704830147, 9.022451047055815, 8.813492950173103, 8.737808508123948, 8.840900728751475, 9.279137530980799, 9.182885887326638, 9.171048016127399, 9.420755555652804, 9.319286478711845, 9.685690390607693, 9.601152613793074, 10.125545335980542],
    "lower": [-0.9164251504591843, -0.4998144908662788, -0.7925854396650264, -0.1850240524523766, -0.05764970647323531, -0.3141559732618235, -0.4464356183212711, -0.2358108830698225, 0.07070849784432376, 1.170031528839189, 0.2848062811116937, 0.1537400715167432, 0.4877066970589726, 0.5123660014127546, 0.8570465885344333, 0.4933753150454392, 1.030696494478677, 0.9150222979440126, 1.849249766033665, 0.9962492799728074, 1.289802486328662, 1.948953876673959, 1.194674703508807, 2.175941871037822, 1.745257924001058, 1.483259735451372, 1.678937263727073, 2.068506642682856, 1.784153669708425, 2.150323700873495, 2.102263194876244, 2.383138161413571, 2.177875049109907, 2.941730546767254, 3.563848901684266, 3.611019537062186, 3.021743471270318, 2.709934734524367, 3.233777692978144, 2.872577827994995, 2.971989408886375, 3.19414669958595, 3.386860788508745, 3.751806274663601, 3.745646645531281, 3.660902775237156, 3.671583348281263, 5.598998733554387, 3.949853066741073, 4.064852486312519, 4.025637697368945, 4.590051225847956, 4.557791701007694, 4.349437261409337, 4.395546408669356, 4.844154242978734, 4.918405910148846, 4.77289693901387, 5.762350737228561, 4.92172822302136, 5.154690114150565, 6.016926059370789, 5.347530514866083, 5.603791479324954, 5.535233996305314, 5.573755373599491, 6.931599339959391, 5.841755597880213, 6.508723739175859, 5.954229787914235, 6.047070109659867, 6.078412605063784, 6.515802686441775, 6.419542350505074, 7.026612322970201, 6.679188096113624, 7.704316665725043, 6.735349665149458, 7.436651376806198, 7.361554580298785, 7.453150284583291, 7.681254594682832, 7.63891361350748, 7.591377347337037, 7.413316664680148, 7.477708956230016, 8.402113940310723, 7.982370454288872, 8.290798961366992, 8.082536266124185, 8.007094704379972, 8.109854909373578, 8.546581432172738, 8.450675192426912, 8.438879270494828, 8.687677276932625, 8.586584030109199, 8.951590658563983, 8.867385116845242, 9.389622034076693],
    "upper": [0.5558973660794055, 0.9690222605709761, 0.6786715431877476, 1.28136610217154, 1.407796523343503, 1.153218242380543, 1.021974883152491, 1.230963043716558, 1.535230440421488, 2.627752843669077, 1.74784684893589, 1.617678543831869, 1.949413173239723, 1.97391498081595, 2.316499717443184, 1.955045497142307, 2.489168594099099, 2.374142306588473, 3.30377710002054, 2.454911990581946, 2.746904376562201, 3.403077679265501, 2.652266609074735, 3.629209595075273, 3.200223999511852, 2.939411870148343, 3.134192658038586, 3.52216870315235, 3.238953511020052, 3.603683683129177, 3.555799250806722, 3.83570054151016, 3.631135856280328, 4.392754272827822, 5.013784466936957, 5.060899551265916, 4.472590253766622, 4.161532580254603, 4.684208347589215, 4.323763264311413, 4.422944937136124, 4.64464930596891, 4.837038689201886, 5.201543116859519, 5.195389042432156, 5.110728183030167, 5.121397617348126, 7.050003675294908, 5.399445920547017, 5.51439255086583, 5.475193217921101, 6.039638315479504, 6.007362269054167, 5.798944110567634, 5.845060944745438, 6.293933882014796, 6.368262728307797, 6.22261140600474, 7.213749467994641, 6.371588715573187, 6.604855478812182, 7.469029660108976, 6.79801868466728, 7.054807323392032, 6.986097636889806, 7.024703542913356, 8.387150399006309, 7.293362268941423, 7.962503248646127, 7.406149489563079, 7.499264524705513, 7.53070309499754, 7.969609338816616, 7.872987246583881, 8.48260338389286, 8.133645008759903, 9.163891477428303, 8.190040623411457, 8.89471754802935, 8.819219323003393, 8.911305933539822, 9.140694640221087, 9.098108579927711, 9.050300783628838, 8.871257074975448, 8.935998648894094, 9.866191438237554, 9.443640955371423, 9.754103132744639, 9.544449634222021, 9.468522311867924, 9.571946548129372, 10.01169362978886, 9.915096582226363, 9.903216761759969, 10.153833834372982, 10.051988927314492, 10.419790122651403, 10.334920110740907, 10.861468637884391],
    "se_pred": [0.3709616182401084, 0.3700833561417767, 0.3706931498196777, 0.3694669195235344, 0.3692290912827553, 0.3697148603542632, 0.3699759595799121, 0.3695636135160692, 0.3689962108599814, 0.3672827466931022, 0.368622968469535, 0.3688492015803098, 0.3682868350548963, 0.3682471526763325, 0.3677190889659191, 0.3682776905149342, 0.367471912000104, 0.3676351570617871, 0.3664780016125629, 0.3675199377281863, 0.3671266784756713, 0.366376329147636, 0.3672501411535993, 0.3661606343645986, 0.3665885455075816, 0.3668873811431781, 0.366661441336652, 0.3662599900963205, 0.3665466616765342, 0.3661838794468047, 0.3662282424003003, 0.365982918187077, 0.3661588916131581, 0.3655952438937731, 0.365321074416868, 0.3653070779542819, 0.3655506617657415, 0.3657398972284409, 0.36544581552997, 0.3656359878866975, 0.3655780609939821, 0.3654639442656482, 0.3653821324704784, 0.365271004798361, 0.3652724043438525, 0.3652933194996911, 0.3652905130222853, 0.3655905110572624, 0.365234725949432, 0.3652214253401143, 0.3652253195835822, 0.3652332736266986, 0.3652291109015712, 0.3652130564966393, 0.3652149932675772, 0.3652817877517545, 0.3653012335538794, 0.3652653672140819, 0.3656897288662178, 0.3653021593420215, 0.3653789739325299, 0.3658673256241053, 0.3654603068712099, 0.3655932579721921, 0.3655549092751048, 0.3655762068603035, 0.3667359360668963, 0.3657421208302831, 0.3662895821666029, 0.3658209910044756, 0.3658902069032243, 0.3659144136212258, 0.3662964210050305, 0.3662052740589792, 0.3668467975160829, 0.3664602584794024, 0.3677497477691747, 0.3665192278555916, 0.3673696355943235, 0.3672684929634298, 0.3673921801145614, 0.3677157925222144, 0.3676540431804783, 0.367585629327731, 0.367337949277784, 0.367425953333478, 0.3688842300236811, 0.3681769881795522, 0.3686893851680939, 0.3683389628730205, 0.3682165722012115, 0.3683838793712866, 0.3691449296100966, 0.3689708759074016, 0.3689497371041117, 0.3694080631328613, 0.3692186772516886, 0.3699227872827647, 0.3697553695228392, 0.3708417088080312],