{
  "test": "polynomial",
  "method": "lm",
  "dataset": "synthetic_nonlinear",
  "formula": "x ~ poly(y, 2, raw=TRUE)",
  "degree": 2,
  "n": 100,
  "k": 2,
  "df_residual": 97,
  "df_model": 2,
  "variable_names": ["Intercept", "x^1", "x^2"],
  "coefficients": [-2.3283181447063663, 0.70814971227747714, -0.0094722116178511066],
  "std_errors": [0.32624621588522956, 0.16766704735165835, 0.013685618865837178],
  "t_stats": [-7.1366901172746395, 4.2235473425629753, -0.69212884785913342],
  "p_values": [1.7431799382774289e-10, 5.4292468145792254e-05, 0.4905099246940775],
  "r_squared": 0.61544840857212335,
  "adj_r_squared": 0.60751950977979607,
  "f_statistic": 77.620918704080495,
  "f_p_value": 7.4182032695867322e-21,
  "mse": 3.3704494024623841,
  "rmse": 1.8358783735483089,
  "mae": 1.4401113935098899,
  "residual_std_error": 1.8358783735483089,
  "log_likelihood": -201.12319741222387,
  "aic": 410.24639482444775,
  "bic": 420.66707556840009,
  "conf_int_lower": [-2.9758265737231051, 0.3753770358681362, -0.036634376695828565],
  "conf_int_upper": [-1.6808097156896276, 1.040922388686818, 0.017689953460126348],
  "fitted_values": [0.043257350107085202, -0.084301187588910587, 0.083758127351472034, -0.50938231708053383, -0.42699842404002997, -0.72624454542761185, -0.82901835741251961, -0.89550657479528883, -0.8223641943742912, -1.1583433028568049, -0.67419724049005669, -1.4915996493348671, -1.3397382388495092, -1.5119496476948426, -0.95316197634669031, -1.453359782676015, -1.2417758203159246, -2.1817990080267564, -1.6372940347976863, -1.4843516748561476, -1.8198170383844454, -1.5332152126838667, -2.1319084756258437, -1.5076520494593324, -1.2439082703865281, -2.2003506430765021, -2.2619063335726075, -1.6271928836895078, -1.6069240251310022, -2.3607632961334235, -2.3395649111459873, -2.3014093921084795, -2.6865535003986611, -2.5363760383552783, -2.5647128283836702, -2.4738786937355051, -2.2033623099519875, -2.093731078867902, -1.6169351144233395, -2.4862203946622472, -1.7617542722766784, -2.14795457230165, -2.0536724931450352, -1.7608154626460997, -2.3455487640026873, -1.7688010773509761, -1.7906100592205765, -1.6207989550247972, -1.6296708155562123, -0.83096110507960164, -1.814750083342592, -1.7035606048693741, -1.6571648881008301, -1.5516801100625375, -1.4936621975043272, -0.78782221272584829, -0.61969510030140373, -1.1894643761701724, -1.1764830032432587, -0.63595158999698898, -0.86830337445813388, -0.36552599150772114, -0.39203090173537936, -0.84049604077936246, 0.27794550819811858, 0.47817938430941531, -0.16337541444091386, 0.041378186527474714, 0.39013911755808905, 0.54210908893710563, 0.78227780761479382, 1.3352896371699448, 0.81168448448840724, 0.76904990980942411, 0.7426445370848791, 1.098328434225373, 1.4661251278847494, 2.1587611700344085, 1.6426126054870913, 2.0232774264008322, 2.1184936138635346, 2.6263584094924313, 3.158704362124034, 2.4802573952501779, 2.6656188493638311, 3.2591949319575533, 3.334511736380851, 3.8140681381416925, 3.6588719671571286, 3.5896119050123048, 4.0154495905670142, 4.3241472247746167, 4.430597560601953, 4.5330493797216933, 4.8485129059749656, 5.0517473437836786, 5.2798291186767674, 5.2899882201499402, 5.2839633094621803, 5.5385280673387323],
  "residuals": [-5.0432573501070852, -4.8146887114009882, -4.8817379253312696, -4.1875873798891634, -4.1689611719195661, -3.768704949521883, -3.564921036526874, -3.3974227181340044, -3.3695549975449008, -2.932565788052286, -3.3157017494089329, -2.3972892395540217, -2.4481405490292789, -2.1749190391738442, -2.6326966095118953, -2.0314887021724699, -2.1420625635224595, -1.1010292748015265, -1.5445241470204953, -1.5964564059519333, -1.1599809414135343, -1.3455726661040122, -0.64586930215193394, -1.1691156273083445, -1.3318493053710476, -0.27439683167097273, -0.11183104016476619, -0.64553438903776528, -0.56479314658616953, 0.29005622542635245, 0.36986794144901747, 0.43272252342161044, 0.91887673272189352, 0.86970937168861184, 0.99905626272710435, 1.0092322290890405, 0.83972594631562381, 0.83110481624163934, 0.45531895280717771, 1.4256143340561866, 0.80215831268071891, 1.289368713715791, 1.2960967355692774, 1.1042498060804431, 1.7899932084471319, 1.3142556228055211, 1.4370747056852227, 1.3682737024995446, 1.4781556640410609, 0.78045605457455147, 1.8652551338476422, 1.8550757563845255, 1.9096901406260827, 1.9052154635978913, 1.9482076520497813, 1.3433777682814037, 1.2762607568670603, 1.9470401337459302, 2.0350688618291168, 1.5955475495929483, 1.9289094350641944, 1.5271421531238829, 1.6546571643616415, 2.2041324044157258, 1.1867009564483459, 1.0874771813471504, 1.8300420811075808, 1.7262985811492926, 1.4785477511287795, 1.4275878807598641, 1.2884292630922771, 0.83642753454722663, 1.4610427882388652, 1.6046874639279496, 1.7321029376625958, 1.4774291415322023, 1.2106425488829271, 0.61901660774336908, 1.2361752733007876, 0.95652055339714714, 0.96231446694454659, 0.55545977232575028, 0.12412392070424816, 0.90358098858820635, 0.81922963548465344, 0.32666365390103325, 0.35235695048783577, -0.026189350262905475, 0.2300169217317608, 0.40028708488668474, 0.075459500342075492, -0.13222803285542473, -0.13766826767266038, -0.1391099857822985, -0.35356341102547117, -0.45578774782408327, -0.5828594217070705, -0.49200842217014273, -0.38497341047228051, -0.53852806733873237]
}
