{
  "test": "ols",
  "method": "lm",
  "dataset": "synthetic_simple_linear",
  "formula": "x ~ y",
  "n": 100,
  "k": 1,
  "df_residual": 98,
  "variable_names": ["Intercept", "y"],
  "coefficients": [-0.54772981458163983, 0.32834276868358619],
  "std_errors": [0.064962576131120262, 0.0034072335865154499],
  "t_stats": [-8.4314669645505393, 96.366380627099787],
  "p_values": [3.0194118657611196e-13, 6.7519884831568996e-99],
  "r_squared": 0.98955722563726956,
  "adj_r_squared": 0.98945066671520088,
  "f_statistic": 9286.4793151670765,
  "f_p_value": 6.7519884831568996e-99,
  "mse": 0.090593022970844941,
  "std_error": 0.3009867488293213,
  "conf_int_lower": [-0.67664593267487749, 0.32158122452123805],
  "conf_int_upper": [-0.41881369648840217, 0.33510431284593434],
  "residuals": [-0.27204822302955212, -0.062045347010771766, -0.31859498599392577, -0.60449468567199216, -0.026023986159845226, -0.024517084499161894, -0.61840507706119829, -0.35035132031279836, 0.057291135463218665, -0.27349075881068707, 0.058327048710524479, 0.060598489459208399, -0.17025477713123069, 0.53891581014838685, 0.47858066654696108, 0.098351706133280689, 0.24779672856365431, -0.18642759261350664, 0.21640867792835033, 0.3834975387769734, -0.5599450511288202, -0.0030655685004359161, -0.097857689478682855, 0.39363276466913194, 0.10608342384310529, -0.10756904504779212, 0.3082842954330684, -0.1914815577292461, 0.1306038325478365, 0.030676287854340685, 0.13397906175224544, -0.67025680839814195, -0.056130652466167767, 0.28824165859220813, -0.32761445777651316, 0.34482969250941109, -0.12309205039481341, 0.59044260716555197, 0.38461166992468898, -0.11461428561116997, -0.29093419151731609, -0.10321927365368087, -0.0074671681922576019, 0.054938067963637843, 0.44304714308790433, 0.19545307193436445, 0.11185713326724817, -0.38497642242826313, -0.14919027208370991, 0.54402808671376202, -0.13975173467732577, 0.094610167560715414, 0.19194592151922721, -0.22964371614206913, -0.36581317533562774, -0.33155873802033881, 0.25128365213106219, 0.078772586944680978, -0.13001072056610247, -0.34004366403246283, 0.13911521223674919, 0.044253891047643629, 0.34806348939361231, 0.3790844881233878, -0.27895599257861864, -0.45596832808914495, 0.014499572902338949, -0.33713490763141474, -0.12486041887424643, 0.20721285352324711, -0.12175689422088218, -0.50658615277009766, 0.011692544990369647, -0.51229781351703285, 0.86312826947634802, -0.26539954280217803, -0.022602782000648837, 0.10566768701727336, -0.021125909397550546, 0.66311925071426503, 0.084155338517402326, -0.10371537548089448, -0.47020357517231937, 0.18673481801141309, 0.28353985997222003, 0.18433742115044607, -0.27946424921360391, -0.085329340663843539, 0.19806893325097466, -0.14288935653772711, -0.0047241254860184191, -0.28938469990101717, 0.26068922708671233, 0.13927295920496796, 0.16194563173917426, 0.5152465975139755, -0.06100461188216983, -0.047978978776320728, 0.037569957877245208, 0.11778620557682248],
  "vif": []
}
