{
  "dataset": "synthetic_high_vif",
  "alpha": 0.05,
  "n": 100,
  "p": 3,
  "df_residuals": 96,
  "mse": 0.03975460943279756,
  "train": {
    "predicted": [3.599254387495318, 8.306871054486241, 4.13739757632177, 2.731399395441247, 6.206330747258385, 7.020555899421733, 1.437323602830363, 1.982488604191123, 0.3216650239373048, 7.309504629468927, 6.871921432867848, 4.806975984781882, 8.172527535485681, 8.215210833045901, 5.702456560004765, 8.694567141955536, 2.003521104262481, 0.9273049713016047, 2.812758515672351, 0.7262721961752419, 5.125147531506933, 8.883962427390319, 0.1663564042268162, 1.310718179831432, 4.18354666151378, 9.172160946154124, 3.197029639857285, 5.313067445313482, 0.5935908767336507, 1.192427560654591, 9.859264074404258, 9.669842929445426, -0.01188242996375083, 9.286179634759733, 6.363824042859665, 8.378396484257188, 4.533895451108019, 5.245866917995074, 4.608428874027371, 6.43732028398321, 1.469506913403989, 0.3730194577284736, 2.994983879689336, 7.233378563617817, 1.986392975798687, 7.136943744804373, 9.746497210779784, 0.861479013789171, 7.031273974838552, 4.411181105360684, 8.741644161096081, 1.85477098945921, 7.006486840221175, 8.484020117020421, 9.222523370050141, 6.893795171421624, 4.887921504472835, 5.972882692045163, 8.8488943137273, 5.814401300561983, 0.2679472798056317, 9.420832193523806, 6.584871960682265, 6.623319948374774, 2.268205736573809, 6.714417205448553, 3.650381127222701, 6.600736670183894, 1.360535650849978, 6.705738682038169, 10.049811720833262, 0.40474859246107, 9.494972817053622, 4.280536545487055, 8.717052529867367, 8.001394116287747, 5.787662375389098, 7.268630716045641, 8.786757394357608, 4.672806653084981, 3.09582976074568, 6.978671759416449, 8.237877024058234, 7.557690305069958, 8.225738348677792, 4.623651817802446, 8.164583512035215, 1.380347240445927, 5.309859946502928, -0.1294915603103542, 3.029816488745899, 3.239238013577077, 4.278117695344491, 6.668199362474395, 3.887096246321503, 4.262352758716855, 2.487859634160217, 3.962257408182631, 2.194614875221891, 0.7373270159142797],
    "lower": [3.197856940118369, 7.904963300192565, 3.734000736221161, 2.324832884675851, 5.806637613974471, 6.620797073632735, 1.029856624853508, 1.572685162704815, -0.08406882305677138, 6.899308124460898, 6.470504934892207, 4.394460890608849, 7.758623713530533, 7.815181863510186, 5.297657925906561, 8.29289871473509, 1.598434672100283, 0.5214923299557834, 2.413111705619986, 0.3216937306392519, 4.723451680939064, 8.477840242312224, -0.2383719466613839, 0.9068485899774983, 3.78010150644765, 8.765535484963882, 2.798348259243904, 4.911964126202828, 0.1902506967249324, 0.790370499276982, 9.446452870507002, 9.26553576424025, -0.4192701227551487, 8.882511634913872, 5.96335352945731, 7.977489925403125, 4.13068588115674, 4.838812103358705, 4.208865992480155, 6.03593075486689, 1.056992881435006, -0.03521010288961296, 2.59577702729229, 6.833199446315305, 1.585526483353839, 6.738033387360167, 9.343503362404052, 0.4596009275819704, 6.626271726412619, 4.012155867398339, 8.335883497217042, 1.451662928334921, 6.601680032357363, 8.076030949061419, 8.813886728802451, 6.48770749338135, 4.486850666033469, 5.572039199550654, 8.439312129644136, 5.414027432948129, -0.1373086675237624, 9.016693282486157, 6.181846942462587, 6.223636116796738, 1.862733319771497, 6.308183996595143, 3.251414946467725, 6.197828633729626, 0.9590198928920706, 6.305376730227458, 9.640882025394593, -0.001788827297737883, 9.088359749460352, 3.880586575086312, 8.315009454809672, 7.594889866213051, 5.383751249368212, 6.86597354180293, 8.385068517954887, 4.271292132138369, 2.69664293089436, 6.574605579955954, 7.829702865357966, 7.15393685187717, 7.821087219958931, 4.224289817261647, 7.759754913007042, 0.9782969606863807, 4.910961972757672, -0.5334951780550676, 2.630902964031335, 2.836786871060212, 3.876998616885937, 6.26760110953422, 3.488498707326599, 3.862255769882142, 2.085693854767653, 3.559472063473417, 1.786198869704814, 0.3342291007960699],
    "upper": [4.000651834872267, 8.708778808779915, 4.540794416422379, 3.137965906206642, 6.6060238805423, 7.420314725210732, 1.844790580807219, 2.392292045677432, 0.727398870931381, 7.719701134476956, 7.273337930843488, 5.219491078954915, 8.586431357440828, 8.615239802581616, 6.107255194102969, 9.096235569175983, 2.40860753642468, 1.333117612647426, 3.212405325724716, 1.130850661711232, 5.526843382074802, 9.290084612468414, 0.5710847551150162, 1.714587769685366, 4.586991816579912, 9.578786407344365, 3.595711020470666, 5.714170764424137, 0.996931056742369, 1.594484622032201, 10.272075278301514, 10.074150094650603, 0.395505262827647, 9.689847634605595, 6.764294556262021, 8.77930304311125, 4.937105021059297, 5.652921732631443, 5.007991755574587, 6.83870981309953, 1.882020945372972, 0.7812490183465601, 3.394190732086381, 7.633557680920328, 2.387259468243534, 7.53585410224858, 10.149491059155517, 1.263357099996372, 7.436276223264485, 4.810206343323029, 9.147404824975121, 2.257879050583499, 7.411293648084987, 8.892009284979423, 9.63116001129783, 7.299882849461898, 5.2889923429122, 6.373726184539672, 9.258476497810463, 6.214775168175838, 0.6732032271350259, 9.824971104561454, 6.987896978901943, 7.02300377995281, 2.673678153376121, 7.120650414301964, 4.049347307977677, 7.003644706638162, 1.762051408807885, 7.106100633848881, 10.458741416271931, 0.8112860122198778, 9.901585884646892, 4.680486515887798, 9.119095604925061, 8.407898366362444, 6.191573501409984, 7.671287890288353, 9.188446270760329, 5.074321174031593, 3.495016590596999, 7.382737938876944, 8.646051182758502, 7.961443758262746, 8.630389477396655, 5.023013818343245, 8.569412111063386, 1.782397520205473, 5.708757920248184, 0.2745120574343592, 3.428730013460463, 3.641689156093941, 4.679236773803045, 7.06879761541457, 4.285693785316408, 4.662449747551568, 2.890025413552782, 4.365042752891845, 2.603030880738968, 1.14042493103249],
    "se_pred": [0.2022169369535636, 0.2024740205555665, 0.2032241956568458, 0.2048210196953969, 0.2013583336471589, 0.2013914283697226, 0.2052746591555344, 0.2064517281610124, 0.2044015384095825, 0.2066497466135708, 0.2022265343083541, 0.2078178108403484, 0.2085174273431354, 0.2015275220129564, 0.2039303946879702, 0.2023534518075725, 0.204075382264106, 0.2044412336108431, 0.2013349968221365, 0.2038194776590871, 0.2023672672051366, 0.2045971762701767, 0.2038949872494351, 0.2034623586239687, 0.2032485358822275, 0.2048507178771426, 0.2008486305403581, 0.2020687603334324, 0.2031956513043479, 0.2025492388245813, 0.2079669856839495, 0.2036828013492354, 0.2052347166809277, 0.2033608011421777, 0.2017499640061134, 0.2019696359950437, 0.2031298522667024, 0.2050670185519818, 0.2012927151251671, 0.2022129478738595, 0.2078172757207285, 0.2056588348071022, 0.2011133539341977, 0.201603163803133, 0.2019494512464878, 0.2009639850192305, 0.2030211755510757, 0.2024590742981567, 0.2040329719862124, 0.2010218597930873, 0.2044150482820828, 0.2030787139144242, 0.203934512486565, 0.2055377292357942, 0.2058639148307776, 0.2045797922346347, 0.2020523971455219, 0.2019378642781651, 0.2063402625933194, 0.2017012755666431, 0.2041607810081724, 0.2035980378745056, 0.2030368783673471, 0.2013536476121991, 0.204269834501271, 0.2046531080851893, 0.2009921078161945, 0.2029779450222672, 0.2022765397324223, 0.2016952725957006, 0.2060115503507561, 0.2048063641606311, 0.2048444742021174, 0.201487723645527, 0.2025421927638973, 0.2047896538602428, 0.2034832838104858, 0.2028515650755339, 0.2023637537440443, 0.2022759165480031, 0.201103266929676, 0.2035613969918894, 0.2056309243004562, 0.2034038510274746, 0.2038560840858735, 0.2011915148258748, 0.2039454904898838, 0.2025458223653056, 0.2009577463306531, 0.2035298795056208, 0.2009655806340367, 0.2027477699348612, 0.2020766996142657, 0.2018143169267274, 0.2008063926153579, 0.2015617889331547, 0.2026040090382926, 0.2029161350903992, 0.2057527624507155, 0.203073602535951],