{
  "test": "polynomial",
  "method": "lm",
  "dataset": "synthetic_heteroscedastic",
  "formula": "x ~ poly(y, 3, raw=TRUE)",
  "degree": 3,
  "n": 100,
  "k": 3,
  "df_residual": 96,
  "df_model": 3,
  "variable_names": ["Intercept", "x^1", "x^2", "x^3"],
  "coefficients": [-1.3786079066172583, 0.78247745875172692, 3.3786765065265072e-05, -0.00068764873224461825],
  "std_errors": [0.75825918386788127, 0.28425279414981786, 0.030748338163443377, 0.00098457741648853869],
  "t_stats": [-1.8181222673558364, 2.7527520392264484, 0.0010988159713110634, -0.69842017573091786],
  "p_values": [0.072164090924667926, 0.0070672691889125585, 0.99912555201429398, 0.48660289455294148],
  "r_squared": 0.86116336599762155,
  "adj_r_squared": 0.85682472118504727,
  "f_statistic": 198.48671721220066,
  "f_p_value": 5.0686974655472077e-41,
  "mse": 1.2295261674242617,
  "rmse": 1.1088400098410327,
  "mae": 0.86330205371066515,
  "residual_std_error": 1.1088400098410327,
  "log_likelihood": -150.18419686585034,
  "aic": 310.36839373170068,
  "bic": 323.39424466164115,
  "conf_int_lower": [-2.8837404906628246, 0.21824012185791597, -0.061001182094757078, -0.0026420194574536789],
  "conf_int_upper": [0.1265246774283082, 1.3467147956455379, 0.061068755624887602, 0.0012667219929644426],
  "fitted_values": [0.53780482646805416, 0.22236726221877204, 0.18871534713949686, 1.0073888363670485, 0.31135193417188567, 0.056936218601402078, 0.062994304315404315, 1.3250542946788317, 0.38318375117415132, 2.2428447140188577, 0.059540103289724033, 2.5073786124780879, 1.7081510184282069, 1.6201833271165853, 1.4199498665276147, 2.1942499825661139, 1.9968441825555874, 2.9522398113279853, 2.3363240056351837, 2.4782489140012798, 2.1753517243930109, 2.5341595645305777, 2.9498479114332423, 1.2838753585922837, 1.6941643269101014, 3.674275635674769, 3.2816119046984076, 3.0612231766629439, 3.3574466804266732, 3.777822347049669, 3.0159419187465368, 2.8668113682061156, 3.9572075248970036, 2.8349925156269014, 4.3848324817669253, 2.1885269357506187, 5.2215445095445983, 4.7713056058007197, 4.6482046561101757, 5.505219384859112, 6.2703935563759998, 5.7501110197777798, 2.5218843477877577, 3.3158180598309985, 4.215881295276958, 5.0827571269371816, 5.7330670045381673, 4.350850017014551, 5.550272286331567, 4.4823302723925433, 4.7529138937655926, 3.7619324085714352, 4.5067841252547041, 3.9892090213909857, 4.594287091370755, 7.1178043067522117, 4.7884076203273613, 8.4523305674253901, 6.779637547667547, 6.5077777007255388, 5.2272037370296793, 7.2391208782022352, 5.77608587672787, 6.7490012307017304, 8.6997567527980468, 6.6350125649882621, 8.0043496728325252, 5.973751632979889, 6.930375951161782, 8.5627630201333922, 6.297508552182947, 8.649198433421601, 7.9826153940098594, 6.5964245156313872, 8.0281534615406098, 8.3483459918602634, 8.1256903033460599, 5.2983429175302357, 6.6976191266255816, 7.3969683040604304, 7.65896029397073, 8.3599093941937088, 8.0307974485768892, 6.072543023049688, 8.3032994278541494, 8.5072088678026958, 8.5097059003873241, 8.7602167900546881, 8.7035531874508436, 8.5459364906102628, 8.170999076821909, 5.9765051185721632, 8.6164490180034718, 8.5119420339941385, 8.582498216243307, 6.8665062684925706, 7.227176409629406, 8.7658461478938889, 8.4978266270131844, 8.7932658273449],
  "residuals": [-0.53780482646805416, -0.12135716120867103, 0.013304854880705159, -0.70435853333674536, 0.09268846986851835, 0.44811428644910301, 0.54306630174520176, -0.61798358760812455, 0.42489705690665674, -1.3337538049279485, 0.95056090681128613, -1.3962675013669767, -0.49602980630699484, -0.30705201398527221, -0.0058084523862005633, -0.67909846741459901, -0.3806825663939713, -1.2350680941562682, -0.51814218745336549, -0.55905699480936089, -0.15514970419099072, -0.41294744331845634, -0.72762568921102011, 1.0393569646400393, 0.73007809733232287, -1.1490231104222439, -0.65534927843578117, -0.33395044939021667, -0.52916385214384476, -0.84852941775673985, 0.014361111556493236, 0.26450176310701545, -0.72488429257377152, 0.49834081770643218, -0.95048904742349138, 1.346826599602917, -1.5851808731809618, -1.0339318684269818, -0.80982081772633707, -1.5658254454651725, -2.2299895159719596, -1.6086968783636388, 1.7205398946364845, 1.0276162836033449, 0.22856314916748705, -0.53730258148263632, -1.0866023580735207, 0.39662473046019647, -0.7017874378467186, 0.46716467710240644, 0.2975911567394573, 1.3895827429437162, 0.74574112727054864, 1.3643263321443682, 0.86025836317469884, -1.5622487511966561, 0.86815803623829535, -2.6947548098496328, -0.92105168908168922, -0.54818174112957996, 0.83340232357638078, -1.0775047165860734, 0.48654038589839249, -0.38536486706536688, -2.2351102881515819, -0.069355999331696574, -1.337683006165858, 0.79392513469687787, -0.061689082474913816, -1.5930660504364234, 0.77319851852412358, -1.4774812617044291, -0.70988812128258727, 0.77731285810598694, -0.55340598679313502, -0.7725884161026888, -0.44892262657838394, 2.479434860247542, 1.1811687521622971, 0.58282967573754885, 0.42184778683735108, -0.17809121237552672, 0.25203083425139261, 2.3112953607886961, 0.18154905699433538, 0.07864971805589048, 0.17716278648136335, 0.027661997824098519, 0.1853357014380454, 0.44396249928872761, 0.91991001408718154, 3.2154140733470289, 0.67648027492581964, 0.88199735994525508, 0.91245127870618803, 2.7294533274670245, 2.4697932873402908, 1.0321336500859077, 1.4011632719767151, 1.2067341726551]
}
