{
  "test": "wls",
  "method": "lm",
  "dataset": "synthetic_multiple",
  "formula": "x1 ~ x2 + x3 + y",
  "n": 100,
  "k": 3,
  "df_residual": 96,
  "df_model": 3,
  "variable_names": ["Intercept", "x2", "x3", "y"],
  "coefficients": [-0.49012316871299344, 0.75522234626111395, -0.25081210818054211, 0.50025320265076245],
  "std_errors": [0.073459257199004854, 0.013554792888533953, 0.0024433858096751912, 0.0047112657861850989],
  "t_stats": [-6.672040902690112, 55.716258630551209, -102.64940853277835, 106.1823351417916],
  "p_values": [1.6156606813047717e-09, 6.5464586646866676e-75, 6.0441694218824446e-100, 2.4139698643592948e-101],
  "r_squared": 0.99252450267903469,
  "adj_r_squared": 0.99229089338775456,
  "f_statistic": 4248.6516578174806,
  "f_p_value": 6.7541942342891314e-102,
  "mse": 0.064006338588172437,
  "rmse": 0.25299474023815682,
  "mae": 0.20130624578864267,
  "residual_std_error": 0.25299474023815682,
  "log_likelihood": -2.414095590131915,
  "aic": 14.828191180263829,
  "bic": 27.85404211020429,
  "conf_int_lower": [-0.63593864178911119, 0.72831629503143791, -0.25566219067974394, 0.49090141397777254],
  "conf_int_upper": [-0.34430769563687569, 0.78212839749078999, -0.24596202568134026, 0.50960499132375237],
  "fitted_values": [4.2795131890013574, 2.0395072298565533, 1.0064689383852747, 3.4406249101806017, 9.4873631738334865, 3.1249764478332094, 5.0135856235902896, 7.0306501812394577, 3.2606026989483432, 9.3584852360972537, 9.4474036441263394, 2.4653640892908966, 5.0711163149733025, 3.3534341842963453, 3.0237189207644306, 0.3177059851304041, 6.0570899622684848, 4.8081989327544568, 0.51731865167400004, 2.6999960583666862, 9.1336646621323521, 2.1357724734704702, 1.5615649304849202, 5.2704801304830085, 9.8235796653978031, 2.4910996607846534, 6.926816219968976, 7.4991646644596992, 2.3826996880350566, 7.2401748926492369, 3.693215184018741, 6.122673276646287, 6.3059233826385697, 5.4586379023745177, 1.2301909778662745, 8.592515879053737, 3.7017736395452046, 1.6320686098696959, 0.6160527161687922, 5.9531603248419387, 7.3450053831562476, -0.012316324482665314, 4.9349186154248548, 2.09950149323251, 5.9295515379638299, 1.601379437217312, 6.6896553761418245, 3.9227261915235689, 9.4216037909529522, 1.8503186713350079, 3.6710329006416931, 0.94553396824461255, 8.9878920944786742, 8.8311956269449059, 2.2140282211106292, 6.9938578848535702, 8.460500247551991, 5.4374978870950939, 4.8190254928214049, 2.7176067559204959, 0.82234419672353942, 9.2457526146141333, 8.6101815727510331, 6.134437060592921, 3.3620343293664368, 3.4530183786647433, 7.1150195233105826, 9.0983976625269634, 8.5729245565879477, 7.705417771323531, 6.435007701163185, 0.920278351109167, 1.7725618586264074, 8.6689202163581385, 5.682777804758941, 0.38338269246761858, 1.082589203637804, 6.4519750035271182, 0.40098583746911742, 1.6306028823373158, 5.7703758376970136, 6.8639331460013864, 6.9603422074503811, 2.6761106640838959, 7.046213309811538, 2.6055869766208435, 3.4026917581333795, 7.7828044765332738, 6.2056569914466655, 8.6145939882519151, 6.802449799112873, 5.2124495151471093, 0.65289304076647903, 3.1345343380011399, 2.6141922448304507, 2.6045881271588933, 10.093307321344939, 3.9061884180395166, 9.3145241623934592, 5.959271068412205],
  "residuals": [-0.10540315751356785, 0.1815708748507493, 0.19218473495155319, -0.06447319614432194, -0.058266134708293379, 0.10705287237434298, 0.17432059384337129, -0.00046059228768004397, 0.37569332484459683, 0.35933559111235286, 0.17706930529477216, 0.05245886896274491, -0.098631256049447807, -0.34465108612864881, -0.17531397698975448, 0.051163488414923838, 0.038553377530483893, 0.21859129953415862, -0.0025311391741065, 0.086468583999428333, -0.051005802465814945, 0.25984643319925366, -0.11261620957268928, -0.37595252770737808, 0.032924875708203794, -0.070546945669649128, -0.20546074591019015, 0.11703148882747577, -0.0063242481110597822, 0.041988593469358945, -0.015383856826208839, 0.2003850292895078, 0.029373724970377872, -0.10089106162693282, -0.32729327732219143, -0.23949092316135778, -0.49397298982784599, 0.2331164941288465, -0.20830130062115304, -0.044230892959520166, -0.5693617647334227, 0.17819461376122683, 0.18601196756795566, 0.16545625874686953, 0.52217636613066898, 0.14228485283260248, 0.21972200488283539, -0.055372728518194664, -0.054303903585607466, -0.47510922987507548, -0.26036939013910809, 0.18920124416127815, 0.25904408830695341, -0.057802093135097099, 0.36538805604092661, -0.39401742451178001, -0.28827824553983195, 0.11451022889952953, 0.47748029073865994, -0.29908384691597928, 0.10868348133545272, -0.27359503508086586, 0.39399899888227075, 0.19657751213975863, 0.028263581120570411, 0.039077367461865839, 0.14453726539181092, -0.12729506300119239, 0.29793968606322474, 0.093337687252707302, -0.014691239620308017, -0.078878701158678705, -0.15627471768026963, 0.31662166891265459, 0.38151279183695841, -0.2914121763013221, -0.067873774977482967, 0.18304268755343936, -0.35036999900693055, -0.022522368162329283, -0.28303794403115212, 0.055018830925545714, -0.44072961242437514, -0.43341756947829774, 0.075578903663820335, -0.23309610165284284, -0.1486947765407024, -0.31789042535303236, 0.29067199902548163, -0.12235988331013617, -0.22632087610943954, 0.47063651820760671, 0.28385463751444567, 0.54262369259319554, 0.037831431986804019, -0.16469169336805753, -0.36320177382048402, 0.024788828628087657, -0.39405861062232528, 0.35211519156042392],
  "weights": [1, 1, 1, 1, 1, 1, 1, 1, 1, 1, 1, 1, 1, 1, 1, 1, 1, 1, 1, 1, 1, 1, 1, 1, 1, 1, 1, 1, 1, 1, 1, 1, 1, 1, 1, 1, 1, 1, 1, 1, 1, 1, 1, 1, 1, 1, 1, 1, 1, 1, 1, 1, 1, 1, 1, 1, 1, 1, 1, 1, 1, 1, 1, 1, 1, 1, 1, 1, 1, 1, 1, 1, 1, 1, 1, 1, 1, 1, 1, 1, 1, 1, 1, 1, 1, 1, 1, 1, 1, 1, 1, 1, 1, 1, 1, 1, 1, 1, 1, 1]
}
