{
  "test": "polynomial",
  "method": "lm",
  "dataset": "synthetic_small",
  "formula": "x ~ poly(y, 3, raw=TRUE)",
  "degree": 3,
  "n": 15,
  "k": 3,
  "df_residual": 11,
  "df_model": 3,
  "variable_names": ["Intercept", "x^1", "x^2", "x^3"],
  "coefficients": [0.0017847873761075743, 0.20932558646969948, 0.054282088439835625, -0.0021217547023366303],
  "std_errors": [1.2900123452915759, 0.60628996493352993, 0.078454990023563945, 0.003021020820756397],
  "t_stats": [0.0013835428650135642, 0.34525655804421684, 0.69188828427015292, -0.70233038043259488],
  "p_values": [0.99892086528396806, 0.73641324711187317, 0.50335004051146814, 0.49706624511607445],
  "r_squared": 0.99116258993348216,
  "adj_r_squared": 0.98875238718806824,
  "f_statistic": 411.23618824990217,
  "f_p_value": 1.4247073927426241e-11,
  "mse": 0.074870527555403146,
  "rmse": 0.27362479338576601,
  "mae": 0.20211364991094347,
  "residual_std_error": 0.27362479338576601,
  "log_likelihood": 0.48204613779944055,
  "aic": 9.0359077244011186,
  "bic": 12.576158729912169,
  "conf_int_lower": [-2.8375132409456616, -1.1251096290614799, -0.11839618033716617, -0.0087709766971493224],
  "conf_int_upper": [2.8410828156978769, 1.5437608020008788, 0.22696035721683741, 0.004527467292476061],
  "fitted_values": [7.7445114756615858, 4.5820333300675093, 4.605261178237539, 1.3540453080321688, 1.1070925234763425, 7.2908960745329194, 5.3380082627701722, 4.1655286549667174, 7.5964284296519162, 7.4208388748568828, 1.7777419017260652, 5.9082245116036631, 0.97533308276835329, 7.6083141764034883, 6.7954470762511079],
  "residuals": [0.28192162229551865, -0.00016446268858313906, 0.2244275426160125, -0.019245583872730995, -0.30107738590509581, -0.011503004795267627, -0.37339673921717464, 0.20297837118507822, -0.30134614312794944, 0.23429011505421493, -0.1886602250325296, 0.1940269831727498, 0.37820774000850199, -0.094563316113032078, -0.2258955135797126]
}
