{
  "test_name": ["Cook's Distance (R - stats::cooks.distance)"],
  "dataset": ["synthetic_outliers"],
  "formula": ["x ~ y"],
  "distances": [0.011150885739105642, 0.013601173118601177, 0.0087966244765029736, 0.021984392306077145, 0.012071798210944298, 0.012791409172281446, 0.01135104475399683, 0.013771296659680989, 0.0069456883331199763, 0.00087725261130923123, 0.0067798633761925369, 0.0020640992736963705, 0.0021284212138406814, 0.0058807913865989219, 0.0082674408082351238, 0.0028487506037117795, 0.0034202325517417608, 0.0084247775417997401, 0.0025239424051735435, 0.01111580653756539, 0.0028134563240742078, 0.00035592300044425332, 0.0027094198774591642, 0.0015697632218149037, 0.0035443855957201504, 0.0017432806686419821, 0.00033352705913646766, 0.0002065381990344357, 0.00014008563458295994, 5.7763386786189471e-05, 4.8952795991505522e-06, 0.00063533813612459233, 0.002266390413959889, 0.00026645105321226756, 0.00067209207767413113, 0.00018210006193188256, 0.00081668388138026468, 0.00024230505924271572, 3.2071230015703768e-05, 1.4996263520509609e-05, 0.00060621320631663173, 5.0042392862177942e-05, 0.00014365054803934247, 1.992516971925263e-06, 0.0010849286670317399, 0.0005717794204095131, 7.8805759143001261e-08, 0.00064835037674514713, 0.00034908204187392958, 0.00084624449854843985, 0.00028823731647023196, 1.1036749771277454e-05, 0.0031698653952881568, 0.0042847759392549848, 0.0037872461258802205, 7.6113254355556302e-06, 0.0018902820378983694, 0.00054977505295961766, 0.0022271226727608551, 0.0010958660849895072, 2.6253614813701554e-05, 1.5099220838521382e-05, 1.1971162677443101e-05, 0.00033534900691542817, 0.00059953700410899551, 0.0013119566998464859, 0.0011723839270991018, 0.0042636132706351327, 0.0053640756969770467, 0.0034214300720052152, 0.0041755449094334051, 0.0053708726264392655, 0.0025437551764361005, 0.0022020886087743444, 0.0048741023676051624, 0.0015390051855661692, 0.010461390691800104, 0.007256788744885184, 0.0099807487620378003, 0.016108791524492794, 0.0085693927306195287, 0.0094008522578877454, 0.0034527030448997915, 0.0073439311855740914, 0.016518891343227576, 0.0034579349663489403, 0.0065036444978400854, 0.010385872502510125, 0.016039668940403835, 0.022015402309000769, 0.019309993096398158, 0.01080612813191487, 0.0069731101463040412, 0.0096996281624863907, 0.02583165036436437, 0.16704741001924678, 0.42597547993485141, 0.8119918200104681, 1.2169626243204212, 0.18383714827408781],
  "p": [2],
  "mse": [0.7825119114364153],
  "threshold_4_over_n": [0.040000000000000001],
  "threshold_4_over_df": [0.040816326530612242],
  "threshold_1": [1],
  "influential_4_over_n": [96, 97, 98, 99, 100],
  "influential_4_over_df": [96, 97, 98, 99, 100],
  "influential_1": [99],
  "max_distance": [1.2169626243204212],
  "max_index": [99],
  "description": ["Measures influence of each observation on regression coefficients. D_i > 1 indicates high influence."]
}
