{
  "test": "ols",
  "method": "lm",
  "dataset": "synthetic_collinear",
  "formula": "x1 ~ x2 + x3 + y",
  "n": 100,
  "k": 3,
  "df_residual": 96,
  "variable_names": ["Intercept", "x2", "x3", "y"],
  "coefficients": [-4.4408920985006262e-15, -0.49999999999999784, 0.49999999999999872, 3.9625037673697681e-16],
  "std_errors": [9.1611461198058654e-16, 2.3559102335725284e-16, 1.4276581734296753e-15, 5.7201151366511405e-16],
  "t_stats": [-4.8475289449861254, -2122321949600738, 350223890638222.25, 0.6927314700328967],
  "p_values": [4.8072842984685237e-06, 0, 0, 0.49015048171657216],
  "r_squared": 1,
  "adj_r_squared": 1,
  "f_statistic": 2.7135758316460485e+31,
  "f_p_value": 0,
  "mse": 9.1122767783668009e-30,
  "std_error": 3.0186547961578516e-15,
  "conf_int_lower": [-6.259365230838574e-15, -0.49999999999999828, 0.49999999999999589, -7.3918350389848815e-16],
  "conf_int_upper": [-2.6224189661626787e-15, -0.49999999999999739, 0.50000000000000155, 1.5316842573724419e-15],
  "residuals": [-1.3910696248579842e-14, 2.0828387259842652e-14, 1.4589865041409565e-14, 2.7413726216052244e-16, -1.352560312164499e-15, -1.6027787664500563e-16, -9.3347608540330696e-16, -9.635626120298067e-16, -7.7642092955751996e-18, -4.9257921466900023e-16, 8.3995528910848148e-16, -5.4439121302029137e-16, -9.4963467819454623e-16, 2.9521926944287608e-16, -3.7764110839141574e-16, 4.3349061868577761e-16, -7.7213795346663242e-16, -4.8882188024827847e-16, -3.1756136525510887e-16, -4.4002181153804789e-16, 3.8503771782711385e-16, -2.1383899705746099e-16, -3.4312729604938834e-16, -5.7220859785960889e-16, -4.5729831439089058e-17, -7.5920660409611399e-16, 1.3528836557482379e-16, 2.346202203572481e-17, 2.1561618292803912e-16, -6.9872041145611571e-16, 1.1008146763197735e-15, -3.4705105817698484e-16, 4.8273124048727192e-16, -1.1519411135552566e-15, 5.3069783412395076e-16, -6.8775064576883643e-16, -5.1021429004505725e-16, 7.5736483665994366e-16, -1.0268406585455014e-15, -4.9143393836492668e-16, -6.2201797537495818e-16, 1.4160313367599834e-16, -1.7212728038313672e-16, -3.6369832649863089e-16, -1.4575662620222477e-15, -4.221418191860092e-16, -9.4536648207355369e-16, 6.0044419766504349e-17, 5.9411908904496756e-16, -1.155847819101495e-16, -7.4484787432184325e-16, -1.182362087386093e-15, -6.0220838657291121e-16, -8.1991246006996121e-16, 1.144841861208428e-15, 6.7810588420295608e-16, -1.7433537063347703e-16, -7.4115712051649221e-17, -4.6635549041010904e-17, -6.7104690088510223e-16, 1.8711620588983359e-16, -3.3240763524902509e-16, -1.5138630978144072e-16, -9.9526509512326286e-16, -3.4844811860167257e-16, -1.6468548870932095e-16, 5.1167483483233334e-16, -3.682677180788247e-17, -1.2011874696206362e-16, -7.0099514602952377e-16, 8.9619590131104836e-16, 4.9397051123364566e-16, -7.6344602296438845e-16, 2.8448081028167155e-16, 1.6913008084980044e-16, -1.3022564858046486e-16, 7.462393464092789e-16, -5.8001132331979401e-16, 4.3271210526410047e-16, 3.7981234351317974e-16, 2.2044057017829123e-16, -3.5690271819856063e-16, -1.2374045400513717e-16, -1.437705748938255e-16, -9.6589682194926421e-16, 1.5441279931565406e-17, 1.7502453516946567e-16, -3.0558630331245887e-16, 4.5734960066864984e-17, -2.9699463863679972e-16, -4.9844008883135252e-16, -5.3857305926763715e-16, -6.393446153266255e-16, -7.1712002181503928e-16, 2.1903289193346633e-16, -1.0197429064042471e-15, -4.836182382479479e-17, -1.0652468206183962e-15, -3.4922529250482153e-16, 7.8131345074338804e-17],
  "vif": [
    {
      "variable": "x2",
      "vif": 1.2147214544424849,
      "rsquared": 0.17676600150364075
    },
    {
      "variable": "x3",
      "vif": 772.78828867111258,
      "rsquared": 0.99870598453074433
    },
    {
      "variable": "y",
      "vif": 774.64486519743491,
      "rsquared": 0.99870908587285978
    }
  ]
}
