{
  "test": "polynomial",
  "method": "lm",
  "dataset": "synthetic_interaction",
  "formula": "x1 ~ poly(x2, 2, raw=TRUE)",
  "degree": 2,
  "n": 100,
  "k": 2,
  "df_residual": 97,
  "df_model": 2,
  "variable_names": ["Intercept", "x^1", "x^2"],
  "coefficients": [4.4922413012393774, -0.11586919238543487, 0.034398330800157868],
  "std_errors": [0.94695235610737405, 0.42792073262036739, 0.040826552522262638],
  "t_stats": [4.7438936840556387, -0.27077256031955099, 0.84254801532410861],
  "p_values": [7.2120230981934126e-06, 0.78714130187402942, 0.4015539619662345],
  "r_squared": 0.060126111998777924,
  "adj_r_squared": 0.040747268947206372,
  "f_statistic": 3.1026677825280085,
  "f_p_value": 0.049416823339069708,
  "mse": 8.1291909823053743,
  "rmse": 2.8511736149006035,
  "mae": 2.4231248032404484,
  "residual_std_error": 2.8511736149006035,
  "log_likelihood": -245.14396336806749,
  "aic": 498.28792673613498,
  "bic": 508.70860748008732,
  "conf_int_lower": [2.612803004022501, -0.96517339219316889, -0.046631074595794512],
  "conf_int_upper": [6.3716795984562538, 0.73343500742229906, 0.11542773619611024],
  "fitted_values": [4.4194948892052821, 6.1482483544820026, 5.7824831104607375, 4.7848242503766603, 6.5890319582785901, 4.6085192680379734, 6.6833464977895183, 5.2528962362996996, 5.1424438162978579, 4.3946872410060847, 6.1458491042642818, 4.625533118593987, 4.3947980630537362, 4.4781798296179653, 4.9214475140912652, 4.8379384328561486, 5.4387412335954899, 6.1869785303715403, 4.4219230759696906, 5.4852725857294686, 4.3959066669686333, 6.0312049690117577, 5.8508627785258174, 4.8716342536850359, 5.4044947300824582, 4.4679168876522724, 4.7099430159729678, 5.8624045173548858, 4.6856395722404827, 4.5180293912327434, 4.7597666043921381, 5.8922701500429815, 4.4903533445463859, 4.3947643406634178, 5.4111078239017258, 5.8819787644709551, 4.4104717602553363, 4.4122276890382413, 4.3970729366587555, 4.5055216868675245, 4.6680764594892148, 5.5534373106500317, 5.1962276103677514, 5.0990118919634009, 4.511064844610031, 5.9527815391091474, 4.7101914755855416, 6.6553441896811263, 5.1407475078178937, 4.4007798840221035, 5.281506870830329, 4.4791108776588064, 5.3173157664239765, 4.4282314756919527, 4.3948097860677926, 6.0196479387954334, 4.4065418643041809, 5.9324457470253495, 4.4369365935985936, 5.1690124334742142, 5.345401072553611, 4.8022717519588021, 4.4591229825125094, 4.4013930819186724, 4.4575741546836118, 4.4578445872045362, 5.2029340496277774, 6.4335189341692969, 6.0936075515148964, 5.6232923056083379, 5.7170432595566858, 5.2428397824254702, 4.4236951266710305, 6.2720740838378779, 5.2625876038640991, 4.9232931707438317, 4.4060128416283622, 4.6617220805256343, 4.6878308132619075, 6.0616512696006684, 4.8867500551974947, 4.5492338503718273, 6.6425091378468686, 4.4061193289330847, 4.6168103263104658, 4.449622646954758, 5.5180848816533716, 6.3277867953885529, 4.4375191355347923, 6.0319862474621253, 4.4473828841504339, 6.2902886783989853, 5.5740342646943786, 5.7881838989403889, 4.4724925685606181, 6.5653789967276488, 5.4666598628732812, 4.4585970775099151, 5.8974741326031994, 4.4386661300748704],
  "residuals": [-4.2012609214503875, 0.48964850727388864, 3.8514612316747661, 0.81685758424175958, 2.7791926620523286, -4.0859404751777353, -2.4954133070479045, -2.6513183266791875, 2.1657658335094396, 5.4182836639663821, -3.5805484798218039, 1.9162128961467577, -2.4138217354563354, 1.1751227160981337, -0.2821226472079037, 4.882114863459222, 0.64653149336917659, -2.6919148095033529, -3.2809652270903573, -3.9728042983801233, -2.1427373674562822, -3.5215383556087776, 2.6552977998855614, 0.74059362914021287, -0.17058561633879393, -3.3202281689600976, 3.8914539175213818, 1.3657385147299517, -4.0089559532404673, 2.5603215810649429, 0.67561556903432241, -5.0750166925751987, 0.092653070740178423, 0.45219853063705151, -3.7533624222689683, 3.5750027055318681, 4.0892819545512831, 2.2779956842528417, 0.22588267334731638, -0.38786627102243859, 1.8416582120203266, -0.099118616580977259, -4.573496551548895, 0.026014595739915769, 3.5529713277183639, -1.3603827631395671, -4.1906257000428573, 1.2074378041592049, -3.1271096864581498, -1.814571535141716, -3.6344433365073705, -1.1769602289438308, 2.2501992904623735, 0.76562711934742023, -2.3459970445606673, 2.7586528427249757, 4.3892766852111116, 2.7733385034347204, -2.0489744797832015, -0.65661899166433346, 4.5044954888551407, 2.9178530111411014, -4.1874487702569114, -3.7493471693137517, 0.18173961343971623, 4.6343574714110654, 0.18408392989936473, -1.4553938538263942, -5.038870551948591, 0.94450874163460297, 2.5039883464455688, -1.4386397073498474, 3.3324233825822445, 3.3726924551702391, -3.2249230125872081, 0.31000314120358152, -1.5346332607826063, 3.2668221098127592, 1.0881028455496677, 0.28417290590236854, 3.0923915409614464, -0.58952912374727851, 2.5083915462235638, 0.92416934352831515, -3.0372620979569858, 2.5093685347332668, 2.4145286227291729, -3.1601700247132865, 4.1342734344527372, 3.0294463001955378, -1.6783380103723451, 3.5449260487532346, -4.1669189842067942, -3.768027214915489, -2.6302441761803568, 2.3745181033510558, 1.0762656603763372, -2.9375542452871866, -1.4942399489197096, 1.7143141206231494]
}
