{
  "test": "polynomial",
  "method": "lm",
  "dataset": "synthetic_nonlinear",
  "formula": "x ~ poly(y, 3, raw=TRUE)",
  "degree": 3,
  "n": 100,
  "k": 3,
  "df_residual": 96,
  "df_model": 3,
  "variable_names": ["Intercept", "x^1", "x^2", "x^3"],
  "coefficients": [-1.8169358532546904, -0.07009402781754534, 0.17084211428747473, -0.0099033950614218873],
  "std_errors": [0.36590724285606635, 0.32506509745101958, 0.066597362753892053, 0.0035847059949297168],
  "t_stats": [-4.9655640568159027, -0.21563074094138029, 2.5652984926567597, -2.7626798614529213],
  "p_values": [2.9728779469521609e-06, 0.82973306767739086, 0.011857005927622405, 0.0068714459445340902],
  "r_squared": 0.64377016482235405,
  "adj_r_squared": 0.63263798247305258,
  "f_statistic": 57.829646031871874,
  "f_p_value": 1.9332881916755458e-21,
  "mse": 3.1547430338929439,
  "rmse": 1.7761596307463312,
  "mae": 1.4073682228271593,
  "residual_std_error": 1.7761596307463312,
  "log_likelihood": -197.29810586523507,
  "aic": 404.59621173047015,
  "bic": 417.62206266041062,
  "conf_int_lower": [-2.5432559897964198, -0.7153431464813379, 0.038647394032228999, -0.017018980222777876],
  "conf_int_upper": [-1.0906157167129611, 0.57515509084624716, 0.30303683454272046, -0.0027878099000658999],
  "fitted_values": [-0.38325654676796095, -0.53197230995793987, -0.33473626430045567, -0.97878900983766615, -0.89840616474201607, -1.1750545769317036, -1.2599927567223368, -1.312075930476662, -1.2546552304855783, -1.4950947763530538, -1.1300279056916978, -1.6718980747710743, -1.59923973585096, -1.6806043360531358, -1.3553805118120463, -1.654874581941832, -1.5453025081460727, -1.8242130123317879, -1.7287593357780753, -1.6687378496173073, -1.7817124456269946, -1.6894389021131238, -1.8234225031176785, -1.6787862109164817, -1.5465346308981269, -1.8240859791481978, -1.8220195349266977, -1.7252302863506657, -1.7179619270717326, -1.8133671951670074, -1.8157797492619101, -1.8193543030352317, -1.7373188955883601, -1.7815414075493328, -1.7744072664721435, -1.7953032492761805, -1.8240437520992594, -1.8217084897847595, -1.7215830368120297, -1.7928000191535278, -1.7671076294189567, -1.8238563621952104, -1.8188825954372025, -1.7668541945022236, -1.8151296657280453, -1.7689924221754416, -1.7746293993824929, -1.7229643653486137, -1.7261017504102796, -1.2615468332778614, -1.7805220069076797, -1.7503647168777068, -1.7355201613223388, -1.6968907878735839, -1.6727916851998446, -1.2265858573372754, -1.0814559602755729, -1.5142771570345825, -1.5063411291628883, -1.0960945121779346, -1.2910420772225528, -0.83641651989581733, -0.86335238630652089, -1.2691461859327262, -0.093861815281540029, 0.1677433495047409, -0.62092277911142046, -0.38549285453014726, 0.051158399198528048, 0.25385278648684295, 0.58730493791398874, 1.4014092595642258, 0.62912315629627669, 0.5685598995697112, 0.53126614835299879, 1.0462371684201832, 1.6002518530896461, 2.6580310358001715, 1.8702838303768443, 2.4529750640312562, 2.5973096276366867, 3.3410769217669656, 4.0342133354824119, 3.1330347708961188, 3.3959191810831011, 4.1500619441044648, 4.2330377975158218, 4.6687857878520722, 4.5471169645325311, 4.4864699780070447, 4.7942523311483267, 4.904132830797117, 4.9156791560645869, 4.9126278854974306, 4.8063852019730717, 4.6506347863875055, 4.382166881073867, 4.3677104249068641, 4.3763107229221436, 3.941491595011744],
  "residuals": [-4.6167434532320391, -4.3670175890319589, -4.4632435336793419, -3.7181806871320311, -3.69755343121758, -3.3198949180177912, -3.1339466372170568, -2.9808533624526312, -2.9372639614336138, -2.5958143145560371, -2.8598710842072919, -2.2169908141178145, -2.188639052027828, -2.0062643508155511, -2.2304780740465393, -1.8299739029066528, -1.8385358756923114, -1.458615270496495, -1.4530588460401064, -1.4120702311907736, -1.1980855341709851, -1.1893489766747551, -0.95435527466009906, -0.99798146585119529, -1.0292229448594488, -0.65066149559927711, -0.55171783881067615, -0.54749698637660738, -0.45375524464543915, -0.25733987554006343, -0.15391722043505962, -0.049332565651637128, -0.030357872088407734, 0.11487474088266614, 0.20875070081557767, 0.33065678462971593, 0.46040738846289575, 0.55908222715849709, 0.55996687519586785, 0.73219395854746716, 0.80751166982299749, 0.96527050360935152, 1.0613068378614448, 1.110288537936567, 1.25957411017249, 1.3144469676299866, 1.4210940458471391, 1.4704391128233611, 1.5745865988951282, 1.2110417827728113, 1.8310270574127299, 1.9018798683928582, 1.9880454138475914, 2.0504261414089378, 2.1273371397452987, 1.7821414128928308, 1.7380216168412295, 2.2718529146103403, 2.3649269877487464, 2.055690471773894, 2.3516481378286134, 1.9980326815119791, 2.125978648932783, 2.6327825495690895, 1.5585082799280046, 1.3979132161518248, 2.2875894457780874, 2.1531696222069145, 1.8175284694883405, 1.7158441832101268, 1.4834021327930822, 0.77030791215294536, 1.6436041164309958, 1.8051774741676625, 1.9434813263944761, 1.529520407337392, 1.0765158236780303, 0.11974674197760626, 1.0085040484110346, 0.52682291576672313, 0.48349845317139484, -0.15925873994878409, -0.7513850526541298, 0.25080361294226539, 0.088929303765383438, -0.56420335824587864, -0.54616911064713458, -0.88090699997328537, -0.65822807564364194, -0.49657098810805511, -0.70334324023923689, -0.7122136388779251, -0.6227498631352949, -0.51868849155803598, -0.31143570702357726, -0.054675190427910358, 0.31480281589583037, 0.43026937307293345, 0.52267917606775605, 1.058508404988256]
}
