{
  "test": ["feature_importance"],
  "method": ["lm"],
  "dataset": ["synthetic_simple_linear"],
  "n": [100],
  "k": [1],
  "variable_names": ["y"],
  "response": ["x"],
  "standardized_coefficients": {
    "variable_names": ["y"],
    "standardized_coefficients": [0.99476490973358578],
    "y_std": [2.9304537349375774],
    "raw_coefficients": [0.32834276868358619]
  },
  "shap": {
    "variable_names": ["y"],
    "shap_values": [
      [-4.7279517769704373],
      [-4.836944551979121],
      [-4.479384811985871],
      [-4.0924750112977053],
      [-4.5699356097997503],
      [-4.470432410450333],
      [-3.7755343168781952],
      [-3.9425779726164936],
      [-4.2492103273824107],
      [-3.8174183320984034],
      [-4.0482260386095135],
      [-3.9494873783480964],
      [-3.6176240107475568],
      [-4.2257844970170737],
      [-4.0644392524055464],
      [-3.5832001909817652],
      [-3.6316351124020381],
      [-3.0964006902147756],
      [-3.3982268597465319],
      [-3.4643056195850539],
      [-2.4198529286691595],
      [-2.8757223102874425],
      [-2.6799200882990948],
      [-3.0704004414368087],
      [-2.6818409996006807],
      [-2.3671784296996825],
      [-2.6820216691704419],
      [-2.0812457149980266],
      [-2.302321004265008],
      [-2.1013833585614115],
      [-2.1036760314492149],
      [-1.1984300602887272],
      [-1.7115461152106],
      [-1.9549083252588748],
      [-1.2380421078800528],
      [-1.8094761571558755],
      [-1.2405443132415503],
      [-1.8530688697918145],
      [-1.5462278315408509],
      [-0.94599177499489084],
      [-0.66866176807864353],
      [-0.75536658493217845],
      [-0.75010858938350045],
      [-0.71150372452929467],
      [-0.99860269864345996],
      [-0.64999852647981982],
      [-0.46539248680260237],
      [0.13245116990300998],
      [-0.0023248794314419648],
      [-0.59453313721881251],
      [0.19025678518237535],
      [0.056904983954435426],
      [0.060579331006024834],
      [0.58317906967742239],
      [0.82035862988108121],
      [0.88711429357589344],
      [0.40528200443459372],
      [0.67880317063107631],
      [0.98859657915195986],
      [1.2996396236284213],
      [0.92149084836931072],
      [1.1173622705685176],
      [0.9145627732326489],
      [0.98455187551297485],
      [1.7436024572250823],
      [2.0216248937457095],
      [1.6521670937643271],
      [2.1048116753081811],
      [1.993547287561114],
      [1.7624841161737217],
      [2.1924639649279518],
      [2.6783033244872678],
      [2.2610347277369018],
      [2.886035187254405],
      [1.611619205271126],
      [2.8411571185597522],
      [2.6993704587683243],
      [2.6721100907605031],
      [2.8999137881854278],
      [2.3166787290837134],
      [2.9966527422906775],
      [3.2855335572990749],
      [3.7530318580005999],
      [3.1971035658269695],
      [3.2013086248762632],
      [3.4015211647081385],
      [3.966332936082289],
      [3.8732081285426285],
      [3.6908199556379131],
      [4.1327883464367154],
      [4.0956332163951066],
      [4.4813038918202075],
      [4.0322400658425774],
      [4.2546664347344256],
      [4.3330038632103189],
      [4.0807129984456187],
      [4.7579743088518649],
      [4.8459587767561167],
      [4.8614199411126515],
      [4.8822137944231763]
    ],
    "base_value": [-0.54772981458163983],
    "mean_abs_shap": [2.5300297139763321]
  },
  "permutation_importance": {
    "variable_names": ["y"],
    "importance": [0.97422895445352642],
    "baseline_score": [0.98955722563726956],
    "n_permutations": [10],
    "seed": [42]
  }
}
