{
  "test": "polynomial",
  "method": "lm",
  "dataset": "synthetic_small",
  "formula": "x ~ poly(y, 2, raw=TRUE)",
  "degree": 2,
  "n": 15,
  "k": 2,
  "df_residual": 12,
  "df_model": 2,
  "variable_names": ["Intercept", "x^1", "x^2"],
  "coefficients": [-0.86578219229488784, 0.62900716839853665, -0.0006592219158869793],
  "std_errors": [0.36387440874965093, 0.10035236874438475, 0.0058471914406409949],
  "t_stats": [-2.3793434533357201, 6.2679852630158566, -0.1127416337534371],
  "p_values": [0.03480439535101898, 4.1412699643618095e-05, 0.91209946831780087],
  "r_squared": 0.99076629800037597,
  "adj_r_squared": 0.98922734766710529,
  "f_statistic": 643.79354978580272,
  "f_p_value": 6.1980507282064722e-13,
  "mse": 0.071708919645523506,
  "rmse": 0.26778521177526499,
  "mae": 0.20746287437494285,
  "residual_std_error": 0.26778521177526499,
  "log_likelihood": 0.15304966282646792,
  "aic": 7.6939006743470646,
  "bic": 10.526101478755905,
  "conf_int_lower": [-1.6585964224662044, 0.41035813989077458, -0.013399157644275985],
  "conf_int_upper": [-0.072967962123571151, 0.84765619690629879, 0.012080713812502027],
  "fitted_values": [7.8047441652315976, 4.600504718974924, 4.6218522509989697, 1.3830829547538304, 1.075169770531875, 7.2627785856403078, 5.2990633699352241, 4.2175630856680701, 7.6211464589791253, 7.4122216172594904, 1.8722216692825384, 5.8381674185224677, 0.90164454103149516, 7.6356143777713896, 6.7239298764251272],
  "residuals": [0.22168893272550702, -0.018635851595997552, 0.20783646985458204, -0.048283230594392476, -0.26915463296062836, 0.016614484097344263, -0.33445184638222636, 0.15094394048372545, -0.3260641724551584, 0.24290737265160744, -0.28313999258900291, 0.26408407625394492, 0.45189628174536012, -0.12186351748093321, -0.15437831375373201]
}
