{
  "test_name": ["DFFITS (R - stats::dffits)"],
  "dataset": ["synthetic_interaction"],
  "formula": ["x1 ~ x2 + y"],
  "dffits": [-0.59469466913056357, -0.050188622209262533, -0.20413896217743849, 0.031400369340699119, -0.36575116710210986, -0.1646699330155636, 0.11760180601704476, 0.02841520138930544, 0.047603211194437209, 0.63329982919488903, 0.23005409569295843, 0.053843391151611693, -0.28811482262602628, 0.1499375084542181, 0.018532515935071419, 0.14348637056345356, -0.0049162137893215847, 0.14814370343786926, -0.47129051556882584, 0.095203720050716423, -0.21450620174704105, 0.17608657980675446, -0.12274206704681175, 0.057203777704339064, 0.011292440379290943, -0.18736081985795031, 0.1597764032623458, -0.052175281252916525, -0.14732021082275135, 0.11782160198374886, 0.01579670096802558, 0.25049891144623276, -0.012759238967769728, -0.012822012344294791, 0.077663682817727703, -0.17107217101545161, 0.54528022363261508, 0.15573085602341372, 0.012988994499100289, -0.042498694335834107, 0.060910960602313644, 0.015208359251634346, 0.041496163097240663, 0.019980072575633157, 0.15498219403539945, 0.057214522852213498, -0.12569086592638687, -0.1779918535935493, 0.056866328893005011, -0.21058712609556707, 0.065462279700521459, -0.048575718665066429, 0.018056486065197611, 0.096015659380229129, -0.23464691502190846, -0.11535579785305451, 0.35717774763406179, -0.13051093114247914, -0.10675219834291443, 0.026210597375206958, -0.0053609253053819713, 0.07149098491117295, -0.30525522689721113, -0.30943109631826587, -0.015046485680426063, 0.31551326943733438, 0.011805573334003047, 0.032005778956714831, 0.3868399496738289, 0.00011981304495370645, -0.045502539526680937, 0.013269857521713871, 0.22733701669391951, -0.3766139310497636, 0.054798820342166696, 0.029646319700719272, -0.17149225158297238, 0.13872576574101056, 0.055781896790190418, -0.029061110349810893, 0.061330537147101814, 0.0077154535561543116, -0.39139035838567027, 0.083795242237706569, -0.10113603603826798, 0.2990681090727651, -0.038968354588809005, 0.17879023662995375, 0.30064338633133836, -0.12182494457623717, -0.086866372091617822, -0.3362133838468529, 0.1792892649582653, 0.17142816301039401, -0.45519311049179922, -0.30072971036989654, 0.014021693715811754, -0.17848881746611825, 0.042918987679683912, 0.11107796341658097],
  "n": [100],
  "p": [3],
  "threshold": [0.34641016151377546],
  "influential_observations": [1, 5, 10, 19, 37, 57, 69, 74, 83, 95],
  "description": ["Measures influence of each observation on its fitted value."]
}
