{
  "dataset": "synthetic_autocorrelated",
  "alpha": 0.05,
  "n": 100,
  "p": 1,
  "df_residuals": 98,
  "mse": 0.2392965981607391,
  "train": {
    "predicted": [4.000826800298896e-05, -0.4640199413054062, -0.3006868042170401, -0.7871435846481446, -0.8302860435051997, -0.08253724290266318, 0.4780379605209455, 0.7843683662644649, 0.583019384988857, 0.7647815290211424, 0.9351473540329791, 0.7145488468276444, 1.43948838885496, 1.775996390881955, 1.689726144130989, 1.737555708497237, 1.858058241342138, 1.252637182661445, 1.431166658183317, 1.446276973075343, 1.383786012598406, 1.599258402254234, 2.443212149008497, 2.693460233744679, 2.510487334921771, 2.776829717375243, 3.256428619855727, 3.46953647026982, 3.37142267301867, 3.106067156953816, 3.379079673822504, 3.501879461880339, 3.777154536497189, 3.915823086716386, 4.174309157921446, 3.878020370329588, 4.291493836431931, 4.252241327334044, 4.853636816058607, 4.420534532711446, 4.921134433691336, 4.809255088465898, 4.48865758065446, 4.346800019532971, 4.328784626369345, 4.583054800397546, 4.82160601477004, 4.667338154125398, 4.763883999778354, 5.55264961197528, 6.001339802276684, 5.931976187622393, 5.785217238035159, 5.737731771823867, 5.891180857787273, 5.504906956735821, 5.508073698267619, 5.088512732882958, 5.484435621055129, 5.869839610468954, 5.807556082987674, 6.450176088469577, 6.034652965356136, 5.696603040171107, 6.028515940831998, 6.552696074592124, 7.152102825848894, 6.916194211277483, 7.271284554286181, 7.191996093217046, 7.122690546032921, 7.440655781884994, 7.618370844861431, 7.059835766224934, 7.673181282764171, 8.100753386775507, 7.788376476881188, 7.925036023846918, 8.081118315652629, 8.144870220036966, 7.959465694517524, 7.819968140027168, 7.957752256559834, 8.466041729799139, 8.649906652081516, 8.515601984624031, 8.815549323586607, 7.898044966639816, 8.561798811938131, 8.132724958788744, 8.301393259420694, 8.206600977826538, 8.113379308582152, 8.861593260565263, 8.894140950277787, 9.206068777460764, 9.327777809341802, 9.609398398721311, 9.707721825974483, 9.371188493873053],
    "lower": [-0.9900597043292773, -1.456911026154901, -1.292568093942338, -1.782119382832727, -1.825548904713643, -1.073116117088796, -0.5094382285379275, -0.201561739417084, -0.4039150170330655, -0.221244259704844, -0.05006073542502509, -0.2717243163359614, 0.4565076347122868, 0.7943402814131347, 0.7077427962089804, 0.7557548405190886, 0.8767054856606141, 0.2688650128458111, 0.4481515048563526, 0.4633242220280658, 0.4005734969371527, 0.6169227342185957, 1.4637979998159, 1.714754572549173, 1.531270765703293, 1.798343999962465, 2.279051671789226, 2.492566479238368, 2.394271880752274, 2.128371316180661, 2.401943394450351, 2.524966617235225, 2.800678779792744, 2.939534074297024, 3.198308391728779, 2.901682671519877, 3.315598063793796, 3.276312171001635, 3.878021743823745, 3.444735830878408, 3.945528242688588, 3.833631275849065, 3.512902282769621, 3.370948231521296, 3.352918902989028, 3.607350688337779, 3.845984865606068, 3.69167094857914, 3.788248873110014, 4.576868642374547, 5.025151650127053, 4.955866334419197, 4.809254546712096, 4.761811314258468, 4.915114433897853, 4.52915547897506, 4.53232034675702, 4.112905598554558, 4.508695973540171, 4.893795132165675, 4.831572613158473, 5.473345716388974, 5.058425213931538, 4.720717035568367, 5.052295581724895, 5.575686095297085, 6.173798242079751, 5.938448926454431, 6.29267288461219, 6.213590551552057, 6.144459214934144, 6.46157942213055, 6.638771250955563, 6.081757616831706, 6.693412956713663, 7.119549976589127, 6.808242232742124, 6.944447851770519, 7.099985414781223, 7.163506771838819, 6.978759770707241, 6.839730872395597, 6.977052225064189, 7.48344593354558, 7.666552231746348, 7.532805505900587, 7.831478433631425, 6.917548151973786, 7.57881274211971, 7.151405791604932, 7.319443991060435, 7.225009845289198, 7.132130324940479, 7.877317661119918, 7.909719189802471, 8.220185229211063, 8.341293990178695, 8.621461489634658, 8.719256555766854, 8.384486520412759],
    "upper": [0.9901397208652832, 0.5288711435440888, 0.6911944855082577, 0.2078322135364381, 0.1649768177032436, 0.9080416312834696, 1.465514149579819, 1.770298471946014, 1.56995378701078, 1.750807317747129, 1.920355443490983, 1.70082200999125, 2.422469142997633, 2.757652500350775, 2.671709492052997, 2.719356576475385, 2.839410997023663, 2.236409352477078, 2.414181811510281, 2.42922972412262, 2.366998528259658, 2.581594070289872, 3.422626298201095, 3.672165894940184, 3.489703904140249, 3.755315434788022, 4.233805567922229, 4.446506461301272, 4.348573465285066, 4.083762997726971, 4.356215953194657, 4.478792306525452, 4.753630293201634, 4.892112099135749, 5.150309924114113, 4.854358069139299, 5.267389609070066, 5.228170483666453, 5.829251888293469, 5.396333234544485, 5.896740624694083, 5.784878901082731, 5.464412878539298, 5.322651807544646, 5.304650349749661, 5.558758912457312, 5.797227163934012, 5.643005359671656, 5.739519126446694, 6.528430581576012, 6.977527954426315, 6.908086040825589, 6.761179929358222, 6.713652229389266, 6.867247281676693, 6.480658434496583, 6.483827049778219, 6.064119867211357, 6.460175268570087, 6.845884088772234, 6.783539552816874, 7.427006460550181, 7.010880716780734, 6.672489044773847, 7.004736299939101, 7.529706053887162, 8.130407409618037, 7.893939496100536, 8.249896223960173, 8.170401634882035, 8.100921877131697, 8.419732141639436, 8.5979704387673, 8.03791391561816, 8.652949608814678, 9.081956796961887, 8.768510721020252, 8.905624195923316, 9.062251216524036, 9.126233668235113, 8.940171618327806, 8.800205407658739, 8.938452288055478, 9.448637526052698, 9.633261072416683, 9.498398463347474, 9.79962021354179, 8.878541781305845, 9.54478488175655, 9.114044125972557, 9.283342527780952, 9.188192110363879, 9.094628292223824, 9.845868860010608, 9.878562710753103, 10.191952325710465, 10.314261628504909, 10.597335307807963, 10.696187096182111, 10.357890467333347],
    "se_pred": [0.4989246411413237, 0.50033125138624, 0.4998224019607163, 0.501381766641782, 0.5015264215834433, 0.4991660971489614, 0.4976026121342735, 0.4968235198020653, 0.4973295983160224, 0.4968717357827407, 0.4964596860582041, 0.496996391108812, 0.4953373016571545, 0.494669795283672, 0.4948346951677415, 0.4947427410550925, 0.4945169312059031, 0.4957361067225448, 0.4953546358715368, 0.4953231905185048, 0.4954540894220801, 0.4950122340398602, 0.4935400411669545, 0.4931830244794386, 0.4934404779447558, 0.493072191831502, 0.4925134679563596, 0.4923083968003047, 0.4923995049888178, 0.4926741623058332, 0.4923921917450507, 0.492279599963043, 0.4920593454359781, 0.4919652424640907, 0.4918199912905126, 0.4919897761949102, 0.4917670836178304, 0.4917839061130535, 0.4916256348867686, 0.4917181683257827, 0.4916211595137442, 0.4916300392835003, 0.491696296489033, 0.4917449191694489, 0.4917519413902514, 0.4916705032592393, 0.4916286971335676, 0.4916519055677402, 0.4916357405871329, 0.4917092328140079, 0.4919144176095428, 0.4918749617110559, 0.4918008048485693, 0.4917795226866635, 0.4918530770922492, 0.4916943714768243, 0.4916953156847195, 0.4916216348683027, 0.4916884100559017, 0.4918420184144714, 0.4918112754189436, 0.4922380409219398, 0.4919343722199732, 0.4917621613726341, 0.4919306471311697, 0.4923285474273638, 0.4929809161377517, 0.4926990778315504, 0.4931356608800502, 0.4930317901874197, 0.4929440031260517, 0.4933698244988065, 0.4936334892670226, 0.49286681279209, 0.493718515677638, 0.4944416739902679, 0.4939029067533016, 0.4941316471825299, 0.494406143392468, 0.4945223193096981, 0.4941909838744051, 0.4939548216850745, 0.4941880146573364, 0.4951433161683829, 0.4955255971072237, 0.495244442780174, 0.4958866358425211, 0.4940856109473874, 0.4953399802980842, 0.4945000055074563, 0.4948175220154823, 0.4946370525287669, 0.494464639070995, 0.4959897917243156, 0.4960634442448644, 0.4968000588822395, 0.4971025435171179, 0.4978347751897741, 0.4981010235073134, 0.4972124744190793],