{
  "test_name": ["DFFITS (R - stats::dffits)"],
  "dataset": ["synthetic_heteroscedastic"],
  "formula": ["x ~ y"],
  "dffits": [-0.18035277217489568, -0.13825884921002671, -0.11952789595654283, -0.17270981852065234, -0.099662644502174672, -0.059496602199249314, -0.044228043166483641, -0.14090233438082914, -0.045162226455678606, -0.1777494445217849, 0.019593169873212295, -0.17004423306238556, -0.10373903796644438, -0.084018018241128478, -0.054444875304488126, -0.10217372495594423, -0.075441603883122169, -0.1295580556196175, -0.076824064943105896, -0.075525489913652558, -0.040850093407278368, -0.056730659758340532, -0.075308551413837799, 0.079104557797035457, 0.050920182376979935, -0.091968205181861634, -0.056083340989811055, -0.029947407943612381, -0.040965778158142688, -0.059811998748532887, 0.0052577546522255087, 0.028083347609389003, -0.043315011761980084, 0.052550564358655898, -0.053593520663167145, 0.13764805072045469, -0.092478262546678541, -0.053003023817429835, -0.035913057783549786, -0.08753966449965557, -0.1448108956272493, -0.089507370270982031, 0.18487836967057406, 0.11529447746654281, 0.048848351196389299, -0.0061207529781894914, -0.045721315409456453, 0.065554863428645083, -0.014938026312534639, 0.073164220349804285, 0.061031892617506467, 0.15404269549147931, 0.098036640399338806, 0.15217690228066325, 0.10877808552133583, -0.10344757440111574, 0.11072817929843114, -0.43566447158056354, -0.034249773085024096, 0.0013264357442258987, 0.11082522892217489, -0.059477685150122979, 0.086254856143391276, 0.015129424841401558, -0.51286455565935163, 0.043972840993525823, -0.14069495934077469, 0.11438458114100765, 0.044483015144865766, -0.30900290838671868, 0.11631390559082727, -0.33770745046007444, -0.061181763611160657, 0.1203380206104117, -0.046255233730630126, -0.12013720063750395, -0.043136622720728435, 0.25610847042989465, 0.15914944866156588, 0.10723641894995954, 0.087166841263056571, -0.03954092519182139, 0.052989737823114079, 0.25074050334440529, 0.018542652422986371, -0.03353950325897237, -0.019527948112508266, -0.17533211695012707, -0.095352248348993945, 0.01120078446123941, 0.12925334511620964, 0.33493286684864187, 0.02596434497860732, 0.084900458530012532, 0.073127625153590475, 0.31694295145293222, 0.30479487331653105, -0.18789015322780009, 0.16500575765256298, -0.039729030475503961],
  "n": [100],
  "p": [2],
  "threshold": [0.28284271247461901],
  "influential_observations": [58, 65, 70, 72, 92, 96, 97],
  "description": ["Measures influence of each observation on its fitted value."]
}
