{
  "test": ["feature_importance"],
  "method": ["lm"],
  "dataset": ["synthetic_small"],
  "n": [15],
  "k": [1],
  "variable_names": ["y"],
  "response": ["x"],
  "standardized_coefficients": {
    "variable_names": ["y"],
    "standardized_coefficients": [0.99536752883086221],
    "y_std": [2.5800330409780639],
    "raw_coefficients": [0.61786106930963602]
  },
  "shap": {
    "variable_names": ["y"],
    "shap_values": [
      [2.8624643922572686],
      [-0.36190920410137756],
      [-0.34054643401239726],
      [-3.5637931728610304],
      [-3.8683839433108509],
      [2.3145450411073822],
      [0.33796870369178761],
      [-0.7448566292769323],
      [2.676732330745057],
      [2.4655251557699094],
      [-3.0792792140108309],
      [0.87925318678189013],
      [-4.0398973298820939],
      [2.6913640682378706],
      [1.7708130488643459]
    ],
    "base_value": [-0.82983424153581176],
    "mean_abs_shap": [2.1331554569940683]
  },
  "permutation_importance": {
    "variable_names": ["y"],
    "importance": [0.90423547896299783],
    "baseline_score": [0.99075651745085713],
    "n_permutations": [10],
    "seed": [42]
  }
}
