{
  "test_name": ["DFFITS (R - stats::dffits)"],
  "dataset": ["synthetic_small"],
  "formula": ["x ~ y"],
  "dffits": [0.38254921806847075, -0.0078752841164167371, 0.23560922994682443, -0.11197158302155358, -0.68144677654892183, 0.020380894272665068, -0.36347461847741996, 0.17879433878455689, -0.59843653205116965, 0.38823765112069714, -0.55521576058933875, 0.315268767309202, 1.2861703374309785, -0.21688955997981949, -0.20394608327083935],
  "n": [15],
  "p": [2],
  "threshold": [0.73029674334022143],
  "influential_observations": [13],
  "description": ["Measures influence of each observation on its fitted value."]
}
