{
  "test": "polynomial",
  "method": "lm",
  "dataset": "synthetic_simple_linear",
  "formula": "x ~ poly(y, 2, raw=TRUE)",
  "degree": 2,
  "n": 100,
  "k": 2,
  "df_residual": 97,
  "df_model": 2,
  "variable_names": ["Intercept", "x^1", "x^2"],
  "coefficients": [-0.58733768864562985, 0.33475286664446996, -0.00018898277508421838],
  "std_errors": [0.11428365715702493, 0.015566786373906768, 0.0004477170245960892],
  "t_stats": [-5.1392972823632341, 21.504301440507124, -0.42210316941758114],
  "p_values": [1.4285100368525373e-06, 1.0975934811720718e-38, 0.67388380881638055],
  "r_squared": 0.98957637191697878,
  "adj_r_squared": 0.98936145175031853,
  "f_statistic": 4604.3904920351233,
  "f_p_value": 7.4802653284815697e-97,
  "mse": 0.091359161753718374,
  "rmse": 0.30225678115423377,
  "mae": 0.23465336867387671,
  "residual_std_error": 0.30225678115423377,
  "log_likelihood": -20.723057530400091,
  "aic": 49.446115060800182,
  "bic": 59.866795804752549,
  "conf_int_lower": [-0.81415911278765019, 0.30385710479645067, -0.0010775771345732698],
  "conf_int_upper": [-0.36051626450360946, 0.36564862849248925, 0.00069961158440483306],
  "fitted_values": [0.24726649172441745, 0.13643832277250489, 0.49986342608232903, 0.89261512302389012, 0.40786962718266262, 0.50895692995764752, 1.2139502159780919, 1.044634384125297, 0.7335765225379236, 1.1715056715169871, 0.93749876148777211, 1.0376288877773603, 1.373918514080658, 0.75735207852242292, 0.9210537973537376, 1.4087793619211921, 1.3597283447010209, 1.9013142564830321, 1.5960298856698847, 1.5291514070963026, 2.5844533257039233, 2.1243189557103448, 2.3220423121448284, 1.9275974642056017, 2.3201032064622567, 2.6375736762304012, 2.3199208249709216, 2.925756886881683, 2.7029667105373516, 2.9054701281846893, 2.9031603883772132, 3.8137122693136885, 3.2979413980747192, 3.0529973405099633, 3.7739281515252694, 3.1993997793117499, 3.7714148921479995, 3.1555240140101013, 3.4642158131057861, 4.0671178825747054, 4.3452530577754089, 4.2583254848778873, 4.2635977395983895, 4.3023043287963736, 4.014323785953974, 4.3639608005139134, 4.5489412411895866, 5.147177394140714, 5.0124222634421525, 4.419551235608373, 5.2049545231226908, 5.0716507774339865, 5.0753246356148098, 5.5973727299466809, 5.8339860416292719, 5.9005467650350409, 5.4197709419189124, 5.692792263495936, 6.0017027731695194, 6.3115208524443451, 5.9348168389722487, 6.1300024965310307, 5.9279105567913293, 5.9976717645715949, 6.7531476732260716, 7.029355366060166, 6.6622499213982023, 7.1119464881199672, 7.0014733335075627, 6.7719146625442104, 7.1989448936338807, 7.6806714896409982, 7.2669853420073638, 7.8863922869529599, 6.6219310608243038, 7.8419614971942533, 7.701541565071806, 7.6745358905554459, 7.900131136839164, 7.3221868862697272, 7.9958772164821372, 8.2815978461501967, 8.7433621414243738, 8.194166298903836, 8.1983245003663257, 8.3962343000818738, 8.9537924647113663, 8.8619406136839416, 8.6819574845314182, 9.1178967941414548, 9.0812748790249298, 9.461175160712461, 9.0187803130248074, 9.2379918279005633, 9.3151557000960565, 9.0665674197950477, 9.7333848160167307, 9.8198944675832287, 9.8350936646313798, 9.855533874339276],
  "residuals": [-0.24726649172441745, -0.0354282217624039, -0.29784322406212699, -0.58958481999358703, -0.0038292231422585865, -0.0039064249071423945, -0.60788960991748597, -0.33756367705458995, 0.074504285542884435, -0.26241476242607814, 0.07260224861323808, 0.073482223333750929, -0.16179730195944583, 0.55577923460889023, 0.49308761678767649, 0.10637215323032306, 0.2564332714605953, -0.18414253931131502, 0.22215193251193352, 0.39004051209561647, -0.56425130550190272, -0.0031068344982238746, -0.099820089922605992, 0.39563485902672135, 0.10413921778016749, -0.11232115097787596, 0.30634180129170491, -0.19848415960895596, 0.12531611774547674, 0.023822801108239797, 0.12714264192581687, -0.68239913800055718, -0.065618165751487129, 0.28033599282337024, -0.33958471718183503, 0.33595375604178557, -0.13505125578436328, 0.58184972336363616, 0.37416802527805221, -0.12772394318076619, -0.30484901737136838, -0.11691134346374668, -0.021173497174147567, 0.041130014637970176, 0.43012065849047071, 0.18149374494063134, 0.097523405275059927, -0.399702646665967, -0.16393741495730363, 0.52994371388657702, -0.15444947261764091, 0.079864374081165146, 0.17720061691044303, -0.24383737641132738, -0.37944058708381767, -0.34499120947948542, 0.23679471464674398, 0.064783494079821813, -0.14311691458366105, -0.35192489284838613, 0.12578922163381201, 0.031613665085130756, 0.33471570583493293, 0.36596459906476836, -0.28850120857960682, -0.46369880040360056, 0.004416745268464653, -0.3442697204432002, -0.13278646482069423, 0.1977823071527591, -0.12823782292680999, -0.5089543179238265, 0.0057419307199085522, -0.51265491321558665, 0.85281641392317087, -0.26620392143667831, -0.024773888304129944, 0.10324188722233155, -0.021343258051285535, 0.6576110935282522, 0.084930864325943711, -0.099779664332015544, -0.46053385859609181, 0.18967208493454832, 0.28652398448215943, 0.189624285776713, -0.26692377784267984, -0.074061825805154996, 0.20693140435747151, -0.12799780424246582, 0.0096342118841604429, -0.26925596879326813, 0.2741489799044845, 0.15594756603883084, 0.17979379485343813, 0.52939217616454814, -0.036415119047033151, -0.021914669603431275, 0.06389623435852021, 0.14446612566072323]
}
