{
  "test": "polynomial",
  "method": "lm",
  "dataset": "synthetic_nonnormal",
  "formula": "x ~ poly(y, 2, raw=TRUE)",
  "degree": 2,
  "n": 100,
  "k": 2,
  "df_residual": 97,
  "df_model": 2,
  "variable_names": ["Intercept", "x^1", "x^2"],
  "coefficients": [-1.1742893574162587, 0.62538211232589558, 0.001872516771042666],
  "std_errors": [0.17395595948264442, 0.041254302041147987, 0.0021328639500138103],
  "t_stats": [-6.7504980048321803, 15.159197499017802, 0.87793540278579019],
  "p_values": [1.0824280812220083e-09, 2.4988245660144366e-27, 0.38214819161101965],
  "r_squared": 0.98489738231171775,
  "adj_r_squared": 0.98458598813257792,
  "f_statistic": 3162.8638179181285,
  "f_p_value": 4.8309561038977091e-89,
  "mse": 0.13236873776567296,
  "rmse": 0.3638251472420137,
  "mae": 0.26639196885685296,
  "residual_std_error": 0.3638251472420137,
  "log_likelihood": -39.262703798508582,
  "aic": 86.525407597017164,
  "bic": 96.946088340969538,
  "conf_int_lower": [-1.5195437835467724, 0.54350374254200506, -0.0023606277631631157],
  "conf_int_upper": [-0.82903493128574512, 0.70726048210978609, 0.0061056613052484473],
  "fitted_values": [-0.10315473924290262, 0.29418632292136437, 0.014788773269951011, 0.59548567878395686, 0.71766288061809691, 0.47177661012986111, 0.34521269184452846, 0.54681312981664898, 0.840936481599033, 1.9030005189499168, 1.046894529191899, 0.92076063411467157, 1.2424749649548048, 1.2662707906754234, 1.5994755395038827, 1.2479445869223043, 1.7677638990499265, 1.6556299073764482, 2.5648393018346081, 1.7343578764414997, 2.019393507342031, 2.6623556767344141, 1.9269377137716606, 2.8847104479393453, 2.4632284711068166, 2.2076778189720723, 2.3984791745131169, 2.7794079727890821, 2.501221800201967, 2.8595910134706441, 2.8124827491789417, 3.0880992024942064, 2.8866062404824593, 3.6384339115446669, 4.2548071532810816, 4.301690710433336, 3.7175039826395642, 3.4097090865417412, 3.9273307194968039, 3.5701445419013562, 3.66832913552647, 3.8880801992975078, 4.0790829120114172, 4.4417452170638523, 4.4356137191068523, 4.3512931542416311, 4.3619166516290013, 6.2966508522543894, 4.6390780300144501, 4.7538324932630402, 4.7146872278327177, 5.2794979724819218, 5.2471347564746562, 5.0383471815495211, 5.0845168857244722, 5.5347612641099815, 5.6094671083971468, 5.4631170687819708, 6.4622367392756059, 5.6128109603086802, 5.8475432459880166, 6.7207970029854893, 6.0422372148211201, 6.3015055444606949, 6.2320826340740103, 6.271084807883077, 7.6548541475570353, 6.5428187042485888, 7.2220312837002538, 6.6570623771382254, 6.7514535400657483, 6.7833380230778291, 7.2292627943787684, 7.1309685689251001, 7.7523354567217018, 7.396301456164581, 8.4501307592071306, 7.4537772355737681, 8.1740094184293035, 8.0966623714166115, 8.1910098839592891, 8.4263133293456747, 8.3825986914605366, 8.333540506312044, 8.1499697561233084, 8.2163199123171768, 9.1731726368386841, 8.7376893723906832, 9.057520353472702, 8.8414591534963929, 8.7632943403222878, 8.8697772690806183, 9.3234448370226914, 9.2236629430069179, 9.2113963767899598, 9.4704014614198968, 9.3650898198002164, 9.7457854034581377, 9.6578480454328428, 10.204317518196364],
  "residuals": [0.10315473924290262, -0.19317622191126338, 0.18723142875025101, -0.29245537575365382, -0.31362247657769288, 0.033273894920643962, 0.26084791421607761, 0.16025757725405809, -0.032855673518224979, -0.99390960985900789, -0.036793519090888752, 0.19035047699643959, -0.030353752833592616, 0.046860522455889772, -0.18533412536246846, 0.26720692822921094, -0.1516022828883104, 0.061541809795268833, -0.74665748365278972, 0.18483404275041942, 0.00080851285998920913, -0.54114355552229276, 0.2952845084505617, -0.56147812470702219, -0.038986046864392221, 0.31757470628045265, 0.22778345174950942, -0.052135245516354962, 0.32706102808086102, 0.069701915822284938, 0.21782028112408869, 0.043213928818924545, 0.34571699184077304, -0.30510057821133352, -0.8204637189376478, -0.76633717507980059, -0.081140346275927699, 0.32766465083199642, -0.088946881112965601, 0.36924939749258306, 0.37207490487757044, 0.25333394211663307, 0.16334133041282517, -0.098310873629508425, 0.0088307253375925869, 0.19416139121291393, 0.28454799483564458, -1.549176104779642, 0.20940681847039883, 0.1956624562319092, 0.33581782267233223, -0.12798282096677066, 0.0053904960505961365, 0.31518817198583304, 0.37002856882098223, 0.020794291445573911, 0.047098548168510161, 0.29445868879378678, -0.6036508806897477, 0.34678499928727952, 0.21306281461804372, -0.55918084136932777, 0.22038904780514207, 0.062130819175668726, 0.23256383057245417, 0.2945717577734891, -0.98818748089036812, 0.22485806342817832, -0.35334441501338504, 0.31263459255874398, 0.31925353064132311, 0.38837914863934253, 0.043464478348504289, 0.24276880481227359, -0.27758798197422657, 0.17945611959299396, -0.77336308243945473, 0.32400054220400926, -0.29522153964142506, -0.11686439161863278, -0.11020180315120777, -0.2444951475274928, -0.099770408632255225, 0.05029787752633956, 0.33487872872517688, 0.36953867354141007, -0.48630394996999748, 0.0501894154881036, -0.16863146458381262, 0.14843983640259745, 0.32761475058680189, 0.32214192283857357, -0.030515544093398544, 0.1702764509324764, 0.28355311815953438, 0.12555813453969922, 0.33187987716948114, 0.052194394521660269, 0.24114185355705736, -0.20431751819636301]
}
