{
  "test": "ols",
  "method": "lm",
  "dataset": "synthetic_multiple",
  "formula": "x1 ~ x2 + x3 + y",
  "n": 100,
  "k": 3,
  "df_residual": 96,
  "variable_names": ["Intercept", "x2", "x3", "y"],
  "coefficients": [-0.49012316871299344, 0.75522234626111395, -0.25081210818054211, 0.50025320265076245],
  "std_errors": [0.073459257199004854, 0.013554792888533953, 0.0024433858096751912, 0.0047112657861850989],
  "t_stats": [-6.672040902690112, 55.716258630551209, -102.64940853277835, 106.1823351417916],
  "p_values": [1.6156606813047717e-09, 6.5464586646866676e-75, 6.0441694218824446e-100, 2.4139698643592948e-101],
  "r_squared": 0.99252450267903469,
  "adj_r_squared": 0.99229089338775456,
  "f_statistic": 4248.6516578174806,
  "f_p_value": 6.7541942342891314e-102,
  "mse": 0.064006338588172437,
  "std_error": 0.25299474023815682,
  "conf_int_lower": [-0.63593864178911119, 0.72831629503143791, -0.25566219067974394, 0.49090141397777254],
  "conf_int_upper": [-0.34430769563687569, 0.78212839749078999, -0.24596202568134026, 0.50960499132375237],
  "residuals": [-0.10540315751356785, 0.1815708748507493, 0.19218473495155319, -0.06447319614432194, -0.058266134708293379, 0.10705287237434298, 0.17432059384337129, -0.00046059228768004397, 0.37569332484459683, 0.35933559111235286, 0.17706930529477216, 0.05245886896274491, -0.098631256049447807, -0.34465108612864881, -0.17531397698975448, 0.051163488414923838, 0.038553377530483893, 0.21859129953415862, -0.0025311391741065, 0.086468583999428333, -0.051005802465814945, 0.25984643319925366, -0.11261620957268928, -0.37595252770737808, 0.032924875708203794, -0.070546945669649128, -0.20546074591019015, 0.11703148882747577, -0.0063242481110597822, 0.041988593469358945, -0.015383856826208839, 0.2003850292895078, 0.029373724970377872, -0.10089106162693282, -0.32729327732219143, -0.23949092316135778, -0.49397298982784599, 0.2331164941288465, -0.20830130062115304, -0.044230892959520166, -0.5693617647334227, 0.17819461376122683, 0.18601196756795566, 0.16545625874686953, 0.52217636613066898, 0.14228485283260248, 0.21972200488283539, -0.055372728518194664, -0.054303903585607466, -0.47510922987507548, -0.26036939013910809, 0.18920124416127815, 0.25904408830695341, -0.057802093135097099, 0.36538805604092661, -0.39401742451178001, -0.28827824553983195, 0.11451022889952953, 0.47748029073865994, -0.29908384691597928, 0.10868348133545272, -0.27359503508086586, 0.39399899888227075, 0.19657751213975863, 0.028263581120570411, 0.039077367461865839, 0.14453726539181092, -0.12729506300119239, 0.29793968606322474, 0.093337687252707302, -0.014691239620308017, -0.078878701158678705, -0.15627471768026963, 0.31662166891265459, 0.38151279183695841, -0.2914121763013221, -0.067873774977482967, 0.18304268755343936, -0.35036999900693055, -0.022522368162329283, -0.28303794403115212, 0.055018830925545714, -0.44072961242437514, -0.43341756947829774, 0.075578903663820335, -0.23309610165284284, -0.1486947765407024, -0.31789042535303236, 0.29067199902548163, -0.12235988331013617, -0.22632087610943954, 0.47063651820760671, 0.28385463751444567, 0.54262369259319554, 0.037831431986804019, -0.16469169336805753, -0.36320177382048402, 0.024788828628087657, -0.39405861062232528, 0.35211519156042392],
  "vif": [
    {
      "variable": "x2",
      "vif": 2.3521446541906568,
      "rsquared": 0.57485607944291695
    },
    {
      "variable": "x3",
      "vif": 8.3979434885072362,
      "rsquared": 0.88092322824409086
    },
    {
      "variable": "y",
      "vif": 10.112172231428284,
      "rsquared": 0.90110927928105944
    }
  ]
}
