{
  "dataset": "synthetic_collinear",
  "alpha": 0.05,
  "n": 100,
  "p": 3,
  "df_residuals": 96,
  "mse": 9.112276778366801e-30,
  "train": {
    "predicted": [8.623637087467449, 9.495206236576422, 1.470734809290376, 9.265876251614939, 4.921162930795385, 2.582443882989586, 4.591357562382615, 9.800325752854764, 4.926180939928691, 3.287516102875083, 6.334008543167259, 2.401456187781931, 0.7586332810866399, 1.28879721910649, 1.280458389577727, 1.51902693512294, 1.3882717264941, 6.408747448032144, 1.818800843991448, 3.456672833238629, 8.967884099060111, 4.739616402628721, 6.675577385210267, 1.723198712016299, 1.922890188086704, 0.4086861626647889, 1.689350630721646, 2.785903390319581, 1.770104842767466, 0.8870253375705528, 1.206358711006004, 4.607787680327259, 2.063337184057923, 3.642698610480757, 5.034172708548565, 6.903948286293653, 0.3931213984109923, 7.994103989090422, 6.279003894909075, 0.8175903194887185, 8.735786241067768, 9.20872400531813, 0.6107795985486412, 2.768776481472041, 8.062012797930608, 7.482596903836583, 1.845210193563777, 2.093493233367099, 3.704721027913814, 4.845229851910213, 6.182547715302957, 3.689136395697726, 4.625347161331475, 7.474709381337564, 0.3668320289059766, 2.524369443440202, 7.133495858845518, 8.952068376871992, 5.116774421156661, 5.321134852653155, 1.071720113397759, 4.474123668234548, 5.326172664550228, 2.424705036347299, 2.692432309493808, 3.772841631046224, 0.2007119777772637, 3.22079165583178, 2.114480069965448, 3.274973521779146, 1.197621318192509, 8.90527280739895, 5.935924535540483, 6.791023191444893, 7.891712386073382, 4.984421989290571, 0.8692028808742334, 5.37106541818548, 5.868411180208789, 7.454394741843295, 4.31659546229679, 1.275803027955641, 2.837759057987244, 3.63082296398635, 6.459172413316015, 5.707783046689119, 3.560967258978458, 9.865152487929789, 6.057748193568866, 2.372267917359947, 1.017824726204033, 1.528591391843321, 2.459577283845083, 1.60681373259556, 1.865670240513056, 2.850951686938473, 1.733735952947544, 8.967654246264251, 0.802337456616419, 5.245113895702543],
    "lower": [8.623637087467444, 9.495206236576417, 1.47073480929037, 9.265876251614934, 4.921162930795379, 2.58244388298958, 4.591357562382608, 9.800325752854757, 4.926180939928685, 3.287516102875077, 6.334008543167252, 2.401456187781925, 0.7586332810866337, 1.288797219106484, 1.280458389577721, 1.519026935122934, 1.388271726494094, 6.408747448032138, 1.818800843991442, 3.456672833238622, 8.967884099060106, 4.739616402628715, 6.675577385210261, 1.723198712016293, 1.922890188086698, 0.4086861626647828, 1.68935063072164, 2.785903390319575, 1.77010484276746, 0.8870253375705467, 1.206358711005998, 4.607787680327253, 2.063337184057917, 3.642698610480751, 5.034172708548558, 6.903948286293647, 0.3931213984109861, 7.994103989090416, 6.279003894909069, 0.8175903194887124, 8.735786241067762, 9.208724005318125, 0.6107795985486351, 2.768776481472035, 8.062012797930603, 7.482596903836577, 1.845210193563771, 2.093493233367093, 3.704721027913808, 4.845229851910207, 6.182547715302951, 3.68913639569772, 4.625347161331469, 7.474709381337558, 0.3668320289059705, 2.524369443440196, 7.133495858845512, 8.952068376871987, 5.116774421156655, 5.321134852653149, 1.071720113397753, 4.474123668234542, 5.326172664550222, 2.424705036347293, 2.692432309493802, 3.772841631046218, 0.2007119777772576, 3.220791655831774, 2.114480069965442, 3.27497352177914, 1.197621318192503, 8.905272807398944, 5.935924535540477, 6.791023191444887, 7.891712386073376, 4.984421989290565, 0.8692028808742273, 5.371065418185474, 5.868411180208783, 7.454394741843289, 4.316595462296783, 1.275803027955634, 2.837759057987238, 3.630822963986344, 6.459172413316009, 5.707783046689113, 3.560967258978451, 9.865152487929784, 6.05774819356886, 2.372267917359941, 1.017824726204027, 1.528591391843315, 2.459577283845077, 1.606813732595554, 1.86567024051305, 2.850951686938467, 1.733735952947538, 8.967654246264246, 0.8023374566164129, 5.245113895702537],
    "upper": [8.623637087467454, 9.495206236576427, 1.470734809290382, 9.265876251614944, 4.921162930795392, 2.582443882989592, 4.591357562382621, 9.800325752854771, 4.926180939928697, 3.287516102875089, 6.334008543167265, 2.401456187781937, 0.758633281086646, 1.288797219106496, 1.280458389577733, 1.519026935122946, 1.388271726494106, 6.40874744803215, 1.818800843991454, 3.456672833238635, 8.967884099060116, 4.739616402628728, 6.675577385210273, 1.723198712016305, 1.922890188086711, 0.408686162664795, 1.689350630721652, 2.785903390319588, 1.770104842767472, 0.8870253375705589, 1.20635871100601, 4.607787680327266, 2.063337184057929, 3.642698610480763, 5.034172708548571, 6.90394828629366, 0.3931213984109985, 7.994103989090428, 6.279003894909081, 0.8175903194887246, 8.735786241067773, 9.208724005318135, 0.6107795985486473, 2.768776481472047, 8.062012797930613, 7.48259690383659, 1.845210193563783, 2.093493233367105, 3.70472102791382, 4.845229851910219, 6.182547715302963, 3.689136395697732, 4.625347161331481, 7.47470938133757, 0.3668320289059827, 2.524369443440209, 7.133495858845524, 8.952068376871997, 5.116774421156667, 5.321134852653161, 1.071720113397765, 4.474123668234554, 5.326172664550234, 2.424705036347305, 2.692432309493814, 3.77284163104623, 0.2007119777772698, 3.220791655831786, 2.114480069965454, 3.274973521779152, 1.197621318192515, 8.905272807398955, 5.935924535540489, 6.791023191444899, 7.891712386073388, 4.984421989290578, 0.8692028808742395, 5.371065418185486, 5.868411180208795, 7.454394741843301, 4.316595462296796, 1.275803027955647, 2.83775905798725, 3.630822963986356, 6.459172413316021, 5.707783046689126, 3.560967258978464, 9.865152487929794, 6.057748193568872, 2.372267917359953, 1.017824726204039, 1.528591391843327, 2.459577283845089, 1.606813732595566, 1.865670240513062, 2.85095168693848, 1.73373595294755, 8.967654246264257, 0.8023374566164251, 5.245113895702549],