{
  "test": ["feature_importance"],
  "method": ["lm"],
  "dataset": ["synthetic_heteroscedastic"],
  "n": [100],
  "k": [1],
  "variable_names": ["y"],
  "response": ["x"],
  "standardized_coefficients": {
    "variable_names": ["y"],
    "standardized_coefficients": [0.91201128942843412],
    "y_std": [2.9304537349375774],
    "raw_coefficients": [0.5314896481308774]
  },
  "shap": {
    "variable_names": ["y"],
    "shap_values": [
      [-3.7858085677898643],
      [-4.0029500036070296],
      [-4.0260551227811483],
      [-3.4603237582794422],
      [-3.9418006421832237],
      [-4.1164331978997426],
      [-4.1122817569397876],
      [-3.2382971152593032],
      [-3.8923797306566223],
      [-2.5859174443747599],
      [-4.1146488653448481],
      [-2.3941737200127027],
      [-2.9681592239088102],
      [-3.0304407047292972],
      [-3.1716397129840215],
      [-2.6209388118505625],
      [-2.7626035996492542],
      [-2.0670971983355533],
      [-2.5183763480716523],
      [-2.4153823730607558],
      [-2.6345422627861028],
      [-2.3746537321994032],
      [-2.0688727755215366],
      [-3.2671728732172296],
      [-2.9780724304863364],
      [-1.5213564307110699],
      [-1.8206604578795365],
      [-1.9859868559189826],
      [-1.7633476920176756],
      [-1.4413187975410127],
      [-2.0197372539116616],
      [-2.1303941930237755],
      [-1.3014641048843845],
      [-2.1539082297594909],
      [-0.96133860443622876],
      [-2.625059358006764],
      [-0.26212520907256331],
      [-0.64458364029834925],
      [-0.74653857134223678],
      [-0.01234635578972415],
      [0.70532502610698689],
      [0.20970243547932441],
      [-2.3836034001116109],
      [-1.7948366746638045],
      [-1.0969214222442354],
      [-0.38172763514233371],
      [0.19403814774591013],
      [-0.98874247319862119],
      [0.028032470201212502],
      [-0.8823293864173879],
      [-0.65988247653631582],
      [-1.4536331168451391],
      [-0.86242099679130213],
      [-1.2763483999016969],
      [-0.79087261694840294],
      [1.6110491357426171],
      [-0.6303362509569761],
      [3.6749151344139728],
      [1.2312240071612568],
      [0.94458912297188835],
      [-0.25721361891022104],
      [1.7550124031234196],
      [0.23363802188394905],
      [1.198168518221387],
      [4.4416569755131698],
      [1.0769137919758804],
      [2.8105997053525025],
      [0.41840859198482339],
      [1.396972902195849],
      [3.9635844370366184],
      [0.73219011077380347],
      [4.2403744933974084],
      [2.7755052324057434],
      [1.0364578530347743],
      [2.8495410010836864],
      [3.4415211249298929],
      [3.0151808953735109],
      [-0.1952329248532656],
      [1.1431795784474521],
      [1.9496979414230473],
      [2.2952500235847593],
      [3.4661113369641967],
      [2.8538999926145556],
      [0.51260253430316349],
      [3.3484484597447901],
      [3.8117233300580042],
      [3.8182311432429685],
      [4.7762377580883308],
      [4.4586978191884956],
      [3.9159121350163013],
      [3.0958695636224025],
      [0.42101661402422091],
      [4.1280260848302142],
      [3.8240820523723311],
      [4.0216618757746359],
      [1.3260924963962062],
      [1.7406319609930574],
      [5.7050890988195597],
      [3.7875080454366596],
      [5.2087177369887812]
    ],
    "base_value": [-0.094343261702470468],
    "mean_abs_shap": [2.2718657824008748]
  },
  "permutation_importance": {
    "variable_names": ["y"],
    "importance": [0.81889994877126548],
    "baseline_score": [0.83176459204491393],
    "n_permutations": [10],
    "seed": [42]
  }
}
