{
  "test_name": ["DFFITS (R - stats::dffits)"],
  "dataset": ["synthetic_simple_linear"],
  "formula": ["x ~ y"],
  "dffits": [-0.17926856222745158, -0.041454646664720485, -0.20173676359098178, -0.3640092809760796, -0.016632220104947543, -0.015409573055165061, -0.35271338073573177, -0.20259555175216815, 0.034687455051967409, -0.15429179064973988, 0.034114468151661123, 0.034841006259349085, -0.092479205620778757, 0.3305533034694072, 0.28445121717516242, 0.053038515901944826, 0.13518724423263009, -0.092293221062330358, 0.11316748650730039, 0.20411227286665812, -0.24972503366995444, -0.0014557783384085356, -0.04489554009386873, 0.19532590362669969, 0.048690744297780857, -0.046702832522922628, 0.14218871519419268, -0.079265187498974474, 0.056084918131323429, 0.012715802744865822, 0.055612064890218596, -0.24901186278418552, -0.021841183315039543, 0.11714876657354177, -0.11988640492995586, 0.13716889994115011, -0.044820620834101696, 0.23972580100700652, 0.14718766040280801, -0.040324751316536067, -0.10022241429896077, -0.0356583830260193, -0.0025769087751486191, 0.018901265482535595, 0.15841465062247995, 0.06705631168963011, 0.037861343504399896, -0.12977132709774331, -0.049874838108587172, 0.18870099748564181, -0.046814643160576298, 0.031610734061468734, 0.064235915970317817, -0.078475681303487657, -0.12801054407687784, -0.1166044083830773, 0.085036392133858815, 0.027035723873151358, -0.045958189900882955, -0.12549261228615838, 0.048839095924146383, 0.015859475207773685, 0.12282426484474504, 0.13492622430008153, -0.10955696136912102, -0.18874057608391429, 0.0055897952779674189, -0.14073898602489965, -0.050873563676496585, 0.08145849137490721, -0.051298634846612817, -0.23571593518152123, 0.0049805266786725148, -0.24749142605173641, 0.3457344869146099, -0.12576420075477537, -0.010400426611557637, 0.048415597734701853, -0.010076163856850184, 0.29265693209194826, 0.040857236489706635, -0.053043528229849965, -0.26455294087217651, 0.094131901191487136, 0.14341663953925077, 0.096381220652141983, -0.16184964769537305, -0.048421312527541921, 0.10905364952854094, -0.084886899298156154, -0.0027852522183860608, -0.18310807686410685, 0.15262387429089699, 0.08448203532501411, 0.09959549775373934, 0.30777719634275197, -0.040232940613616583, -0.032100922960692495, 0.025199070321615894, 0.079329148908697356],
  "n": [100],
  "p": [2],
  "threshold": [0.28284271247461901],
  "influential_observations": [4, 7, 14, 15, 75, 80, 96],
  "description": ["Measures influence of each observation on its fitted value."]
}
