{
  "test": "ols",
  "method": "lm",
  "dataset": "synthetic_high_vif",
  "formula": "x1 ~ x2 + x3 + y",
  "n": 100,
  "k": 3,
  "df_residual": 96,
  "variable_names": ["Intercept", "x2", "x3", "y"],
  "coefficients": [-0.23900657644690221, -0.055976446136137836, -0.14949187852952692, 0.29800053913734842],
  "std_errors": [0.05875253661082968, 0.084768370255886821, 0.018802608319936361, 0.024438059255589967],
  "t_stats": [-4.06802140357029, -0.66034590457695508, -7.9505925978908492, 12.194116399369303],
  "p_values": [9.7244827859939542e-05, 0.51061325618491293, 3.613766988892923e-12, 3.2352625786778791e-21],
  "r_squared": 0.99562104851879496,
  "adj_r_squared": 0.99548420628500733,
  "f_statistic": 7275.6854441864089,
  "f_p_value": 4.8004079265586927e-113,
  "mse": 0.039754609432797565,
  "std_error": 0.19938557980154323,
  "conf_int_lower": [-0.35562943988154794, -0.22424033120740006, -0.1868147610603022, 0.24949137491094617],
  "conf_int_upper": [-0.12238371301225651, 0.11228743893512438, -0.11216899599875162, 0.3465097033637507],
  "residuals": [-0.22922262318240769, -0.018037395660134379, 0.17147766029629058, -0.24425666956493977, -0.034880881218079883, 0.047216269432729469, 0.23309547617913837, -0.30629644130794198, 0.045049245398128324, 0.0545155211874815, -0.23387615664979197, -0.06066722728373776, 0.26917695420629684, -0.15850930354536491, 0.15108708396276144, -0.011854336822944731, 0.054890996105204912, 0.19189122267567787, -0.11526240050245112, -0.15540363528208981, 0.18654774850339073, 0.48209449555930145, 0.22707900245828366, -0.089619039731160144, 0.33844362132057682, 0.16658922912492977, -0.035468590089776306, -0.24071935842955378, -0.17786228622972625, 0.2910044489663004, 0.0070371551842156391, -0.018655965084965469, 0.061282239307850622, 0.2319382194726605, 0.027375335295343011, 0.30078646094303707, 0.013503105230576389, -0.089906632202567616, 0.28003692854183604, 0.23132229147783803, -0.07299436584085707, -0.073283559001690299, 0.084315536222578008, -0.18657093625134433, 0.03214154543080068, -0.40261941155519626, -0.047376749707075935, 0.077528144105016489, -0.30525279258728533, 0.026321087685031403, -0.06022161732102406, -0.083273094985347434, -0.080227317959524785, -0.10286722053931395, 0.22361882469009617, -0.061314888525161315, 0.083826135611442754, 0.20558970996698026, -0.15984446894011467, -0.10830383417368274, 0.035923317162741358, -0.11134523845402375, 0.31039554963335114, 0.14181390939769603, -0.11145421259663386, -0.12556250312197739, 0.28826292931888708, -0.088406899768969038, -0.29460534777006686, -0.12728563600780424, -0.055674463126591578, 0.077371796144493701, 0.27676902515955509, -0.21145693825834641, -0.0095180264947708707, -0.17753927570500719, -0.11749976552241617, 0.11586137646762754, -0.0016017813441223695, -0.63140343657464715, 0.17450185488671147, -0.30273790378059728, -0.15941760464564281, 0.065161042696205054, -0.24760186009144305, -0.26781866967311191, 0.013758649715004543, -0.17825668673983824, 0.13503103310557252, 0.18707816529157401, 0.21604181025680724, 0.42537733513690623, -0.3163907792519346, 0.28647270442423239, -0.0015152336180418897, 0.22458346750845651, -0.11241832541693808, -0.22973949188922566, 0.078081397409626663, -0.0053677782298395937],
  "vif": [
    {
      "variable": "x2",
      "vif": 163.94922749361487,
      "rsquared": 0.99390055070531547
    },
    {
      "variable": "x3",
      "vif": 1.8723046078424324,
      "rsquared": 0.46589887360670479
    },
    {
      "variable": "y",
      "vif": 166.42879965217119,
      "rsquared": 0.99399142454857603
    }
  ]
}
