{
  "test": ["feature_importance"],
  "method": ["lm"],
  "dataset": ["synthetic_autocorrelated"],
  "n": [100],
  "k": [1],
  "variable_names": ["y"],
  "response": ["x"],
  "standardized_coefficients": {
    "variable_names": ["y"],
    "standardized_coefficients": [0.98611154192844197],
    "y_std": [2.9304537349375774],
    "raw_coefficients": [0.63891264263780778]
  },
  "shap": {
    "variable_names": ["y"],
    "shap_values": [
      [-4.9999599917319975],
      [-5.4640199413054065],
      [-5.3006868042170412],
      [-5.7871435846481454],
      [-5.8302860435052004],
      [-5.0825372429026636],
      [-4.5219620394790558],
      [-4.2156316337355362],
      [-4.4169806150111439],
      [-4.2352184709788583],
      [-4.0648526459670213],
      [-4.2854511531723567],
      [-3.5605116111450408],
      [-3.2240036091180455],
      [-3.3102738558690121],
      [-3.262444291502764],
      [-3.1419417586578624],
      [-3.7473628173385558],
      [-3.5688333418166835],
      [-3.5537230269246582],
      [-3.6162139874015953],
      [-3.4007415977457671],
      [-2.5567878509915034],
      [-2.3065397662553218],
      [-2.4895126650782298],
      [-2.2231702826247575],
      [-1.7435713801442736],
      [-1.5304635297301812],
      [-1.6285773269813308],
      [-1.8939328430461848],
      [-1.6209203261774972],
      [-1.4981205381196618],
      [-1.2228454635028123],
      [-1.0841769132836148],
      [-0.82569084207855414],
      [-1.1219796296704128],
      [-0.70850616356806972],
      [-0.74775867266595697],
      [-0.1463631839413928],
      [-0.57946546728855475],
      [-0.078865566308664689],
      [-0.19074491153410358],
      [-0.51134241934554159],
      [-0.65319998046702976],
      [-0.67121537363065598],
      [-0.41694519960245452],
      [-0.17839398522995994],
      [-0.33266184587460346],
      [-0.23611600022164578],
      [0.55264961197527873],
      [1.0013398022766833],
      [0.93197618762239298],
      [0.78521723803515875],
      [0.73773177182386573],
      [0.89118085778727152],
      [0.5049069567358202],
      [0.5080736982676185],
      [0.088512732882956052],
      [0.48443562105512805],
      [0.86983961046895331],
      [0.80755608298767245],
      [1.450176088469576],
      [1.0346529653561345],
      [0.69660304017110608],
      [1.0285159408319962],
      [1.552696074592123],
      [2.1521028258488948],
      [1.9161942112774837],
      [2.2712845542861815],
      [2.1919960932170452],
      [2.1226905460329206],
      [2.4406557818849923],
      [2.6183708448614311],
      [2.0598357662249329],
      [2.6731812827641703],
      [3.1007533867755073],
      [2.7883764768811883],
      [2.9250360238469169],
      [3.0811183156526294],
      [3.144870220036966],
      [2.9594656945175233],
      [2.819968140027167],
      [2.9577522565598335],
      [3.4660417297991382],
      [3.649906652081516],
      [3.5156019846240305],
      [3.8155493235866058],
      [2.8980449666398158],
      [3.5617988119381296],
      [3.132724958788744],
      [3.3013932594206938],
      [3.206600977826537],
      [3.1133793085821515],
      [3.8615932605652623],
      [3.8941409502777877],
      [4.2060687774607644],
      [4.3277778093418009],
      [4.6093983987213107],
      [4.7077218259744829],
      [4.3711884938730527]
    ],
    "base_value": [-1.1352491587993803],
    "mean_abs_shap": [2.4357729638307473]
  },
  "permutation_importance": {
    "variable_names": ["y"],
    "importance": [0.95839082412524967],
    "baseline_score": [0.97241597312448924],
    "n_permutations": [10],
    "seed": [42]
  }
}
