{
  "test": "ols",
  "method": "lm",
  "dataset": "ToothGrowth",
  "formula": "len ~ supp + dose",
  "n": 60,
  "k": 2,
  "df_residual": 57,
  "variable_names": ["Intercept", "supp", "dose"],
  "coefficients": [12.972499999999979, -3.69999999999999, 9.7635714285714243],
  "std_errors": [2.0090797537098699, 1.0936044998101524, 0.87683429034083094],
  "t_stats": [6.4569363043182255, -3.3833072199705678, 11.135024640489668],
  "p_values": [2.5412733857451689e-08, 0.0013006624739975181, 6.3135190453198396e-16],
  "r_squared": 0.70379692047036346,
  "adj_r_squared": 0.69340382996055161,
  "f_statistic": 67.71777074450857,
  "f_p_value": 8.7157091441647467e-16,
  "mse": 17.939562030075205,
  "std_error": 4.2355120151022128,
  "conf_int_lower": [8.9493871882350824, -5.8899052369950393, 8.007741048641968],
  "conf_int_upper": [16.995612811764875, -1.5100947630049411, 11.519401808500881],
  "residuals": [-6.2542857142858086, 1.0457142857143047, -3.1542857142856899, -4.6542857142857148, -4.0542857142857152, -0.45428571428571551, 0.74571428571428378, 0.74571428571428378, -5.2542857142857162, -3.4542857142857155, 1.1639285714285703, 1.1639285714285703, -0.13607142857143051, 1.9639285714285706, 7.1639285714285696, 1.9639285714285706, -1.73607142857143, -0.8360714285714298, 3.4639285714285704, 0.1639285714285702, -1.4996428571428579, -6.59964285714286, 8.8003571428571377, 0.40035714285714064, 1.3003571428571392, 7.4003571428571391, 1.6003571428571399, -3.5996428571428591, -1.7996428571428587, 4.40035714285714, 1.0457142857142903, 7.3457142857142905, 3.4457142857142928, -4.4542857142857102, 0.34571428571429097, -4.1542857142857095, -5.9542857142857102, -4.7542857142857091, 2.3457142857142914, -4.4542857142857102, 0.66392857142857542, 4.2639285714285764, 4.5639285714285771, 7.3639285714285734, 0.96392857142857613, 6.163928571428575, 6.7639285714285764, 2.1639285714285759, -4.5360714285714243, 8.2639285714285755, -3.2996428571428549, -2.3996428571428563, -6.3996428571428563, -4.2996428571428549, -3.9996428571428542, 2.1003571428571437, -2.3996428571428563, -1.4996428571428539, 0.60035714285714392, -5.7996428571428549],
  "vif": [
    {
      "variable": "supp",
      "vif": 1,
      "rsquared": 0
    },
    {
      "variable": "dose",
      "vif": 1,
      "rsquared": 0
    }
  ]
}
