{
  "test_name": ["DFFITS (R - stats::dffits)"],
  "dataset": ["ToothGrowth"],
  "formula": ["len ~ supp + dose"],
  "dffits": [-0.36085181146017858, 0.059137343738780358, -0.17920320884707922, -0.26605177109040351, -0.23111761549187204, -0.025679047695331515, 0.042160009233653428, 0.042160009233653428, -0.30129632898471465, -0.19645015206543878, 0.052455733393423847, 0.052455733393423847, -0.0061282923091907065, 0.088622533207369653, 0.33136908861152714, 0.088622533207369653, -0.078306890571486307, -0.037667399773929411, 0.15696134129452022, 0.007382934582229504, -0.094200171745669525, -0.4238162249550067, 0.57591435950052638, 0.025121029153849131, 0.081658192536909438, 0.47817639399041051, 0.10054296954848395, -0.22738922483740512, -0.11310327126723294, 0.27891715109582815, 0.059137343738779539, 0.42724741667336275, 0.1959566280958944, -0.25437475745485005, 0.019541040837052229, -0.23692029503157844, -0.342868217327223, -0.27190310223386294, 0.13295824310100343, -0.25437475745485005, 0.029907959930932079, 0.19382714817987257, 0.2077484412207356, 0.34115008975275712, 0.043432794605847938, 0.28310525427507299, 0.31193996439982258, 0.0976885732495089, -0.20645331841799797, 0.38576323066491408, -0.20821037020418642, -0.15101122337532652, -0.41038966220050216, -0.27240625381401329, -0.25306450193836971, 0.13208359313951243, -0.15101122337532652, -0.094200171745669248, 0.037674275108852837, -0.37043811908881624],
  "n": [60],
  "p": [3],
  "threshold": [0.44721359549995793],
  "influential_observations": [23, 26],
  "description": ["Measures influence of each observation on its fitted value."]
}
