{
  "test_name": ["Cook's Distance (R - stats::cooks.distance)"],
  "dataset": ["ToothGrowth"],
  "formula": ["len ~ supp + dose"],
  "distances": [0.04239632089659473, 0.0011852195822804371, 0.010783873737620124, 0.023478957848413889, 0.017815640414136708, 0.00022368192734652302, 0.00060272285798711829, 0.00060272285798711829, 0.029922653669304102, 0.012932701366472515, 0.00093229883802087548, 0.00093229883802087548, 1.2741963988971784e-05, 0.0026543235566334655, 0.035318721870055893, 0.0026543235566334655, 0.0020741380761075405, 0.00048104892603002526, 0.0082573432971865621, 1.849318835748202e-05, 0.0030036428177451749, 0.058171929395996469, 0.10343635186629951, 0.00021407589215148809, 0.0022583845563061583, 0.07314387403888381, 0.0034206325592646015, 0.017305789937135063, 0.0043255890195834082, 0.025861186875927849, 0.0011852195822804042, 0.058484502619339844, 0.012868598856143618, 0.021504476660697758, 0.00012954104261225907, 0.018705333709668037, 0.038426610365645077, 0.024498714208380717, 0.0059637985044332696, 0.021504476660697758, 0.00030335083977219094, 0.01251187296849729, 0.014334421224149241, 0.037318280031271994, 0.00063942879710132867, 0.026146747896376898, 0.031484768914103997, 0.0032224658750202172, 0.01415996741830435, 0.046997590643475827, 0.014541408390576138, 0.0076906990956201737, 0.054699590660735646, 0.024690925343276503, 0.021365596718215155, 0.005891947877054853, 0.0076906990956201737, 0.0030036428177451571, 0.00048138434690726269, 0.044923656830384857],
  "p": [3],
  "mse": [17.939562030075205],
  "threshold_4_over_n": [0.066666666666666666],
  "threshold_4_over_df": [0.070175438596491224],
  "threshold_1": [1],
  "influential_4_over_n": [23, 26],
  "influential_4_over_df": [23, 26],
  "influential_1": [],
  "max_distance": [0.10343635186629951],
  "max_index": [23],
  "description": ["Measures influence of each observation on regression coefficients. D_i > 1 indicates high influence."]
}
