{
  "test": "polynomial",
  "method": "lm",
  "dataset": "ToothGrowth",
  "formula": "len ~ poly(supp, 3, raw=TRUE)",
  "degree": 3,
  "n": 60,
  "k": 3,
  "df_residual": 58,
  "df_model": 3,
  "variable_names": ["Intercept", "x^1", "x^2", "x^3"],
  "coefficients": [24.363333333333301, -3.6999999999999855],
  "std_errors": [3.0545139638828851, 1.9318442541318448],
  "t_stats": [7.9761734997481355, -1.9152682686952607],
  "p_values": [6.714635705235122e-11, 0.060393371224129702],
  "r_squared": 0.059483646607756513,
  "adj_r_squared": 0.0432678474113386,
  "f_statistic": 3.6682525410709466,
  "f_p_value": 0.017242270761321413,
  "mse": 55.98033333333337,
  "rmse": 7.4820006237191246,
  "mae": 6.092444444444447,
  "residual_std_error": 7.4820006237191246,
  "log_likelihood": -204.86927859932419,
  "aic": 415.73855719864838,
  "bic": 422.02159088531471,
  "conf_int_lower": [18.249059326263161, -7.5670064201412117, "NA", "NA"],
  "conf_int_upper": [30.477607340403441, 0.16700642014124023, "NA", "NA"],
  "fitted_values": [16.963333333333434, 16.963333333333313, 16.963333333333335, 16.963333333333335, 16.963333333333338, 16.963333333333335, 16.963333333333335, 16.963333333333335, 16.963333333333338, 16.963333333333338, 16.963333333333335, 16.963333333333335, 16.963333333333335, 16.963333333333335, 16.963333333333335, 16.963333333333335, 16.963333333333335, 16.963333333333335, 16.963333333333335, 16.963333333333335, 16.963333333333335, 16.963333333333335, 16.963333333333335, 16.963333333333338, 16.963333333333338, 16.963333333333338, 16.963333333333338, 16.963333333333335, 16.963333333333335, 16.963333333333338, 20.663333333333327, 20.663333333333327, 20.663333333333327, 20.663333333333327, 20.663333333333327, 20.663333333333327, 20.663333333333327, 20.663333333333327, 20.663333333333327, 20.663333333333327, 20.663333333333327, 20.663333333333327, 20.663333333333327, 20.663333333333327, 20.663333333333327, 20.663333333333327, 20.663333333333327, 20.663333333333327, 20.663333333333327, 20.663333333333327, 20.663333333333327, 20.663333333333327, 20.663333333333327, 20.663333333333327, 20.663333333333327, 20.663333333333327, 20.663333333333327, 20.663333333333327, 20.663333333333327, 20.663333333333327],
  "residuals": [-12.763333333333435, -5.4633333333333134, -9.6633333333333358, -11.163333333333336, -10.563333333333336, -6.9633333333333356, -5.7633333333333363, -5.7633333333333363, -11.763333333333337, -9.9633333333333365, -0.4633333333333356, -0.4633333333333356, -1.7633333333333363, 0.33666666666666512, 5.5366666666666644, 0.33666666666666512, -3.363333333333336, -2.4633333333333356, 1.8366666666666649, -1.4633333333333356, 6.6366666666666658, 1.5366666666666642, 16.936666666666664, 8.5366666666666635, 9.4366666666666621, 15.536666666666664, 9.7366666666666628, 4.5366666666666644, 6.3366666666666651, 12.536666666666664, -5.4633333333333267, 0.83666666666667378, -3.0633333333333246, -10.963333333333328, -6.163333333333326, -10.663333333333327, -12.463333333333328, -11.263333333333327, -4.163333333333326, -10.963333333333328, -0.96333333333332694, 2.6366666666666747, 2.9366666666666754, 5.7366666666666726, -0.66333333333332622, 4.5366666666666733, 5.1366666666666747, 0.53666666666667306, -6.163333333333326, 6.6366666666666747, 4.836666666666674, 5.7366666666666726, 1.7366666666666724, 3.836666666666674, 4.1366666666666747, 10.236666666666672, 5.7366666666666726, 6.6366666666666747, 8.7366666666666717, 2.336666666666674]
}
