{
  "dataset": "ToothGrowth",
  "alpha": 0.05,
  "n": 60,
  "p": 2,
  "df_residuals": 57,
  "mse": 17.939562030075205,
  "train": {
    "predicted": [10.45428571428571, 10.45428571428571, 10.45428571428571, 10.45428571428571, 10.45428571428571, 10.45428571428571, 10.45428571428571, 10.45428571428571, 10.45428571428571, 10.45428571428571, 15.336071428571422, 15.336071428571422, 15.336071428571422, 15.336071428571422, 15.336071428571422, 15.336071428571422, 15.336071428571422, 15.336071428571422, 15.336071428571422, 15.336071428571422, 25.099642857142847, 25.099642857142847, 25.099642857142847, 25.099642857142847, 25.099642857142847, 25.099642857142847, 25.099642857142847, 25.099642857142847, 25.099642857142847, 25.099642857142847, 14.154285714285701, 14.154285714285701, 14.154285714285701, 14.154285714285701, 14.154285714285701, 14.154285714285701, 14.154285714285701, 14.154285714285701, 14.154285714285701, 14.154285714285701, 19.036071428571411, 19.036071428571411, 19.036071428571411, 19.036071428571411, 19.036071428571411, 19.036071428571411, 19.036071428571411, 19.036071428571411, 19.036071428571411, 19.036071428571411, 28.799642857142835, 28.799642857142835, 28.799642857142835, 28.799642857142835, 28.799642857142835, 28.799642857142835, 28.799642857142835, 28.799642857142835, 28.799642857142835, 28.799642857142835],
    "lower": [1.75352066873182, 1.75352066873182, 1.75352066873182, 1.75352066873182, 1.75352066873182, 1.75352066873182, 1.75352066873182, 1.75352066873182, 1.75352066873182, 1.75352066873182, 6.709440921242328, 6.709440921242328, 6.709440921242328, 6.709440921242328, 6.709440921242328, 6.709440921242328, 6.709440921242328, 6.709440921242328, 6.709440921242328, 6.709440921242328, 16.354698748762097, 16.354698748762097, 16.354698748762097, 16.354698748762097, 16.354698748762097, 16.354698748762097, 16.354698748762097, 16.354698748762097, 16.354698748762097, 16.354698748762097, 5.453520668731812, 5.453520668731812, 5.453520668731812, 5.453520668731812, 5.453520668731812, 5.453520668731812, 5.453520668731812, 5.453520668731812, 5.453520668731812, 5.453520668731812, 10.409440921242318, 10.409440921242318, 10.409440921242318, 10.409440921242318, 10.409440921242318, 10.409440921242318, 10.409440921242318, 10.409440921242318, 10.409440921242318, 10.409440921242318, 20.054698748762085, 20.054698748762085, 20.054698748762085, 20.054698748762085, 20.054698748762085, 20.054698748762085, 20.054698748762085, 20.054698748762085, 20.054698748762085, 20.054698748762085],
    "upper": [19.1550507598396, 19.1550507598396, 19.1550507598396, 19.1550507598396, 19.1550507598396, 19.1550507598396, 19.1550507598396, 19.1550507598396, 19.1550507598396, 19.1550507598396, 23.962701935900519, 23.962701935900519, 23.962701935900519, 23.962701935900519, 23.962701935900519, 23.962701935900519, 23.962701935900519, 23.962701935900519, 23.962701935900519, 23.962701935900519, 33.844586965523597, 33.844586965523597, 33.844586965523597, 33.844586965523597, 33.844586965523597, 33.844586965523597, 33.844586965523597, 33.844586965523597, 33.844586965523597, 33.844586965523597, 22.855050759839589, 22.855050759839589, 22.855050759839589, 22.855050759839589, 22.855050759839589, 22.855050759839589, 22.855050759839589, 22.855050759839589, 22.855050759839589, 22.855050759839589, 27.662701935900504, 27.662701935900504, 27.662701935900504, 27.662701935900504, 27.662701935900504, 27.662701935900504, 27.662701935900504, 27.662701935900504, 27.662701935900504, 27.662701935900504, 37.544586965523585, 37.544586965523585, 37.544586965523585, 37.544586965523585, 37.544586965523585, 37.544586965523585, 37.544586965523585, 37.544586965523585, 37.544586965523585, 37.544586965523585],
    "se_pred": [4.345026280071008, 4.34502628007101, 4.34502628007101, 4.34502628007101, 4.34502628007101, 4.34502628007101, 4.34502628007101, 4.34502628007101, 4.34502628007101, 4.34502628007101, 4.308004648621226, 4.308004648621226, 4.308004648621226, 4.308004648621226, 4.308004648621226, 4.308004648621226, 4.308004648621226, 4.308004648621226, 4.308004648621226, 4.308004648621226, 4.367088614590628, 4.367088614590628, 4.367088614590628, 4.367088614590628, 4.367088614590628, 4.367088614590628, 4.367088614590628, 4.367088614590628, 4.367088614590628, 4.367088614590628, 4.34502628007101, 4.34502628007101, 4.34502628007101, 4.34502628007101, 4.34502628007101, 4.34502628007101, 4.34502628007101, 4.34502628007101, 4.34502628007101, 4.34502628007101, 4.308004648621226, 4.308004648621226, 4.308004648621226, 4.308004648621226, 4.308004648621226, 4.308004648621226, 4.308004648621226, 4.308004648621226, 4.308004648621226, 4.308004648621226, 4.367088614590628, 4.367088614590628, 4.367088614590628, 4.367088614590628, 4.367088614590628, 4.367088614590628, 4.367088614590628, 4.367088614590628, 4.367088614590628, 4.367088614590628],
    "leverage": [0.05238095238095136, 0.05238095238095235, 0.05238095238095242, 0.05238095238095239, 0.05238095238095239, 0.05238095238095239, 0.05238095238095239, 0.05238095238095239, 0.05238095238095239, 0.05238095238095239, 0.03452380952380954, 0.03452380952380954, 0.03452380952380954, 0.03452380952380954, 0.03452380952380954, 0.03452380952380954, 0.03452380952380954, 0.03452380952380954, 0.03452380952380954, 0.03452380952380954, 0.06309523809523811, 0.06309523809523811, 0.06309523809523811, 0.06309523809523811, 0.06309523809523811, 0.06309523809523811, 0.06309523809523811, 0.06309523809523811, 0.06309523809523811, 0.06309523809523811, 0.05238095238095235, 0.05238095238095235, 0.05238095238095235, 0.05238095238095235, 0.05238095238095235, 0.05238095238095235, 0.05238095238095235, 0.05238095238095235, 0.05238095238095235, 0.05238095238095235, 0.03452380952380949, 0.03452380952380949, 0.03452380952380949, 0.03452380952380949, 0.03452380952380949, 0.03452380952380949, 0.03452380952380949, 0.03452380952380949, 0.03452380952380949, 0.03452380952380949, 0.06309523809523807, 0.06309523809523807, 0.06309523809523807, 0.06309523809523807, 0.06309523809523807, 0.06309523809523807, 0.06309523809523807, 0.06309523809523807, 0.06309523809523807, 0.06309523809523807]
  },
  "extrapolation": {
    "new_x": {
      "supp": [2.1, 2.5, 3],
      "dose": [2.15, 2.75, 3.5]
    },
    "predicted": [26.194178571428562, 30.572321428571421, 36.044999999999995],
    "lower": [17.371385700635585, 21.317126103536118, 26.009593486689973],
    "upper": [35.016971442221539, 39.827516753606723, 46.080406513310017],
    "se_pred": [4.40596507163563, 4.621900109234441, 5.011525400724342],
    "leverage": [0.08210714285714277, 0.1907738095238093, 0.3999999999999995]
  }
}
