{
  "test": "polynomial",
  "method": "statsmodels",
  "dataset": "bodyfat",
  "formula": "Density ~ poly(BodyFat, 3, raw=True)",
  "degree": 3,
  "n": 252,
  "k": 3,
  "df_residual": 248,
  "df_model": 3,
  "variable_names": [
    "Intercept",
    "x^1",
    "x^2",
    "x^3"
  ],
  "coefficients": [
    1.0995253784022618,
    -0.002362416079334302,
    3.0108714569840626e-06,
    -2.13238975365097e-09
  ],
  "std_errors": [
    0.0012139155788251184,
    0.00020206990461189272,
    1.00758523658454e-05,
    1.5247540651893528e-07
  ],
  "t_stats": [
    905.767581849828,
    -11.691083260872997,
    0.2988205213476686,
    -0.013985138996079066
  ],
  "p_values": [
    0.0,
    1.929000110876452e-25,
    0.7653272331244583,
    0.9888530811570965
  ],
  "r_squared": 0.9758953471977853,
  "adj_r_squared": 0.9756037586558229,
  "f_statistic": 3346.823371832095,
  "f_p_value": 2.990401255255269e-200,
  "mse": 8.836208505473392e-06,
  "rmse": 0.0029725760722769386,
  "mae": 0.0005207252872271831,
  "residual_std_error": 0.0029725760722769386,
  "log_likelihood": 1110.6617697444026,
  "aic": -2213.323539488805,
  "bic": -2199.2058231387596,
  "conf_int_lower": [
    1.0971344798326506,
    -0.0027604080437884336,
    -1.683428205231593e-05,
    -3.024442382100875e-07
  ],
  "conf_int_upper": [
    1.101916276971873,
    -0.0019644241148801707,
    2.2856024966284055e-05,
    2.9817945870278555e-07
  ],
  "fitted_values": [
    1.0709192072754534,
    1.0852261908332783,
    1.0416489477956623,
    1.0752795083855047,
    1.034153652148836,
    1.051446593817683,
    1.055261824517097,
    1.0706903049482608,
    1.089889938259749,
    1.0722938532046467,
    1.0829032390633857,
    1.0812807024730748,
    1.0516705581915151,
    1.0507750459054828,
    1.0487635060586806,
    1.051446593817683,
    1.0334954481431888,
    1.046979373441168,
    1.0624887699574699,
    1.0613556438860878,
    1.0554867690864738,
    1.064304797194406,
    1.0633963178038393,
    1.0586420651187725,
    1.0670358328196665,
    1.0908255497270327,
    1.0810491485118394,
    1.046979373441168,
    1.0908255497270327,
    1.0789678256258386,
    1.0718354031494222,
    1.0861570350600382,
    1.0720645988231858,
    1.050551311628534,
    1.026288693282854,
    1.0094965059801857,
    1.0440879747742449,
    1.0348123650635692,
    1.020005920089503,
    1.0256365692413603,
    1.0215181497637058,
    1.0249849496181394,
    1.027812279613432,
    1.0269413220880683,
    1.081512315653781,
    1.0672637985872813,
    1.0743597865952326,
    1.0863898948051218,
    1.067948046575399,
    1.0901237515552922,
    1.0757397225503709,
    1.084063972785797,
    1.0808176537572804,
    1.0847611253929226,
    1.090357624556491,
    1.047647993164449,
    1.0525669913768552,
    1.0356914411833047,
    1.0280301593988324,
    1.0432002570717567,
    1.0398794414805002,
    1.0317427228343343,
    1.0297752214964109,
    1.0405425794110408,
    1.026288693282854,
    1.0313051058101697,
    1.0501040155385473,
    1.0674918227939119,
    1.0847611253929226,
    1.0695466725203782,
    1.0438659596988098,
    1.0789678256258386,
    1.07966106763683,
    1.0681762461758442,
    1.0720645988231858,
    1.056837650198456,
    1.0789678256258386,
    1.048540288751251,
    1.0501040155385473,
    1.0561619494880443,
    1.0282480953714455,
    1.0383341097792402,
    1.0570629994524872,
    1.037893097724856,
    1.037893097724856,
    1.0387753489878102,
    1.0649867685557926,
    1.0465339134179328,
    1.0801235246057188,
    1.0668079254782734,
    1.0523427967014298,
    1.0575138715631565,
    1.07966106763683,
    1.0425350680749006,
    1.0785059597641382,
    1.0593196765837618,
    1.077121779352147,
    1.0732114580633483,
    1.058416310553164,
    1.048540288751251,
    1.0507750459054828,
    1.0525669913768552,
    1.0532399210986125,
    1.0483171288209074,
    1.0414275602089924,
    1.057964975229264,
    1.0550369377086366,
    1.0572884065697894,
    1.059545663037461,
    1.0503276348438202,
    1.054137967828069,
    1.0356914411833047,
    1.0487635060586806,
    1.050551311628534,
    1.0385547009828546,
    1.060902800291638,
    1.0532399210986125,
    1.0672637985872813,
    1.0405425794110408,
    1.0577393944453835,
    1.0359113517687886,
    1.0416489477956623,
    1.0654417076640899,
    1.0624887699574699,
    1.0674918227939119,
    1.059093748121277,
    1.0374523127223028,
    1.0593196765837618,
    1.0516705581915151,
    1.0649867685557926,
    1.0577393944453835,
    1.0474250626145056,
    1.0454212652198405,
    1.0398794414805002,
    1.0436440017317796,
    1.0376726768484976,
    1.049433502371429,
    1.0326186338416126,
    1.0480940262548553,
    1.0525669913768552,
    1.0425350680749006,
    1.0572884065697894,
    1.0460886824424456,
    1.0775829367296472,
    1.0755095860181316,
    1.066580076550308,
    1.055261824517097,
    1.0321805654773635,
    1.0870888310972273,
    1.0418703923627939,
    1.0775829367296472,
    1.0543626237208084,
    1.0759699179950168,
    1.0613556438860878,
    1.051222686987263,
    1.059545663037461,
    1.0286841359294863,
    1.0762001723648635,
    1.0704614612519991,
    1.0478709810403004,
    1.0775829367296472,
    1.0656692647168333,
    1.0693181217868575,
    1.064532062691786,
    1.037232005333477,
    1.055261824517097,
    1.049433502371429,
    1.0527912436596645,
    1.0219507174234328,
    1.0613556438860878,
    1.0924651704328485,
    1.097873161742332,
    1.0523427967014298,
    1.0604501890202869,
    1.0416489477956623,
    1.0764304856727058,
    1.0690896296075019,
    1.031523886126291,
    1.0478709810403004,
    1.0604501890202869,
    1.0387753489878102,
    1.0995253784022618,
    1.072752538141837,
    1.0713771878738096,
    1.059093748121277,
    1.079429927853648,
    1.0454212652198405,
    1.0525669913768552,
    1.0523427967014298,
    1.0436440017317796,
    1.0729819687231554,
    1.0137700022204372,
    1.062715569631574,
    1.0429784703531753,
    1.0472021893776768,
    1.0412062295899895,
    1.0489867807559905,
    1.0586420651187725,
    1.084063972785797,
    1.0454212652198405,
    1.0711481682463715,
    1.0487635060586806,
    1.034153652148836,
    1.0854588127025206,
    1.0208697167674976,
    1.0611291930420783,
    1.0249849496181394,
    1.025202100134062,
    1.077121779352147,
    1.0743597865952326,
    1.0829032390633857,
    1.0374523127223028,
    1.0545873373232866,
    1.056387125229029,
    1.0545873373232866,
    0.9938753611505733,
    1.067948046575399,
    1.0819757197247826,
    1.0434221008603601,
    1.06475938647465,
    1.0706903049482608,
    1.040100430562181,
    1.072752538141837,
    1.087321928922862,
    1.074130003268752,
    1.0704614612519991,
    1.0652142089480077,
    1.0418703923627939,
    1.0649867685557926,
    1.0602239704737875,
    1.0748195297679102,
    1.0622620284537008,
    1.0638504410049205,
    1.0385547009828546,
    1.0405425794110408,
    1.0566123587949015,
    1.0427567406918212,
    1.037232005333477,
    1.0706903049482608,
    1.031523886126291,
    1.0602239704737875,
    1.0204377069496788,
    1.0304305482090177,
    1.0256365692413603,
    1.0334954481431888,
    1.064304797194406,
    1.0308677143025158,
    1.0739002787651175,
    1.023466463516767,
    1.0328377527011805,
    1.040100430562181,
    1.027158977252562
  ],