{
  "test": "lasso",
  "method": "sklearn",
  "alpha": 1,
  "n": 252,
  "p": 14,
  "lambda_sequence": [
    3.309508886054425e-05,
    5.37390354731355e-05,
    8.726019578771514e-05,
    0.00014169107617714532,
    0.00023007467364706565,
    0.0003735899033445418,
    0.0006066265950466301,
    0.0009850261544099737,
    0.0015994625570234326,
    0.002597170095297966,
    0.004217224388461395,
    0.006847830865922991,
    0.011119348473984322,
    0.01805533940698934,
    0.029317840147226798,
    0.0476056268743201,
    0.07730090957301851,
    0.12551941888279822,
    0.20381551269837336,
    0.3309508886054422
  ],
  "coefficients": [
    [
      1.0969662955939974,
      -0.0022393193897425807,
      8.341480945399922e-06,
      2.4317422785047458e-05,
      3.4660930772013308e-06,
      0.0,
      3.387537555952778e-05,
      -6.204917471578175e-05,
      2.3857844016418725e-05,
      -4.477499657826592e-05,
      0.0,
      -0.00016952889914392116,
      -0.00011114695363916465,
      -0.0,
      0.00036376188092289153
    ],
    [
      1.0950274154763315,
      -0.00225001454923726,
      2.8013492274774146e-06,
      9.150487999960629e-06,
      1.1774482639707604e-05,
      0.0,
      1.3220150284829056e-05,
      -7.141149600777075e-06,
      0.0,
      -2.0660222952836022e-05,
      0.0,
      -0.00011838451687868418,
      -7.084000400335508e-05,
      0.0,
      0.0003633402556232993
    ],
    [
      1.0938769222802869,
      -0.0022402759119092334,
      1.6275972276462983e-06,
      0.0,
      1.3364334736544533e-05,
      0.0,
      0.0,
      -0.0,
      0.0,
      -0.0,
      0.0,
      -6.567433941410669e-05,
      -2.8144780896633757e-05,
      -0.0,
      0.00032995296250456997
    ],
    [
      1.0956005049565873,
      -0.0022351371728520104,
      0.0,
      0.0,
      5.068151236691455e-07,
      0.0,
      0.0,
      -0.0,
      0.0,
      -0.0,
      0.0,
      -4.131764058309368e-06,
      -0.0,
      -0.0,
      0.00015567161382916124
    ],
    [
      1.0979382873729566,
      -0.0022190592443457053,
      0.0,
      0.0,
      0.0,
      0.0,
      0.0,
      -0.0,
      0.0,
      -0.0,
      0.0,
      -0.0,
      -0.0,
      0.0,
      7.255598778226481e-06
    ],
    [
      1.0977361133059187,
      -0.0022015956388502993,
      0.0,
      -0.0,
      0.0,
      0.0,
      -0.0,
      -0.0,
      -0.0,
      -0.0,
      -0.0,
      -0.0,
      -0.0,
      -0.0,
      0.0
    ],
    [
      1.0972017773541762,
      -0.0021736941345322073,
      0.0,
      -0.0,
      0.0,
      -0.0,
      -0.0,
      -0.0,
      -0.0,
      -0.0,
      -0.0,
      -0.0,
      -0.0,
      -0.0,
      0.0
    ],
    [
      1.0963341350648246,
      -0.0021283883208321162,
      -0.0,
      -0.0,
      0.0,
      -0.0,
      -0.0,
      -0.0,
      -0.0,
      -0.0,
      -0.0,
      -0.0,
      -0.0,
      -0.0,
      -0.0
    ],
    [
      1.0949252776974387,
      -0.002054821794395891,
      -0.0,
      -0.0,
      0.0,
      -0.0,
      -0.0,
      -0.0,
      -0.0,
      -0.0,
      -0.0,
      -0.0,
      -0.0,
      -0.0,
      -0.0
    ],
    [
      1.092637607875443,
      -0.0019353661799858361,
      -0.0,
      -0.0,
      0.0,
      -0.0,
      -0.0,
      -0.0,
      -0.0,
      -0.0,
      -0.0,
      -0.0,
      -0.0,
      -0.0,
      -0.0
    ],
    [
      1.0889229428315423,
      -0.0017413969319412916,
      -0.0,
      -0.0,
      0.0,
      -0.0,
      -0.0,
      -0.0,
      -0.0,
      -0.0,
      -0.0,
      -0.0,
      -0.0,
      -0.0,
      -0.0
    ],
    [
      1.0828911561393788,
      -0.001426434178848634,
      -0.0,
      -0.0,
      0.0,
      -0.0,
      -0.0,
      -0.0,
      -0.0,
      -0.0,
      -0.0,
      -0.0,
      -0.0,
      -0.0,
      -0.0
    ],
    [
      1.0730968812128958,
      -0.000915004986665934,
      0.0,
      -0.0,
      0.0,
      -0.0,
      -0.0,
      -0.0,
      -0.0,
      -0.0,
      -0.0,
      0.0,
      -0.0,
      -0.0,
      -0.0
    ],
    [
      1.0571931654100535,
      -8.455816065759015e-05,
      0.0,
      0.0,
      0.0,
      0.0,
      0.0,
      0.0,
      0.0,
      0.0,
      0.0,
      0.0,
      0.0,
      0.0,
      0.0
    ],
    [
      1.0555738095238094,
      0.0,
      0.0,
      0.0,
      0.0,
      0.0,
      0.0,
      0.0,
      0.0,
      0.0,
      0.0,
      0.0,
      0.0,
      0.0,
      0.0
    ],
    [
      1.0555738095238094,
      0.0,
      0.0,
      0.0,
      0.0,
      0.0,
      0.0,
      0.0,
      0.0,
      0.0,
      0.0,
      0.0,
      0.0,
      0.0,
      0.0
    ],
    [
      1.0555738095238094,
      0.0,
      0.0,
      0.0,
      0.0,
      0.0,
      0.0,
      0.0,
      0.0,
      0.0,
      0.0,
      0.0,
      0.0,
      0.0,
      0.0
    ],
    [
      1.0555738095238094,
      0.0,
      0.0,
      0.0,
      0.0,
      0.0,
      0.0,
      0.0,
      0.0,
      0.0,
      0.0,
      0.0,
      0.0,
      0.0,
      0.0
    ],
    [
      1.0555738095238094,
      0.0,
      0.0,
      0.0,
      0.0,
      0.0,
      0.0,
      0.0,
      0.0,
      0.0,
      0.0,
      0.0,
      0.0,
      0.0,
      0.0
    ],
    [
      1.0555738095238094,
      0.0,
      0.0,
      0.0,
      0.0,
      0.0,
      0.0,
      0.0,
      0.0,
      0.0,
      0.0,
      0.0,
      0.0,
      0.0,
      0.0
    ]
  ],
  "nonzero_counts": [
    11,
    10,
    6,
    4,
    2,
    1,
    1,
    1,
    1,
    1,
    1,
    1,
    1,
    1,
    0,
    0,
    0,
    0,
    0,
    0
  ],
  "degrees_of_freedom": [
    11.0,
    10.0,
    6.0,
    4.0,
    2.0,
    1.0,
    1.0,
    1.0,
    1.0,
    1.0,
    1.0,
    1.0,
    1.0,
    1.0,
    0.0,
    0.0,
    0.0,
    0.0,
    0.0,
    0.0
  ],
  "test_lambdas": [
    3.309508886054425e-05,
    0.004217224388461395,
    0.3309508886054422
  ],
  "test_predictions": [
    [
      1.0700313034287994,
      1.0849640170827763,
      1.0407275076200784,
      1.0756022686206508,
      1.033108919828561
    ],
    [
      1.0675037605686644,
      1.0783004215467005,
      1.0448656004534276,
      1.0708124147393527,
      1.0389448508848271
    ],
    [
      1.0555738095238094,
      1.0555738095238094,
      1.0555738095238094,
      1.0555738095238094,
      1.0555738095238094
    ]
  ],