{
  "test": "ols",
  "method": "statsmodels",
  "dataset": "bodyfat",
  "formula": "Density ~ BodyFat + Age + Weight + Height + Neck + Chest + Abdomen + Hip + Thigh + Knee + Ankle + Biceps + Forearm + Wrist",
  "n": 252,
  "k": 14,
  "df_residual": 237,
  "variable_names": [
    "Intercept",
    "BodyFat",
    "Age",
    "Weight",
    "Height",
    "Neck",
    "Chest",
    "Abdomen",
    "Hip",
    "Thigh",
    "Knee",
    "Ankle",
    "Biceps",
    "Forearm",
    "Wrist"
  ],
  "coefficients": [
    1.0981463302318186,
    -0.0022195424732888926,
    1.7438215283175663e-05,
    4.321120846081765e-05,
    -4.643690700825015e-06,
    3.063769439616386e-05,
    7.018382819614505e-05,
    -0.0001574020342934683,
    9.063356917253518e-05,
    -9.083731848232024e-05,
    -1.4522350828966024e-05,
    -0.0002452485737748072,
    -0.00017239132973348795,
    -1.35475762701176e-05,
    0.00036166344680779033
  ],
  "std_errors": [
    0.011956987816646341,
    4.457272249191046e-05,
    2.241563522707124e-05,
    3.701651113684857e-05,
    6.609007865534604e-05,
    0.0001612228983503506,
    6.818508244684883e-05,
    7.310799432741282e-05,
    0.00010075850717311934,
    9.98216360609464e-05,
    0.0001663933497660774,
    0.00015248519568526243,
    0.00011794969227711593,
    0.00013840228407717049,
    0.00037487303376439727
  ],
  "t_stats": [
    91.84138572952259,
    -49.79598169467255,
    0.7779487445493236,
    1.167349572764098,
    -0.07026305302254904,
    0.1900331448550542,
    1.029313534244888,
    -2.1530071470507886,
    0.8995128224439859,
    -0.9099962900513796,
    -0.08727723102745477,
    -1.6083435029392184,
    -1.4615665916996592,
    -0.09788549633013086,
    0.9647625041898613
  ],
  "p_values": [
    2.89446482805022e-187,
    1.6167249463743905e-127,
    0.4373751500885516,
    0.24424234606231238,
    0.9440435400415048,
    0.8494458213668394,
    0.3043816821563198,
    0.03232775193426938,
    0.36929259682425497,
    0.36374900120753517,
    0.9305248477527183,
    0.1090912516760122,
    0.1451846184665897,
    0.9221059499810443,
    0.3356471598885205
  ],
  "r_squared": 0.9771518478623622,
  "adj_r_squared": 0.9758021679892528,
  "f_statistic": 723.9878635896025,
  "f_p_value": 1.3326212878006274e-185,
  "mse": 8.764345540400837e-06,
  "std_error": 0.0029604637373899442,
  "log_likelihood": 1117.4071343056407,
  "aic": -2204.8142686112815,
  "bic": -2151.8728322986103,
  "conf_int_lower": [
    1.0745907771409227,
    -0.0023073518068070105,
    -2.6721124322602327e-05,
    -2.9712207260144475e-05,
    -0.00013484273250131593,
    -0.00028697528638087786,
    -6.414242137549282e-05,
    -0.0003014265384709182,
    -0.00010786310921092831,
    -0.0002874883382801496,
    -0.00034232124503961455,
    -0.000545648070505858,
    -0.00040475505553911657,
    -0.0002862033989968365,
    -0.00037684543056089325
  ],
  "conf_int_upper": [
    1.1217018833227146,
    -0.0021317331397707746,
    6.159755488895365e-05,
    0.00011613462418177977,
    0.0001255553510996659,
    0.0003482506751732056,
    0.00020451007776778291,
    -1.3377530116018456e-05,
    0.00028913024755599867,
    0.0001058137013155091,
    0.0003132765433816825,
    5.5150922956243725e-05,
    5.9972396072140676e-05,
    0.0002591082464566013,
    0.0011001723241764738
  ],
  "residuals": [
    0.0013801369137236286,
    0.00020831760826789392,
    0.0009245138146551923,
    -0.000933214032488916,
    0.0018915921235196365,
    -0.0015018585046711053,
    -0.0009357937382130643,
    -0.00038358861470788597,
    0.00042535372248009296,
    -0.0003051119734935881,
    -4.597121733040943e-05,
    -0.00013185805313264964,
    -0.0008719234826533029,
    0.0004144484287851302,
    0.0012093824800727404,
    0.0008739165459439313,
    0.0006390424425977148,
    -0.0003064706967681463,
    -0.0002395427063255351,
    2.6706841775192558e-05,
    -0.0003222890961565028,
    -0.000950416694781353,
    -3.629954096928678e-05,
    8.055941110551856e-05,
    -0.00023053231882164127,
    0.0007445651593844804,
    0.001004611058197158,
    0.0003547962882564093,
    0.0007625370330175407,
    8.237398147858954e-05,
    0.001885877390679802,
    0.00030653535121616393,
    -0.0009181639146489395,
    -0.0005069612295360848,
    0.0002403849755632237,
    0.0014356814171447851,
    -0.0006587729675742171,
    -0.00044054167479390394,
    -0.0008668661147097634,
    0.0010174900139232612,
    -0.0008760438643571344,
    0.0005069822789107725,
    0.0010203430461588336,
    0.00022015007807829612,
    0.0007841589481458744,
    -0.0011854095448093904,
    4.015949157665233e-07,
    -0.019676998157249548,
    0.0006688509185617253,
    0.0006561740675863348,
    -0.0005048536558778238,
    -0.00012701413274163187,
    0.0007811934178996172,
    0.0013109438539431473,
    0.00087786197416162,
    -0.0010031725182557683,
    0.0003292730178581227,
    -0.0003751791094306345,
    -0.0004573076922607111,
    0.00016871707643684175,
    -0.0014689814945592072,
    -0.00033709382981661484,
    0.00025621311438173144,
    0.00015262915832403579,
    0.0009799612849379358,
    0.0007075178536870563,
    -0.00037424916454109614,
    -6.393547971650371e-05,
    3.9294930576083686e-07,
    -0.0012746815584268045,
    -0.0004924125903760235,
    0.00035357829146720476,
    -0.0007015703478217006,
    -0.0003766014354040781,
    0.00015237866294803837,
    0.008645180007003095,
    -0.0003476745467103637,
    -0.0016817091836522913,
    -0.0007528850680009747,
    -0.0005527230394259952,
    7.308923641091702e-05,
    -0.000494931592528447,
    -0.0005792647092219827,
    -0.00046377610951764403,
    8.89492613453946e-05,
    0.0019239684433840498,
    -0.0006583939380695458,
    -0.0006206573225020495,
    -0.0005441163685466766,
    -0.0009063292810356227,
    -0.0007642842460524601,
    -0.000872350523234644,
    -0.0008889462273600213,
    -0.0005027895304250407,
    -0.00046570544611546083,
    0.03659649925478625,
    -0.0004266332167324194,
    0.00011096894446205319,
    0.00013071297878397559,
    -0.0012270172698687354,
    -0.0019053447556109937,
    -0.000541139298984028,
    -0.00036753220841623246,
    -0.0015461536951728583,
    -0.00017659733711195003,
    8.177175093804223e-05,
    -0.00045415249736735497,
    -0.0012014061762175565,
    -0.0020202696219810967,
    0.00017197704421745286,
    0.00015116528890346537,
    0.0016469499839619761,
    0.0005160978381084647,
    0.00027437188779644295,
    -0.0002765726561446691,
    -3.1807013038953613e-06,
    -0.001048732886165693,
    -0.0007273039815838267,
    0.00018088749800160286,
    -0.0013936167897634633,
    -0.0011637662944059546,
    -5.352092491217597e-05,
    9.771222041488059e-05,
    0.00031657395170592295,
    0.0004097314819933029,
    0.00015410542016902617,
    0.00040192817466211395,
    -0.0011756327454790494,
    -0.0008440255027886145,
    -0.000302200447195089,
    -0.0007049696505754266,
    0.00040352830533385564,
    -0.00028703471431890115,
    0.00031240646767516367,
    -0.0003868640121660327,
    -9.742964717518454e-05,
    0.00021195819832886542,
    0.0015519644265449273,
    -7.054188260702254e-05,
    0.00047948775909456565,
    -0.00038038985432109484,
    0.00014888765843079632,
    -0.0008011341078577594,
    -0.0004460299061119777,
    -0.00099370300758439,
    0.000544776737497088,
    0.0007890126643705919,
    0.0002013919142487275,
    4.9191926462466284e-05,
    -0.0003599515234109507,
    -0.0001631061879303619,
    -0.0006345485494467784,
    -0.00033092199067463746,
    0.000519473702900175,
    0.00017245774886887055,
    -0.0006179995482795686,
    0.001606583477754553,
    0.00037893954538725794,
    -9.335903137430712e-05,
    -5.103783012239127e-05,
    -0.00021081223589369813,
    -0.0009075657493380351,
    -0.00039862339776242095,
    0.0006429965343646149,
    -0.0007314181266264708,
    -0.001083953327689402,
    -0.000506258281048444,
