{
  "test": "polynomial",
  "method": "statsmodels",
  "dataset": "bodyfat",
  "formula": "Density ~ poly(BodyFat, 2, raw=True)",
  "degree": 2,
  "n": 252,
  "k": 2,
  "df_residual": 249,
  "df_model": 2,
  "variable_names": [
    "Intercept",
    "x^1",
    "x^2"
  ],
  "coefficients": [
    1.0995128684562947,
    -0.002359859534489036,
    2.8730653986690897e-06
  ],
  "std_errors": [
    0.0008189787300913918,
    8.593617869464666e-05,
    2.099676824950145e-06
  ],
  "t_stats": [
    1342.5414214769623,
    -27.46060588607534,
    1.3683369576350437
  ],
  "p_values": [
    0.0,
    2.66115927096371e-77,
    0.17244001523812005
  ],
  "r_squared": 0.9758953281877573,
  "adj_r_squared": 0.9757017163659721,
  "f_statistic": 5040.473867711676,
  "f_p_value": 3.7290847199015677e-202,
  "mse": 8.800728664977246e-06,
  "rmse": 0.0029666022087528427,
  "mae": 0.0005211576115065786,
  "residual_std_error": 0.0029666022087528427,
  "log_likelihood": 1110.6616703750979,
  "aic": -2215.3233407501957,
  "bic": -2204.7350534876614,
  "conf_int_lower": [
    1.0978998596535665,
    -0.002529114006692272,
    -1.2623255182002549e-06
  ],
  "conf_int_upper": [
    1.101125877259023,
    -0.0021906050622858,
    7.008456315538434e-06
  ],
  "fitted_values": [
    1.0709212622462443,
    1.0852246320593961,
    1.0416474426647562,
    1.0752810800511288,
    1.034151415054689,
    1.0514467878822664,
    1.0552626922226707,
    1.07069237276433,
    1.0898857405942413,
    1.0722958058251968,
    1.0829026969881694,
    1.0812807613861353,
    1.051670793153003,
    1.050775116837905,
    1.0487632066154509,
    1.0514467878822664,
    1.0334931899563935,
    1.0469787493422118,
    1.0624906206465292,
    1.0613573781920134,
    1.0554876743356427,
    1.0643067965617699,
    1.0633982489136857,
    1.0586434573545878,
    1.0670379557915872,
    1.090820720443993,
    1.0810492861453622,
    1.0469787493422118,
    1.090820720443993,
    1.078968594737264,
    1.0718373947869808,
    1.0861550150045098,
    1.0720665715754347,
    1.0505513414124004,
    1.0262868458920762,
    1.0095024190149982,
    1.0440868497417366,
    1.0348101573047566,
    1.0200056557938475,
    1.0256348266150417,
    1.0215173806071889,
    1.0249833244897788,
    1.0278102353509362,
    1.0269393823208828,
    1.0815122940882163,
    1.067265925892574,
    1.0743614998319138,
    1.0863877543940583,
    1.0679501809633816,
    1.0901193993647174,
    1.075741214928584,
    1.0840629462574332,
    1.0808178683658973,
    1.0847597853546869,
    1.0903531155965012,
    1.0476474898598667,
    1.0525673888490286,
    1.0356892847631582,
    1.0280280922617195,
    1.043198988164523,
    1.0398776954863582,
    1.0317404513251556,
    1.0297730161550729,
    1.0405409197184476,
    1.0262868458920762,
    1.0313028412804257,
    1.0501039629453153,
    1.0674939534548686,
    1.0847597853546869,
    1.0695487872743785,
    1.0438647981554714,
    1.078968594737264,
    1.0796616413881917,
    1.0681783809096002,
    1.0720665715754347,
    1.0568387737009421,
    1.078968594737264,
    1.0485399483417182,
    1.0501039629453153,
    1.0561629654424063,
    1.0282460066338108,
    1.0383321834239287,
    1.05706415804307,
    1.0378911257007206,
    1.0378911257007206,
    1.0387734709923686,
    1.0649888106415666,
    1.046533209636982,
    1.08012395979535,
    1.0668100431519085,
    1.0523431537330603,
    1.0575150991112494,
    1.0796616413881917,
    1.0425336953253466,
    1.0785068509431854,
    1.0593211618362866,
    1.0771229986323412,
    1.0732133174373246,
    1.0584176707833042,
    1.0485399483417182,
    1.050775116837905,
    1.0525673888490286,
    1.0532404389647814,
    1.0483167475292934,
    1.0414260231528785,
    1.0579662700246608,
    1.0550377675710065,
    1.0572895998465057,
    1.0595471782528019,
    1.0503276234482037,
    1.0541386435774303,
    1.0356892847631582,
    1.0487632066154509,
    1.0505513414124004,
    1.0385527984774947,
    1.0609044834393626,
    1.0532404389647814,
    1.067265925892574,
    1.0405409197184476,
    1.057740655837301,
    1.0359092102810286,
    1.0416474426647562,
    1.065443774001304,
    1.0624906206465292,
    1.0674939534548686,
    1.059095202881079,
    1.0374502978227442,
    1.0593211618362866,
    1.051670793153003,
    1.0649888106415666,
    1.057740655837301,
    1.0474245188926739,
    1.0454203659467962,
    1.0398776954863582,
    1.043642804030514,
    1.0376706830310782,
    1.0494333262044973,
    1.0326163609503107,
    1.0480936041781765,
    1.0525673888490286,
    1.0425336953253466,
    1.0572895998465057,
    1.0460878997769836,
    1.0775840528907243,
    1.0755111187592024,
    1.066582187973538,
    1.0552626922226707,
    1.0321782912151172,
    1.0870863173305514,
    1.0418689196379418,
    1.0775840528907243,
    1.0543633383838624,
    1.0759713685592738,
    1.0613573781920134,
    1.051222840072838,
    1.0595471782528019,
    1.0286820077619172,
    1.0762015796512714,
    1.0704635407437237,
    1.0478705182883674,
    1.0775840528907243,
    1.0656713418731352,
    1.0693202425603123,
    1.0645340771270608,
    1.0372299700757182,
    1.0552626922226707,
    1.0494333262044973,
    1.0527916814263047,
    1.021949819134201,
    1.0613573781920134,
    1.0924591474414156,
    1.0978623745841978,
    1.0523431537330603,
    1.0604518185319438,
    1.0416474426647562,
    1.076431848204577,
    1.0690917553075538,
    1.0315216175721367,
    1.0478705182883674,
    1.0604518185319438,
    1.0387734709923686,
    1.0995128684562947,
    1.0727544467086447,
    1.0713792135939963,
    1.059095202881079,
    1.0794305683765746,
    1.0454203659467962,
    1.0525673888490286,
    1.0523431537330603,
    1.043642804030514,
    1.0729838533423306,
    1.0137727906556244,
    1.0627174415213567,
    1.0429771664234895,
    1.0472016053867887,
    1.041204661102309,
    1.0489865223504917,
    1.0586434573545878,
    1.0840629462574332,
    1.0454203659467962,
    1.0711502091894662,
    1.0487632066154509,
    1.034151415054689,
    1.0854571416037126,
    1.0208691537764805,
    1.061130902085034,
    1.0249833244897788,
    1.0252004344035586,
    1.0771229986323412,
    1.0743614998319138,
    1.0829026969881694,
    1.0374502978227442,
    1.0545880906516023,
    1.0563881774006103,
    1.0545880906516023,
    0.9939018943738126,
    1.0679501809633816,
    1.081975531876302,
    1.0434208673668643,
    1.0647614151536597,
    1.07069237276433,
    1.04009871276908,
    1.0727544467086447,
    1.0873192865653316,
    1.07413174843038,
    1.0704635407437237,
    1.0652162635907814,
    1.0418689196379418,
    1.0649888106415666,
    1.0602255722701965,
    1.0748211750189054,
    1.06226385723301,
    1.063852407815112,
    1.0385527984774947,
    1.0405409197184476,
    1.056613446820122,
    1.0427554021437642,
    1.0372299700757182,
    1.07069237276433,
    1.0315216175721367,
    1.0602255722701965,
    1.020437289862548,
    1.0304283107266619,
    1.0256348266150417,
    1.0334931899563935,
    1.0643067965617699,
    1.030865461080928,
    1.0739020544901543,
    1.0234651640099444,
    1.0328354820098693,
    1.04009871276908,
    1.0271570093864342
  ],