{
  "test": "wls",
  "method": "statsmodels",
  "dataset": "bodyfat",
  "formula": "Density ~ BodyFat + Age + Weight + Height + Neck + Chest + Abdomen + Hip + Thigh + Knee + Ankle + Biceps + Forearm + Wrist",
  "n": 252,
  "k": 14,
  "df_residual": 237,
  "df_model": 14,
  "variable_names": [
    "Intercept",
    "BodyFat",
    "Age",
    "Weight",
    "Height",
    "Neck",
    "Chest",
    "Abdomen",
    "Hip",
    "Thigh",
    "Knee",
    "Ankle",
    "Biceps",
    "Forearm",
    "Wrist"
  ],
  "coefficients": [
    1.0981463302318186,
    -0.0022195424732888926,
    1.7438215283175663e-05,
    4.321120846081765e-05,
    -4.643690700825015e-06,
    3.063769439616386e-05,
    7.018382819614505e-05,
    -0.0001574020342934683,
    9.063356917253518e-05,
    -9.083731848232024e-05,
    -1.4522350828966024e-05,
    -0.0002452485737748072,
    -0.00017239132973348795,
    -1.35475762701176e-05,
    0.00036166344680779033
  ],
  "std_errors": [
    0.011956987816646341,
    4.457272249191046e-05,
    2.241563522707124e-05,
    3.701651113684857e-05,
    6.609007865534604e-05,
    0.0001612228983503506,
    6.818508244684883e-05,
    7.310799432741282e-05,
    0.00010075850717311934,
    9.98216360609464e-05,
    0.0001663933497660774,
    0.00015248519568526243,
    0.00011794969227711593,
    0.00013840228407717049,
    0.00037487303376439727
  ],
  "t_stats": [
    91.84138572952259,
    -49.79598169467255,
    0.7779487445493236,
    1.167349572764098,
    -0.07026305302254904,
    0.1900331448550542,
    1.029313534244888,
    -2.1530071470507886,
    0.8995128224439859,
    -0.9099962900513796,
    -0.08727723102745477,
    -1.6083435029392184,
    -1.4615665916996592,
    -0.09788549633013086,
    0.9647625041898613
  ],
  "p_values": [
    2.89446482805022e-187,
    1.6167249463743905e-127,
    0.4373751500885516,
    0.24424234606231238,
    0.9440435400415048,
    0.8494458213668394,
    0.3043816821563198,
    0.03232775193426938,
    0.36929259682425497,
    0.36374900120753517,
    0.9305248477527183,
    0.1090912516760122,
    0.1451846184665897,
    0.9221059499810443,
    0.3356471598885205
  ],
  "r_squared": 0.9771518478623622,
  "adj_r_squared": 0.9758021679892528,
  "f_statistic": 723.9878635896025,
  "f_p_value": 1.3326212878006274e-185,
  "mse": 8.764345540400837e-06,
  "rmse": 0.0029604637373899442,
  "mae": 0.0009263560093618802,
  "residual_std_error": 0.002960463737389944,
  "log_likelihood": 1117.4071343056407,
  "aic": -2204.8142686112815,
  "bic": -2151.8728322986103,
  "conf_int_lower": [
    1.0745907771409227,
    -0.0023073518068070105,
    -2.6721124322602327e-05,
    -2.9712207260144475e-05,
    -0.00013484273250131593,
    -0.00028697528638087786,
    -6.414242137549282e-05,
    -0.0003014265384709182,
    -0.00010786310921092831,
    -0.0002874883382801496,
    -0.00034232124503961455,
    -0.000545648070505858,
    -0.00040475505553911657,
    -0.0002862033989968365,
    -0.00037684543056089325
  ],
  "conf_int_upper": [
    1.1217018833227146,
    -0.0021317331397707746,
    6.159755488895365e-05,
    0.00011613462418177977,
    0.0001255553510996659,
    0.0003482506751732056,
    0.00020451007776778291,
    -1.3377530116018456e-05,
    0.00028913024755599867,
    0.0001058137013155091,
    0.0003132765433816825,
    5.5150922956243725e-05,
    5.9972396072140676e-05,
    0.0002591082464566013,
    0.0011001723241764738
  ],
  "fitted_values": [
    1.0694198630862763,
    1.085091682391732,
    1.040475486185345,
    1.0760332140324889,
    1.0321084078764804,
    1.0517018585046711,
    1.055835793738213,
    1.070783588614708,
    1.08957464627752,
    1.0725051119734936,
    1.0830459712173304,
    1.0813318580531326,
    1.0521719234826532,
    1.0500855515712149,
    1.0471906175199273,
    1.050326083454056,
    1.0326609575574024,
    1.047106470696768,
    1.0624395427063256,
    1.0609732931582248,
    1.0554222890961564,
    1.0649504166947814,
    1.0631362995409692,
    1.0583194405888945,
    1.0670305323188216,
    1.0903554348406155,
    1.0800953889418028,
    1.0464452037117435,
    1.0902374629669824,
    1.0789176260185214,
    1.0697141226093203,
    1.085893464648784,
    1.072818163914649,
    1.050706961229536,
    1.0260596150244368,
    1.0086643185828552,
    1.0444587729675743,
    1.0350405416747939,
    1.0210668661147098,
    1.0247825099860768,
    1.0225760438643572,
    1.0244930177210891,
    1.0268796569538412,
    1.0266798499219216,
    1.080615841051854,
    1.0681854095448093,
    1.0741995984050843,
    1.0861769981572496,
    1.0671311490814384,
    1.0896438259324137,
    1.0761048536558777,
    1.0841270141327417,
    1.0799188065821004,
    1.0834890561460568,
    1.0897221380258384,
    1.0483031725182557,
    1.0520707269821419,
    1.0359751791094307,
    1.0284573076922607,
    1.042831282923563,
    1.0410689814945593,
    1.0320370938298167,
    1.0295437868856183,
    1.040147370841676,
    1.025420038715062,
    1.030592482146313,
    1.0502742491645412,
    1.0673639354797164,
    1.0846996070506942,
    1.0705746815584267,
    1.044392412590376,
    1.0784464217085328,
    1.0803015703478216,
    1.0683766014354041,
    1.071847621337052,
    1.057954819992997,
    1.0793476745467103,
    1.0499817091836523,
    1.050552885068001,
    1.056552723039426,
    1.028226910763589,
    1.0386949315925285,
    1.057379264709222,
    1.0381637761095177,
    1.0377110507386547,
    1.036676031556616,
    1.0654583939380695,
    1.046820657322502,
    1.0805441163685467,
    1.0675063292810356,
    1.0527642842460525,
    1.0581723505232346,
    1.08038894622736,
    1.042902789530425,
    1.0789657054461155,
    1.0625035007452137,
    1.0774266332167324,
    1.072889031055538,
    1.058069287021216,
    1.0496270172698687,
    1.052505344755611,
    1.052941139298984,
    1.0533675322084162,
    1.049546153695173,
    1.0413765973371119,
    1.057718228249062,
    1.0551541524973673,
    1.0581014061762175,
    1.061320269621981,
    1.0498280229557826,
    1.0536488347110966,
    1.033853050016038,
    1.0480839021618915,
    1.0500256281122036,
    1.0386765726561447,
    1.0607031807013039,
    1.0539487328861656,
    1.0678273039815838,
    1.0402191125019984,
    1.0588936167897636,
    1.036963766294406,
    1.0414535209249123,
    1.065102287779585,
    1.061983426048294,
    1.0669902685180066,
    1.058545894579831,
    1.036898071825338,
    1.060175632745479,
    1.0523440255027887,
    1.065102200447195,
    1.0582049696505755,
    1.046796471694666,
    1.0454870347143188,
    1.039487593532325,
    1.0438868640121661,
    1.0374974296471753,
    1.048888041801671,
    1.030948035573455,
    1.048170541882607,
    1.0517205122409055,
    1.042580389854321,
    1.0569511123415691,
    1.0467011341078578,
    1.0779460299061119,
    1.0763937030075843,
    1.065855223262503,
    1.0542109873356293,
    1.0319986080857513,
    1.0872508080735375,
    1.041959951523411,
    1.0777631061879303,
    1.0548345485494468,
    1.0761309219906747,
    1.0604805262970998,
    1.050827542251131,
    1.0600179995482795,
    1.0270934165222454,
    1.0757210604546128,
    1.0704933590313743,
    1.0477510378301225,
    1.0777108122358936,
    1.066207565749338,
    1.0693986233977624,
    1.0637570034656354,
    1.0377314181266264,
    1.0559839533276894,
    1.0497062582810484,
    1.0538024087485849,
    1.0202787312514126,
    1.0605030044216115,
    1.0913614881463447,
    1.0970695834585862,
    1.0529304711044363,
    1.0607358832423481,
    1.0427860640310538,
    1.0761410085359133,
    1.0680011407637346,
    1.0324208133767305,
    1.0472834550450332,
    1.0603723534457505,
    1.0388671463089554,
    1.0981607952114192,
    1.0718759846317483,
    1.0705074101624448,
    1.0592082737655022,
    1.0790563503078636,
    1.0459623178314252,
    1.0530408123384234,
    1.0521429529838313,
    1.0429660014449869,
    1.0732522374887297,
    1.0134210178686132,
