{
  "test": "polynomial",
  "method": "statsmodels",
  "dataset": "cars_stopping",
  "formula": "speed ~ poly(dist, 3, raw=True)",
  "degree": 3,
  "n": 50,
  "k": 3,
  "df_residual": 46,
  "df_model": 3,
  "variable_names": [
    "Intercept",
    "x^1",
    "x^2",
    "x^3"
  ],
  "coefficients": [
    3.477604633760571,
    0.4735624826985046,
    -0.00464372587645868,
    1.7975151200204683e-05
  ],
  "std_errors": [
    1.8085803754147345,
    0.1240569408935976,
    0.002428046661540043,
    1.3721017262375267e-05
  ],
  "t_stats": [
    1.9228366519033495,
    3.8172993730731632,
    -1.9125356814655667,
    1.3100450831364217
  ],
  "p_values": [
    0.060704524713819825,
    0.0004015549053354037,
    0.06204578803995097,
    0.196685139455922
  ],
  "r_squared": 0.7205639338868854,
  "adj_r_squared": 0.7023398426186388,
  "f_statistic": 39.53908720498924,
  "f_p_value": 8.651670021243166e-13,
  "mse": 8.322335012499282,
  "rmse": 2.8848457519422563,
  "mae": 2.280292214901733,
  "residual_std_error": 2.8848457519422563,
  "log_likelihood": -121.83595808672986,
  "aic": 251.67191617345972,
  "bic": 259.3200081951723,
  "conf_int_lower": [
    -0.16287884420379672,
    0.22384881235837423,
    -0.009531130315443646,
    -9.643824059928004e-06
  ],
  "conf_int_upper": [
    7.118088111724939,
    0.7232761530386349,
    0.00024367856252628488,
    4.559412646033737e-05
  ],
  "fitted_values": [
    4.406298496861347,
    7.766832024299955,
    5.298705360208064,
    11.83981533890145,
    9.93943675187926,
    7.766832024299955,
    10.601993220160637,
    12.967001748930421,
    14.917077275096338,
    10.274441979185196,
    13.491263581321988,
    9.246632934647096,
    11.235165146748828,
    12.416806603876111,
    13.491263581321988,
    12.967001748930421,
    14.917077275096338,
    14.917077275096338,
    17.184984200528337,
    12.967001748930421,
    15.346233929413037,
    19.056573099663808,
    20.846035054810184,
    11.235165146748828,
    12.967001748930421,
    18.339313252315335,
    14.465438537147337,
    16.14055221617997,
    14.465438537147337,
    16.14055221617997,
    17.793307977564687,
    16.507439463145417,
    18.591103469477552,
    20.536852629682635,
    21.14466741310863,
    15.346233929413037,
    17.184984200528337,
    19.85922774669671,
    14.465438537147337,
    17.49736730546103,
    18.073669024096915,
    18.591103469477552,
    19.476980372716564,
    19.67244264346191,
    18.339313252315335,
    20.038198489678567,
    21.73789176146171,
    21.813769113173407,
    24.49651121052981,
    21.2184859365452
  ],
  "residuals": [
    -0.4062984968613472,
    -3.766832024299955,
    1.7012946397919357,
    -4.839815338901451,
    -1.93943675187926,
    1.233167975700045,
    -0.6019932201606366,
    -2.9670017489304215,
    -4.917077275096338,
    0.7255580208148036,
    -2.491263581321988,
    2.7533670653529043,
    0.7648348532511715,
    -0.4168066038761111,
    -1.4912635813219879,
    0.032998251069578544,
    -1.9170772750963376,
    -1.9170772750963376,
    -4.184984200528337,
    1.0329982510695785,
    -1.346233929413037,
    -5.056573099663808,
    -6.846035054810184,
    3.7648348532511715,
    2.0329982510695785,
    -3.3393132523153355,
    1.534561462852663,
    -0.1405522161799695,
    2.534561462852663,
    0.8594477838200305,
    -0.7933079775646874,
    1.4925605368545831,
    -0.5911034694775523,
    -2.5368526296826346,
    -3.1446674131086283,
    3.653766070586963,
    1.815015799471663,
    -0.8592277466967104,
    5.534561462852663,
    2.5026326945389705,
    1.9263309759030847,
    1.4088965305224477,
    0.5230196272834355,
    2.3275573565380903,
    4.6606867476846645,
    3.9618015103214326,
    2.262108238538289,
    2.1862308868265927,
    -0.4965112105298104,
    3.7815140634548
  ]
}