{
  "test": "polynomial",
  "method": "statsmodels",
  "dataset": "cars_stopping",
  "formula": "speed ~ poly(dist, 2, raw=True)",
  "degree": 2,
  "n": 50,
  "k": 2,
  "df_residual": 47,
  "df_model": 2,
  "variable_names": [
    "Intercept",
    "x^1",
    "x^2"
  ],
  "coefficients": [
    5.143960960423524,
    0.32745443680504177,
    -0.0015283670745714767
  ],
  "std_errors": [
    1.295457307935856,
    0.054739176898886834,
    0.0004938906955905247
  ],
  "t_stats": [
    3.9707684142982385,
    5.982085507239347,
    -3.094545186246263
  ],
  "p_values": [
    0.00024424113427851444,
    2.864992848094943e-07,
    0.0033159217281500167
  ],
  "r_squared": 0.7101384286693837,
  "adj_r_squared": 0.6978038937191446,
  "f_statistic": 57.57318225083341,
  "f_p_value": 2.298688330404525e-13,
  "mse": 8.449156440913708,
  "rmse": 2.906743270554472,
  "mae": 2.305921486038683,
  "residual_std_error": 2.906743270554472,
  "log_likelihood": -122.75170673998447,
  "aic": 251.50341347996894,
  "bic": 257.2394824962534,
  "conf_int_lower": [
    2.537837010241666,
    0.21733341694933067,
    -0.00252194699624511
  ],
  "conf_int_upper": [
    7.7500849106053815,
    0.43757545666075287,
    -0.0005347871528978434
  ],
  "fitted_values": [
    5.792756365735322,
    8.265668621016793,
    6.429324834450547,
    11.608228906041848,
    9.991969978213895,
    8.265668621016793,
    10.542949890753118,
    12.624600174944293,
    14.510619473590314,
    10.268988301558078,
    13.114445404500655,
    9.4287631290781,
    11.081702866695768,
    12.122528008791356,
    13.114445404500655,
    12.624600174944293,
    14.510619473590314,
    14.510619473590314,
    16.9728403236622,
    12.624600174944293,
    14.951556956760394,
    19.289105700268717,
    21.558766627569415,
    11.081702866695768,
    12.624600174944293,
    18.369782158445354,
    14.057455053823668,
    15.796751113310833,
    14.057455053823668,
    15.796751113310833,
    17.695765114246917,
    16.201007786691196,
    18.68845027564971,
    21.202649934881848,
    21.865975573870692,
    14.951556956760394,
    16.9728403236622,
    20.343693310347856,
    14.057455053823668,
    17.340416187252846,
    18.038887104644424,
    18.68845027564971,
    19.84085337850143,
    20.09838681272293,
    18.369782158445354,
    20.576772871376214,
    22.333670227314386,
    22.378376755323703,
    22.43000750319927,
    21.935135975073155
  ],
  "residuals": [
    -1.7927563657353218,
    -4.265668621016793,
    0.5706751655494529,
    -4.608228906041848,
    -1.9919699782138949,
    0.7343313789832067,
    -0.5429498907531176,
    -2.624600174944293,
    -4.510619473590314,
    0.7310116984419217,
    -2.114445404500655,
    2.5712368709219007,
    0.9182971333042325,
    -0.12252800879135606,
    -1.114445404500655,
    0.3753998250557071,
    -1.5106194735903138,
    -1.5106194735903138,
    -3.9728403236622007,
    1.3753998250557071,
    -0.9515569567603936,
    -5.289105700268717,
    -7.558766627569415,
    3.9182971333042325,
    2.375399825055707,
    -3.3697821584453536,
    1.9425449461763318,
    0.20324888668916685,
    2.9425449461763318,
    1.2032488866891669,
    -0.6957651142469174,
    1.7989922133088037,
    -0.6884502756497106,
    -3.2026499348818476,
    -3.865975573870692,
    4.048443043239606,
    2.0271596763377993,
    -1.3436933103478559,
    5.942544946176332,
    2.6595838127471545,
    1.9611128953555763,
    1.3115497243502894,
    0.1591466214985715,
    1.9016131872770714,
    4.630217841554646,
    3.423227128623786,
    1.6663297726856143,
    1.6216232446762966,
    1.5699924968007295,
    3.0648640249268446
  ]
}