{
  "test": "ols",
  "method": "statsmodels",
  "dataset": "cars_stopping",
  "formula": "speed ~ dist",
  "n": 50,
  "k": 1,
  "df_residual": 48,
  "variable_names": [
    "Intercept",
    "dist"
  ],
  "coefficients": [
    8.283905641787175,
    0.16556757464431898
  ],
  "std_errors": [
    0.8743844938951528,
    0.017494479053131277
  ],
  "t_stats": [
    9.473985071355228,
    9.463989990298375
  ],
  "p_values": [
    1.4409744023742983e-12,
    1.4898364962950597e-12
  ],
  "r_squared": 0.6510793807582509,
  "adj_r_squared": 0.6438102011907145,
  "f_statistic": 89.56710653646775,
  "f_p_value": 1.4898364962950795e-12,
  "mse": 9.958776007524923,
  "std_error": 3.1557528432253568,
  "log_likelihood": -127.38773112807881,
  "aic": 258.77546225615765,
  "bic": 262.5995082670139,
  "conf_int_lower": [
    6.525837786833908,
    0.13039256699356416
  ],
  "conf_int_upper": [
    10.041973496740443,
    0.2007425822950738
  ],
  "residuals": [
    -4.615040791075813,
    -5.939581388230366,
    -1.9461759403644514,
    -4.926392283962192,
    -2.93298683609628,
    -0.9395813882303656,
    -1.264121985384918,
    -2.5886625825394685,
    -3.9132031796940208,
    -0.09855441074059712,
    -1.9197977318281065,
    1.3981483131923582,
    0.404742865326444,
    -0.2575274332508304,
    -0.9197977318281065,
    0.41133741746053154,
    -0.9132031796940208,
    -0.9132031796940208,
    -2.9000140754258474,
    1.4113374174605315,
    -0.24433832898265884,
    -4.217960120446314,
    -7.529311613332695,
    3.404742865326444,
    2.4113374174605315,
    -2.2245546725803997,
    2.4179319695946173,
    1.093391372440065,
    3.4179319695946173,
    2.093391372440065,
    0.4377156259968764,
    2.7622562231514287,
    0.4443101781309622,
    -2.8670413147554186,
    -4.191581911909971,
    4.755661671017341,
    3.0999859245741526,
    -0.5425007176008663,
    6.417931969594617,
    3.7688507752855145,
    3.1065804767082383,
    2.444310178130962,
    1.1197695809764099,
    2.788634431687772,
    5.7754453274196,
    4.126364133110496,
    0.48387749093547683,
    0.31830991629115957,
    -4.152014599105453,
    2.642850513445712
  ],
  "vif": []
}