{
  "dataset": "cars_stopping",
  "alpha": 0.05,
  "n": 50,
  "p": 1,
  "df_residuals": 48,
  "mse": 9.958776007524923,
  "train": {
    "predicted": [
      8.615040791075813,
      9.939581388230366,
      8.946175940364451,
      11.926392283962192,
      10.93298683609628,
      9.939581388230366,
      11.264121985384918,
      12.588662582539468,
      13.91320317969402,
      11.098554410740597,
      12.919797731828107,
      10.601851686807642,
      11.595257134673556,
      12.25752743325083,
      12.919797731828107,
      12.588662582539468,
      13.91320317969402,
      13.91320317969402,
      15.900014075425847,
      12.588662582539468,
      14.244338328982659,
      18.217960120446314,
      21.529311613332695,
      11.595257134673556,
      12.588662582539468,
      17.2245546725804,
      13.582068030405383,
      14.906608627559935,
      13.582068030405383,
      14.906608627559935,
      16.562284374003124,
      15.237743776848571,
      17.555689821869038,
      20.86704131475542,
      22.19158191190997,
      14.244338328982659,
      15.900014075425847,
      19.542500717600866,
      13.582068030405383,
      16.231149224714486,
      16.89341952329176,
      17.555689821869038,
      18.88023041902359,
      19.211365568312228,
      17.2245546725804,
      19.873635866889504,
      23.516122509064523,
      23.68169008370884,
      28.152014599105453,
      22.357149486554288
    ],
    "lower": [
      2.0467148738858443,
      3.42722153670426,
      2.392929466226187,
      5.47583676238469,
      4.454892473979805,
      3.42722153670426,
      4.795959316898424,
      6.1526857518533085,
      7.49722007395338,
      4.625519561917321,
      6.489967971004313,
      4.113078068297436,
      5.136275148568838,
      5.81464119908616,
      6.489967971004313,
      6.1526857518533085,
      7.49722007395338,
      7.49722007395338,
      9.490930766218902,
      6.1526857518533085,
      7.831433745377894,
      11.781852564826142,
      14.9901424039659,
      5.136275148568838,
      6.1526857518533085,
      10.80463876311483,
      7.162236920696539,
      8.497548484537724,
      7.162236920696539,
      8.497548484537724,
      10.14932576850204,
      8.829448164904385,
      11.13114246326569,
      14.354430681680533,
      15.622947073783799,
      7.831433745377894,
      9.490930766218902,
      13.074146764056827,
      7.162236920696539,
      9.82051397183511,
      10.477366994237247,
      11.13114246326569,
      12.429513779044104,
      12.752207349614874,
      10.80463876311483,
      13.395335233868693,
      16.87999396870734,
      17.03633513979881,
      21.194664837671596,
      15.780698508675755
    ],
    "upper": [
      15.183366708265783,
      16.451941239756472,
      15.499422414502716,
      18.376947805539693,
      17.411081198212756,
      16.451941239756472,
      17.73228465387141,
      19.02463941322563,
      20.329186285434663,
      17.571589259563872,
      19.349627492651898,
      17.090625305317847,
      18.054239120778274,
      18.7004136674155,
      19.349627492651898,
      19.02463941322563,
      20.329186285434663,
      20.329186285434663,
      22.309097384632793,
      19.02463941322563,
      20.657242912587424,
      24.654067676066486,
      28.06848082269949,
      18.054239120778274,
      19.02463941322563,
      23.64447058204597,
      20.001899140114226,
      21.315668770582146,
      20.001899140114226,
      21.315668770582146,
      22.97524297950421,
      21.646039388792758,
      23.980237180472386,
      27.379651947830304,
      28.760216750036143,
      20.657242912587424,
      22.309097384632793,
      26.010854671144905,
      20.001899140114226,
      22.64178447759386,
      23.309472052346276,
      23.980237180472386,
      25.330947059003076,
      25.670523787009582,
      23.64447058204597,
      26.351936499910316,
      30.152251049421707,
      30.327045027618873,
      35.10936436053931,
      28.93360046443282
    ],
    "se_pred": [
      3.2667921870360526,
      3.2389571635681444,
      3.2592923450112776,
      3.2082184479887763,
      3.221915038299148,
      3.2389571635681444,
      3.2169754571085214,
      3.2009676577415367,
      3.191023671212057,
      3.2193986621776203,
      3.197910379516808,
      3.2272264238470383,
      3.212409395397431,
      3.2044040866863317,
      3.197910379516808,
      3.2009676577415367,
      3.191023671212057,
      3.191023671212057,
      3.1875920203328856,
      3.2009676577415367,
      3.189492551686642,
      3.2010326744898623,
      3.2522909417389583,
      3.212409395397431,
      3.2009676577415367,
      3.1929796722759076,
      3.192937496661265,
      3.1875804985064335,
      3.192937496661265,
      3.1875804985064335,
      3.1895194197670405,
      3.187200254866893,
      3.1952831483897155,
      3.2390818911188983,
      3.2669458305235297,
      3.189492551686642,
      3.1875920203328856,
      3.21707059375968,
      3.192937496661265,
      3.188363887857081,
      3.1910581992702296,
      3.1952831483897155,
      3.2082985810917046,
      3.21249704562429,
      3.1929796722759076,
      3.222017628241729,
      3.3005141859769886,
      3.3051029873581768,
      3.460275286225862,
      3.2708332296260876
    ],
    "leverage": [
      0.07161072658085775,
      0.05342699740434399,
      0.06669600583669189,
      0.03352717264032247,
      0.04237071967222083,
      0.053426997404343965,
      0.0391770116948964,
      0.028860769452515103,
      0.022478270677200086,
      0.04074313331272216,
      0.026896356308648887,
      0.0458102866162369,
      0.03622916268426362,
      0.03107104156307297,
      0.026896356308648887,
      0.028860769452515103,
      0.022478270677200086,
      0.022478270677200086,
      0.020280291514976803,
      0.028860769452515103,
      0.021497293400100433,
      0.02890256547685269,
      0.06211811187689351,
      0.03622916268426362,
      0.028860769452515103,
      0.02373215140732746,
      0.023705106920991377,
      0.02027291574597606,
      0.023705106920991377,
      0.02027291574597606,
      0.021514503527768854,
      0.020029515368951332,
      0.025209763797144225,
      0.0535081308633522,
      0.07171152875720135,
      0.021497293400100433,
      0.020280291514976803,
      0.03923847643656931,
      0.023705106920991377,
      0.02077446803802701,
      0.022500397984202336,
      0.025209763797144225,
      0.03357880302332771,
      0.03628571024660268,
      0.02373215140732746,
      0.04243710159322757,
      0.09384867011811679,
      0.09689240412575933,
      0.20230689468446766,
      0.0742635448314606
    ]
  },
  "extrapolation": {
    "new_x": {
      "dist": [
        131.8,
        179.0,
        238.0
      ]
    },
    "predicted": [
      30.10571197990842,
      37.92050150312028,
      47.6889884071351
    ],
    "lower": [
      22.976478777198345,
      29.923217710182286,
      38.301638840560656
    ],
    "upper": [
      37.234945182618496,
      45.91778529605827,
      57.07633797370954
    ],
    "se_pred": [
      3.5457624392875737,
      3.977492064440181,
      4.668848745888859
    ],
    "leverage": [
      0.262447439962777,
      0.5885931273813744,
      1.1888381258416825
    ]
  }
}