{
  "test_name": "Cook's Distance (Python - statsmodels)",
  "dataset": "cars_stopping",
  "formula": "speed ~ dist",
  "distances": [
    0.08884499764935984,
    0.1056156449742114,
    0.014560685320349515,
    0.04373606002810948,
    0.01995516279405986,
    0.0026429283588289263,
    0.0034047603188780964,
    0.010295793923933785,
    0.01808584863643574,
    2.1592392335641686e-05,
    0.00525593808313371,
    0.004938147687385047,
    0.00032079912786114244,
    0.00011020035123901942,
    0.0012064906498988406,
    0.00025995931436325167,
    0.0009849380748623764,
    0.0009849380748623764,
    0.008921435823839252,
    0.0030603469158833182,
    6.729874417180692e-05,
    0.027376615646116938,
    0.20100021939890714,
    0.022700917590615544,
    0.008933567419758509,
    0.006186561636562211,
    0.007300154950034748,
    0.0012677140761095,
    0.014587160182068484,
    0.004646980896005223,
    0.00021615768708600612,
    0.007989809260332516,
    0.0002629559484552445,
    0.0246500581484782,
    0.07340793755107773,
    0.02549445086152182,
    0.01019421967703791,
    0.0006281243153573954,
    0.05143208634893941,
    0.015450636639809343,
    0.011410016662028394,
    0.007958351335073596,
    0.0022633602687535826,
    0.015254087795755824,
    0.04169981522127371,
    0.03956491462395028,
    0.0013435738375426392,
    0.0006043313422664851,
    0.27518248679587365,
    0.030388564181854615
  ],
  "p": 2,
  "mse": 9.958776007524923,
  "threshold_4_over_n": 0.08,
  "threshold_4_over_df": 0.08333333333333333,
  "threshold_1": 1.0,
  "influential_4_over_n": [
    1,
    2,
    23,
    49
  ],
  "influential_4_over_df": [
    1,
    2,
    23,
    49
  ],
  "influential_1": [],
  "max_distance": 0.27518248679587365,
  "max_index": 49,
  "description": "Measures influence of each observation on regression coefficients. Uses statsmodels.stats.outliers_influence.OLSInfluence.cooks_distance."
}