{
  "test": "polynomial",
  "method": "statsmodels",
  "dataset": "faithful",
  "formula": "Eruption length (mins) ~ poly(Eruption wait (mins), 2, raw=True)",
  "degree": 2,
  "n": 272,
  "k": 2,
  "df_residual": 269,
  "df_model": 2,
  "variable_names": [
    "Intercept",
    "x^1",
    "x^2"
  ],
  "coefficients": [
    -4.318952911479737,
    0.15056853050509872,
    -0.000550448081262013
  ],
  "std_errors": [
    0.8812141430805427,
    0.026662147497645835,
    0.00019517478987110429
  ],
  "t_stats": [
    -4.901138895004079,
    5.647276931402219,
    -2.8202826893039585
  ],
  "p_values": [
    1.648854546002542e-06,
    4.139260045623382e-08,
    0.005155278843481346
  ],
  "r_squared": 0.8168755233180872,
  "adj_r_squared": 0.8155140030453593,
  "f_statistic": 599.9730886719557,
  "f_p_value": 6.908604702799956e-100,
  "mse": 0.2403351352467912,
  "rmse": 0.49023987521089224,
  "mae": 0.396537689627487,
  "residual_std_error": 0.49023987521089224,
  "log_likelihood": -190.54490077584958,
  "aic": 387.08980155169917,
  "bic": 397.9072077505872,
  "conf_int_lower": [
    -6.053906680268347,
    0.09807550863491918,
    -0.000934712496351465
  ],
  "conf_int_upper": [
    -2.5839991426911277,
    0.20306155237527826,
    -0.000166183666172561
  ],
  "fitted_values": [
    4.140614523266839,
    2.206641130835564,
    3.8088646529067844,
    2.900373555465206,
    4.50238479433561,
    2.297210820483104,
    4.668407831675921,
    4.50238479433561,
    1.9283266849178011,
    4.50238479433561,
    2.206641130835564,
    4.44484198956379,
    4.076466341519875,
    1.5418282107521162,
    4.3861982886294495,
    2.022199063052913,
    2.900373555465206,
    4.44484198956379,
    2.022199063052913,
    4.140614523266839,
    1.9283266849178011,
    1.5418282107521162,
    4.076466341519875,
    3.449592378483631,
    3.8088646529067844,
    4.3861982886294495,
    2.297210820483104,
    3.944867289538379,
    4.076466341519875,
    4.140614523266839,
    3.739211990347201,
    4.011217263610388,
    3.2208182598794486,
    4.203661808851278,
    3.8088646529067844,
    2.022199063052913,
    1.6401041735373232,
    4.203661808851278,
    2.648480617448019,
    4.773585375756842,
    4.203661808851278,
    2.5623145124505773,
    4.44484198956379,
    2.5623145124505773,
    3.739211990347201,
    4.3861982886294495,
    3.0627976999973754,
    2.1149705450255,
    4.326453691532582,
    2.648480617448019,
    3.8774164193038434,
    4.773585375756842,
    2.206641130835564,
    4.203661808851278,
    2.206641130835564,
    4.3861982886294495,
    3.596603976740464,
    3.0627976999973754,
    4.011217263610388,
    4.265608198273191,
    2.648480617448019,
    4.44484198956379,
    1.6401041735373232,
    4.326453691532582,
    2.733545826282939,
    4.874359335187666,
    4.076466341519875,
    4.076466341519875,
    3.142358428019675,
    3.739211990347201,
    4.326453691532582,
    2.3866796139681177,
    4.140614523266839,
    3.596603976740464,
    2.900373555465206,
    3.944867289538379,
    2.733545826282939,
    4.076466341519875,
    3.944867289538379,
    4.3861982886294495,
    3.8774164193038434,
    4.326453691532582,
    3.523648625693309,
    3.142358428019675,
    3.739211990347201,
    4.668407831675921,
    3.944867289538379,
    4.203661808851278,
    1.6401041735373232,
    4.558826702944905,
    2.733545826282939,
    4.773585375756842,
    1.833353410620166,
    4.076466341519875,
    2.982136075812552,
    3.6684584316250954,
    4.44484198956379,
    3.8774164193038434,
    1.9283266849178011,
    4.326453691532582,
    2.900373555465206,
    4.668407831675921,
    1.7372792401600063,
    4.3861982886294495,
    4.265608198273191,
    1.5418282107521162,
    4.44484198956379,
    2.022199063052913,
    4.558826702944905,
    4.265608198273191,
    3.8774164193038434,
    2.648480617448019,
    4.721547051797644,
    4.140614523266839,
    2.648480617448019,
    4.265608198273191,
    1.833353410620166,
    4.50238479433561,
    2.648480617448019,
    4.614167715391676,
    2.1149705450255,
    3.449592378483631,
    4.011217263610388,
    2.3866796139681177,
    4.668407831675921,
    4.265608198273191,
    1.3419735966941289,
    4.326453691532582,
    2.297210820483104,
    4.773585375756842,
    1.3419735966941289,
    4.3861982886294495,
    2.3866796139681177,
    4.721547051797644,
    1.442451351804384,
    4.326453691532582,
    1.9283266849178011,
    4.558826702944905,
    2.1149705450255,
    4.140614523266839,
    4.265608198273191,
    2.733545826282939,
    4.326453691532582,
    4.011217263610388,
    3.944867289538379,
    2.648480617448019,
    4.203661808851278,
    1.7372792401600063,
    5.062696500099028,
    2.1149705450255,
    4.011217263610388,
    4.011217263610388,
    3.142358428019675,
    4.265608198273191,
    3.596603976740464,
    3.523648625693309,
    4.265608198273191,
    4.923094970659293,
    2.1149705450255,
    4.721547051797644,
    1.3419735966941289,
    4.558826702944905,
    2.5623145124505773,
    4.076466341519875,
    3.2208182598794486,
    3.944867289538379,
    2.982136075812552,
    4.668407831675921,
    2.022199063052913,
    4.923094970659293,
    1.7372792401600063,
    2.4750475112906094,
    4.011217263610388,
    3.3744352351114277,
    4.265608198273191,
    4.265608198273191,
    3.739211990347201,
    1.833353410620166,
    4.50238479433561,
    3.8088646529067844,
    2.297210820483104,
    4.011217263610388,
    4.3861982886294495,
    4.3861982886294495,
    1.9283266849178011,
    4.076466341519875,
    4.44484198956379,
    1.442451351804384,
    4.3861982886294495,
    2.297210820483104,
    4.265608198273191,
    2.4750475112906094,
    3.944867289538379,
    4.44484198956379,
    4.011217263610388,
    4.265608198273191,
    4.614167715391676,
    4.011217263610388,
    1.9283266849178011,
    4.076466341519875,
    2.733545826282939,
    4.326453691532582,
    4.824522803553515,
    2.1149705450255,
    4.076466341519875,
    1.442451351804384,
    4.011217263610388,
    4.44484198956379,
    1.7372792401600063,
    4.3861982886294495,
    3.596603976740464,
    4.203661808851278,
    1.7372792401600063,
    3.8774164193038434,
    3.0627976999973754,
    3.944867289538379,
    2.1149705450255,
    4.9707297099683965,
    2.297210820483104,
    3.944867289538379,
    1.833353410620166,
    4.326453691532582,
    2.206641130835564,
    3.8774164193038434,
    4.076466341519875,
    4.140614523266839,
    4.076466341519875,
    4.076466341519875,
    3.523648625693309,
    4.140614523266839,
    3.523648625693309,
    2.206641130835564,
    4.558826702944905,
    1.833353410620166,
    4.773585375756842,
    2.206641130835564,
    2.206641130835564,
    4.011217263610388,
    4.140614523266839,
    3.0627976999973754,
    3.8774164193038434,
    1.5418282107521162,
    4.558826702944905,
    2.982136075812552,
    4.50238479433561,
    4.326453691532582,
    2.4750475112906094,
    4.326453691532582,
    3.2981771955767,
    3.8088646529067844,
    2.206641130835564,
    4.3861982886294495,
    3.739211990347201,
    3.739211990347201,
    4.668407831675921,
    4.203661808851278,
    3.596603976740464,
    4.3861982886294495,
    2.3866796139681177,
    4.140614523266839,
    4.076466341519875,
    4.44484198956379,
    2.5623145124505773,
    4.3861982886294495,
    1.1377153979860457,
    2.733545826282939,
    3.8774164193038434,
    4.265608198273191,
    1.442451351804384,
    4.773585375756842,
    1.442451351804384,
    3.8088646529067844
  ],