{
  "test": "polynomial",
  "method": "statsmodels",
  "dataset": "faithful",
  "formula": "Eruption length (mins) ~ poly(Eruption wait (mins), 3, raw=True)",
  "degree": 3,
  "n": 272,
  "k": 3,
  "df_residual": 268,
  "df_model": 3,
  "variable_names": [
    "Intercept",
    "x^1",
    "x^2",
    "x^3"
  ],
  "coefficients": [
    30.625843972168866,
    -1.4381164895476883,
    0.02289743832339965,
    -0.00011277519175575322
  ],
  "std_errors": [
    3.7215057904247026,
    0.16720377508977066,
    0.002450072198781874,
    1.1755922733145902e-05
  ],
  "t_stats": [
    8.229422630744802,
    -8.600980981294068,
    9.345617788236522,
    -9.593053162707749
  ],
  "p_values": [
    8.269262440449456e-15,
    6.741746703321718e-16,
    3.724241378654192e-18,
    6.314357375427034e-19
  ],
  "r_squared": 0.8636840990434181,
  "adj_r_squared": 0.8621581747789788,
  "f_statistic": 566.0071860517604,
  "f_p_value": 1.302819902287715e-115,
  "mse": 0.1795704511671087,
  "rmse": 0.42375753818322653,
  "mae": 0.3253731138036416,
  "residual_std_error": 0.42375753818322653,
  "log_likelihood": -150.39890727230386,
  "aic": 308.7978145446077,
  "bic": 323.2210228097917,
  "conf_int_lower": [
    23.298738043926676,
    -1.7673165071418893,
    0.01807360099967286,
    -0.00013592090104676589
  ],
  "conf_int_upper": [
    37.952949900411056,
    -1.1089164719534874,
    0.02772127564712644,
    -8.962948246474055e-05
  ],
  "fitted_values": [
    4.3149861061739045,
    1.978450892999149,
    3.892381700543069,
    2.6028886345952884,
    4.561869610175876,
    2.031215446966513,
    4.536219792202502,
    4.561869610175876,
    1.8783981228068285,
    4.561869610175876,
    1.978450892999149,
    4.546076405668998,
    4.243079748936424,
    1.9061514861597715,
    4.519239381164056,
    1.9013655797687647,
    2.6028886345952884,
    4.546076405668998,
    1.9013655797687647,
    4.3149861061739045,
    1.8783981228068285,
    1.9061514861597715,
    4.243079748936424,
    3.362844582593368,
    3.892381700543069,
    4.519239381164056,
    2.031215446966513,
    4.078991946327392,
    4.243079748936424,
    4.3149861061739045,
    3.7923222893364823,
    4.164189478604101,
    3.0289804697382863,
    4.379231899165916,
    3.892381700543069,
    1.9013655797687647,
    1.8799163643403602,
    4.379231899165916,
    2.321297785004589,
    4.4514955424699565,
    4.379231899165916,
    2.238276884470835,
    4.546076405668998,
    2.238276884470835,
    3.7923222893364823,
    4.519239381164056,
    2.8109561461416064,
    1.9349420535497188,
    4.482035187811533,
    2.321297785004589,
    3.9881638032568674,
    4.4514955424699565,
    1.978450892999149,
    4.379231899165916,
    1.978450892999149,
    4.519239381164056,
    3.5820781460472233,
    2.8109561461416064,
    4.164189478604101,
    4.435140476761944,
    2.321297785004589,
    4.546076405668998,
    1.8799163643403602,
    4.482035187811533,
    2.41019114430361,
    4.306356385132204,
    4.243079748936424,
    4.243079748936424,
    2.919062032008924,
    3.7923222893364823,
    4.482035187811533,
    2.0925590643012555,
    4.3149861061739045,
    3.5820781460472233,
    2.6028886345952884,
    4.078991946327392,
    2.41019114430361,
    4.243079748936424,
    4.078991946327392,
    4.519239381164056,
    3.9881638032568674,
    4.482035187811533,
    3.473246716265578,
    2.919062032008924,
    3.7923222893364823,
    4.536219792202502,
    4.078991946327392,
    4.379231899165916,
    1.8799163643403602,
    4.56594234353409,
    2.41019114430361,
    4.4514955424699565,
    1.8667163338144235,
    4.243079748936424,
    2.705339463286876,
    3.6886622207877053,
    4.546076405668998,
    3.9881638032568674,
    1.8783981228068285,
    4.482035187811533,
    2.6028886345952884,
    4.536219792202502,
    1.8669968639420773,
    4.519239381164056,
    4.435140476761944,
    1.9061514861597715,
    4.546076405668998,
    1.9013655797687647,
    4.56594234353409,
    4.435140476761944,
    3.9881638032568674,
    2.321297785004589,
    4.501071205211645,
    4.3149861061739045,
    2.321297785004589,
    4.435140476761944,
    1.8667163338144235,
    4.561869610175876,
    2.321297785004589,
    4.557617954593184,
    1.9349420535497188,
    3.362844582593368,
    4.164189478604101,
    2.0925590643012555,
    4.536219792202502,
    4.435140476761944,
    2.0012751986641604,
    4.482035187811533,
    2.031215446966513,
    4.4514955424699565,
    2.0012751986641604,
    4.519239381164056,
    2.0925590643012555,
    4.501071205211645,
    1.946378880550867,
    4.482035187811533,
    1.8783981228068285,
    4.56594234353409,
    1.9349420535497188,
    4.3149861061739045,
    4.435140476761944,
    2.41019114430361,
    4.482035187811533,
    4.164189478604101,
    4.078991946327392,
    2.321297785004589,
    4.379231899165916,
    1.8669968639420773,
    3.8131805108238837,
    1.9349420535497188,
    4.164189478604101,
    4.164189478604101,
    2.919062032008924,
    4.435140476761944,
    3.5820781460472233,
    3.473246716265578,
    4.435140476761944,
    4.209439588235028,
    1.9349420535497188,
    4.501071205211645,
    2.0012751986641604,
    4.56594234353409,
    2.238276884470835,
    4.243079748936424,
    3.0289804697382863,
    4.078991946327392,
    2.705339463286876,
    4.536219792202502,
    1.9013655797687647,
    4.209439588235028,
    1.8669968639420773,
    2.161805093852877,
    4.164189478604101,
    3.2515483961810503,
    4.435140476761944,
    4.435140476761944,
    3.7923222893364823,
    1.8667163338144235,
    4.561869610175876,
    3.892381700543069,
    2.031215446966513,
    4.164189478604101,
    4.519239381164056,
    4.519239381164056,
    1.8783981228068285,
    4.243079748936424,
    4.546076405668998,
    1.946378880550867,
    4.519239381164056,
    2.031215446966513,
    4.435140476761944,
    2.161805093852877,
    4.078991946327392,
    4.546076405668998,
    4.164189478604101,
    4.435140476761944,
    4.557617954593184,
    4.164189478604101,
    1.8783981228068285,
    4.243079748936424,
    2.41019114430361,
    4.482035187811533,
    4.386816152826981,
    1.9349420535497188,
    4.243079748936424,
    1.946378880550867,
    4.164189478604101,
    4.546076405668998,
    1.8669968639420773,
    4.519239381164056,
    3.5820781460472233,
    4.379231899165916,
    1.8669968639420773,
    3.9881638032568674,
    2.8109561461416064,
    4.078991946327392,
    1.9349420535497188,
    4.095389110984939,
    2.031215446966513,
    4.078991946327392,
    1.8667163338144235,
    4.482035187811533,
    1.978450892999149,
    3.9881638032568674,
    4.243079748936424,
    4.3149861061739045,
    4.243079748936424,
    4.243079748936424,
    3.473246716265578,
    4.3149861061739045,
    3.473246716265578,
    1.978450892999149,
    4.56594234353409,
    1.8667163338144235,
    4.4514955424699565,
    1.978450892999149,
    1.978450892999149,
    4.164189478604101,
    4.3149861061739045,
    2.8109561461416064,
    3.9881638032568674,
    1.9061514861597715,
    4.56594234353409,
    2.705339463286876,
    4.561869610175876,
    4.482035187811533,
    2.161805093852877,
    4.482035187811533,
    3.1400348081791947,
    3.892381700543069,
    1.978450892999149,
    4.519239381164056,
    3.7923222893364823,
    3.7923222893364823,
    4.536219792202502,
    4.379231899165916,
    3.5820781460472233,
    4.519239381164056,
    2.0925590643012555,
    4.3149861061739045,
    4.243079748936424,
    4.546076405668998,
    2.238276884470835,
    4.519239381164056,
    2.15778121065955,
    2.41019114430361,
    3.9881638032568674,
    4.435140476761944,
    1.946378880550867,
    4.4514955424699565,
    1.946378880550867,
    3.892381700543069
  ],