{
  "test": "wls",
  "method": "statsmodels",
  "dataset": "iris",
  "formula": "Sepal.Length ~ Sepal.Width + Petal.Length + Petal.Width + Species",
  "n": 229,
  "k": 4,
  "df_residual": 224,
  "df_model": 4,
  "variable_names": [
    "Intercept",
    "Sepal.Width",
    "Petal.Length",
    "Petal.Width",
    "Species"
  ],
  "coefficients": [
    4.55679249857877,
    0.20362067322277042,
    -0.292637056833855,
    0.677527192062011,
    1.1501401241589695
  ],
  "std_errors": [
    0.2551277973251274,
    0.07725146730332651,
    0.10514679931225912,
    0.23747972306722637,
    0.3606126755115713
  ],
  "t_stats": [
    17.86082326721822,
    2.6358162547677892,
    -2.7831285283805713,
    2.8529896502793832,
    3.189405703854866
  ],
  "p_values": [
    5.886870988743519e-45,
    0.008980267883838667,
    0.005843436403816725,
    0.004736544978631946,
    0.0016296028063621393
  ],
  "r_squared": 0.5505195254852837,
  "adj_r_squared": 0.542493088440378,
  "f_statistic": 68.58828175008196,
  "f_p_value": 7.954096564500746e-38,
  "mse": 0.09998469536940792,
  "rmse": 0.31620356634517566,
  "mae": 0.2121775382543834,
  "residual_std_error": 0.31620356634517566,
  "log_likelihood": -58.74570934335213,
  "aic": 127.49141868670426,
  "bic": 144.66002870447545,
  "conf_int_lower": [
    4.054034864687972,
    0.051388084993594346,
    -0.4998404920834233,
    0.20954704674618085,
    0.43951283308341726
  ],
  "conf_int_upper": [
    5.059550132469568,
    0.3558532614519465,
    -0.08543362158428669,
    1.145507337377841,
    1.8607674152345217
  ],
  "fitted_values": [
    4.995278413703471,
    4.893468077092086,
    4.963455917420026,
    4.884566438730978,
    5.063354802387995,
    5.124441004354825,
    5.00418005206458,
    4.945652640697809,
    4.873106009769809,
    4.816813719524777,
    5.006738842664641,
    4.916388935014424,
    4.825715357885885,
    4.9135064749360415,
    5.155616161681628,
    5.284778752332982,
    5.241495827088368,
    5.063031132909673,
    5.036326217826347,
    5.094853629193119,
    4.887125229331038,
    5.142244281077042,
    5.132695303759291,
    4.834940665725315,
    4.9660147080200865,
    5.117450817637134,
    4.816813719524777,
    4.922731782775472,
    4.945652640697809,
    5.092294838593059,
    4.847950030725734,
    4.963455917420026,
    5.092294838593059,
    5.142244281077042,
    4.997837204303532,
    4.93419221173664,
    5.006738842664641,
    4.954554279058917,
    5.931662678818302,
    5.999415398024503,
    5.920525919335455,
    5.739178765078378,
    5.9472308344187805,
    5.840989101689764,
    6.087530184552981,
    5.9074471429826785,
    5.832087463328655,
    6.0172186747467205,
    5.734423699482425,
    6.083059942309504,
    5.87057647685147,
    6.0172186747467205,
    5.928456549261599,
    6.083059942309504,
    5.87057647685147,
    6.0172186747467205,
    5.937681857101029,
    5.87057647685147,
    5.980964782345643,
    5.958367593901627,
    5.820950703845808,
    5.94211325321866,
    5.883585841851889,
    6.14573392644143,
    6.01977746534678,
    6.0172186747467205,
    5.9262214281398595,
    5.809166605406318,
    5.979053330702226,
    6.0172186747467205,
    5.901751634178273,
    5.969504353384474,
    5.811401726528056,
    5.949465955540519,
    5.937681857101029,
    5.949142286062197,
    5.849890740050872,
    5.9402406477010885,
    5.840665432211442,
    5.949142286062197,
    5.9402406477010885,
    5.840665432211442,
    5.908418151417643,
    5.956456142258211,
    6.0108758269856715,
    5.888703423052009,
    5.888703423052009,
    6.0108758269856715,
    5.997180276902765,
    5.888703423052009,
    5.956456142258211,
    5.888703423052009,
    5.820950703845808,
    5.888703423052009,
    5.956456142258211,
    6.0108758269856715,
    5.888703423052009,
    5.888703423052009,
    5.956456142258211,
    5.888703423052009,
    5.888703423052009,
    5.820950703845808,
    5.820950703845808,
    5.820950703845808,
    5.820950703845808,
    5.820950703845808,
    5.820950703845808,
    5.820950703845808,
    5.820950703845808,
    5.820950703845808,
    5.820950703845808,
    5.820950703845808,
    5.820950703845808,
    5.820950703845808,
    5.820950703845808,
    5.820950703845808,
    5.820950703845808,
    6.0108758269856715,
    5.956456142258211,
    5.839077650046347,
    5.859439717368623,
    5.917967128735395,
    5.859439717368623,
    5.859439717368623,
    5.859439717368623,
    5.859439717368623,
    5.859439717368623,
    5.809166605406318,
    6.0108758269856715,
    6.078628546191872,
    5.956456142258211,
    5.94467204381872,
    5.861674838490362,
    6.078628546191872,
    5.94467204381872,
    5.861674838490362,
    5.820950703845808,
    5.820950703845808,
    5.820950703845808,
    5.820950703845808,
    5.820950703845808,
    5.820950703845808,
    5.820950703845808,
    5.820950703845808,
    5.820950703845808,
    5.929427557696563,
    5.888703423052009,
    5.861674838490362,
    5.820950703845808,
    5.820950703845808,
    5.820950703845808,
    5.820950703845808,
    5.820950703845808,
    5.861674838490362,
    5.861674838490362,
    5.800588636523531,
    5.800588636523531,
    5.861674838490362,
    5.800588636523531,
    5.841312771168085,
    5.861674838490362,
    5.820950703845808,
    5.820950703845808,
    5.800588636523531,
    5.800588636523531,
    5.861674838490362,
    5.800588636523531,
    5.841312771168085,
    6.0172186747467205,
    5.876919324612519,
    5.929427557696563,
    6.0108758269856715,
    5.861674838490362,
    5.820950703845808,
    5.820950703845808,
    5.820950703845808,
    5.820950703845808,
    5.820950703845808,
    5.820950703845808,
    5.820950703845808,
    5.820950703845808,
    5.820950703845808,
    5.820950703845808,
    5.820950703845808,
    5.820950703845808,
    5.820950703845808,
    5.820950703845808,
    5.820950703845808,
    5.820950703845808,
    5.820950703845808,
    5.820950703845808,
    5.820950703845808,
    5.820950703845808,
    5.820950703845808,
    5.820950703845808,
    5.820950703845808,
    5.820950703845808,
    5.820950703845808,
    5.820950703845808,
    5.820950703845808,
    6.0108758269856715,
    5.956456142258211,
    5.956456142258211,
    5.917643459257073,
    6.0108758269856715,
    5.956456142258211,
    5.956456142258211,
    6.0108758269856715,
    5.956456142258211,
    5.997180276902765,
    5.956456142258211,
    6.078628546191872,
    5.956456142258211,
    6.078628546191872,
    5.997180276902765,
    6.078628546191872,
    6.078628546191872,
    5.997180276902765,
    6.078628546191872,
    5.997180276902765,
    6.078628546191872,
    6.078628546191872,
    5.775108988001134,
    5.833636399367904,
    5.833636399367904,
    5.921427516418062,
    5.921427516418062,
    5.921427516418062,
    5.775108988001134
  ],