{
  "test": "polynomial",
  "method": "statsmodels",
  "dataset": "iris",
  "formula": "Sepal.Length ~ poly(Sepal.Width, 3, raw=True)",
  "degree": 3,
  "n": 229,
  "k": 3,
  "df_residual": 225,
  "df_model": 3,
  "variable_names": [
    "Intercept",
    "x^1",
    "x^2",
    "x^3"
  ],
  "coefficients": [
    11.310283791562535,
    -4.435967594452518,
    1.2012661300014247,
    -0.11515600676891137
  ],
  "std_errors": [
    4.195486355370047,
    4.277826783060412,
    1.434059959747002,
    0.1576867715743516
  ],
  "t_stats": [
    2.6958218508054124,
    -1.0369675583916396,
    0.837667994170448,
    -0.7302832420195352
  ],
  "p_values": [
    0.007552118370549833,
    0.3008641193237565,
    0.4031061029277325,
    0.46597675446659387
  ],
  "r_squared": 0.10925659882900529,
  "adj_r_squared": 0.09738002014672531,
  "f_statistic": 9.199332716249174,
  "f_p_value": 9.134907755521748e-06,
  "mse": 0.19726080948661193,
  "rmse": 0.444140528984478,
  "mae": 0.2819869804837615,
  "residual_std_error": 0.444140528984478,
  "log_likelihood": -137.05958523088717,
  "aic": 282.11917046177433,
  "bic": 295.8540584759913,
  "conf_int_lower": [
    3.042811975197779,
    -12.86569644316495,
    -1.6246399261606377,
    -0.4258877859667759
  ],
  "conf_int_upper": [
    19.57775560792729,
    3.9937612542599146,
    4.027172186163487,
    0.1955757724289532
  ],
  "fitted_values": [
    5.562593513279097,
    5.7045639954571925,
    5.642720630725378,
    5.672339160420783,
    5.5364908445416035,
    5.450328844994331,
    5.588538743195148,
    5.588538743195148,
    5.740086071875233,
    5.672339160420783,
    5.509539800942058,
    5.588538743195148,
    5.7045639954571925,
    5.7045639954571925,
    5.416687060564929,
    5.239089372196091,
    5.450328844994331,
    5.562593513279097,
    5.481049446439833,
    5.481049446439833,
    5.588538743195148,
    5.509539800942058,
    5.5364908445416035,
    5.7045639954571925,
    5.562593513279097,
    5.379433157111023,
    5.672339160420783,
    5.7045639954571925,
    5.588538743195148,
    5.562593513279097,
    6.061153017671934,
    5.642720630725378,
    5.562593513279097,
    5.509539800942058,
    5.481049446439833,
    5.642720630725378,
    5.509539800942058,
    5.615017470330372,
    5.642720630725378,
    5.642720630725378,
    5.672339160420783,
    6.061153017671934,
    5.779596325715511,
    5.779596325715511,
    5.615017470330372,
    5.991337836111269,
    5.740086071875233,
    5.7045639954571925,
    5.823785693018639,
    5.740086071875233,
    5.740086071875233,
    5.7045639954571925,
    5.823785693018639,
    5.740086071875233,
    5.740086071875233,
    5.7045639954571925,
    5.823785693018639,
    5.740086071875233,
    5.642720630725378,
    5.740086071875233,
    5.779596325715511,
    6.139101992898523,
    6.139101992898523,
    5.642720630725378,
    5.615017470330372,
    5.7045639954571925,
    5.928965512175903,
    5.928965512175903,
    5.672339160420783,
    5.7045639954571925,
    5.7045639954571925,
    5.7045639954571925,
    5.823785693018639,
    5.7045639954571925,
    5.823785693018639,
    5.740086071875233,
    5.823785693018639,
    5.7045639954571925,
    5.823785693018639,
    5.740086071875233,
    5.7045639954571925,
    5.823785693018639,
    5.823785693018639,
    5.779596325715511,
    5.588538743195148,
    5.779596325715511,
    5.779596325715511,
    5.588538743195148,
    5.7045639954571925,
    5.779596325715511,
    5.779596325715511,
    5.779596325715511,
    5.779596325715511,
    5.779596325715511,
    5.779596325715511,
    5.588538743195148,
    5.779596325715511,
    5.779596325715511,
    5.779596325715511,
    5.779596325715511,
    5.779596325715511,
    5.779596325715511,
    5.779596325715511,
    5.779596325715511,
    5.779596325715511,
    5.779596325715511,
    5.779596325715511,
    5.779596325715511,
    5.779596325715511,
    5.779596325715511,
    5.779596325715511,
    5.779596325715511,
    5.779596325715511,
    5.779596325715511,
    5.779596325715511,
    5.779596325715511,
    5.779596325715511,
    5.588538743195148,
    5.779596325715511,
    5.823785693018639,
    5.779596325715511,
    5.779596325715511,
    5.779596325715511,
    5.779596325715511,
    5.779596325715511,
    5.779596325715511,
    5.779596325715511,
    5.928965512175903,
    5.588538743195148,
    5.588538743195148,
    5.779596325715511,
    5.928965512175903,
    5.7045639954571925,
    5.588538743195148,
    5.928965512175903,
    5.7045639954571925,
    5.779596325715511,
    5.779596325715511,
    5.779596325715511,
    5.779596325715511,
    5.779596325715511,
    5.779596325715511,
    5.779596325715511,
    5.779596325715511,
    5.779596325715511,
    5.7045639954571925,
    5.779596325715511,
    5.7045639954571925,
    5.779596325715511,
    5.779596325715511,
    5.779596325715511,
    5.779596325715511,
    5.779596325715511,
    5.7045639954571925,
    5.7045639954571925,
    5.823785693018639,
    5.823785693018639,
    5.7045639954571925,
    5.823785693018639,
    5.740086071875233,
    5.7045639954571925,
    5.779596325715511,
    5.779596325715511,
    5.823785693018639,
    5.823785693018639,
    5.7045639954571925,
    5.823785693018639,
    5.740086071875233,
    5.7045639954571925,
    5.928965512175903,
    5.7045639954571925,
    5.588538743195148,
    5.7045639954571925,
    5.779596325715511,
    5.779596325715511,
    5.779596325715511,
    5.779596325715511,
    5.779596325715511,
    5.779596325715511,
    5.779596325715511,
    5.779596325715511,
    5.779596325715511,
    5.779596325715511,
    5.779596325715511,
    5.779596325715511,
    5.779596325715511,
    5.779596325715511,
    5.779596325715511,
    5.779596325715511,
    5.779596325715511,
    5.779596325715511,
    5.779596325715511,
    5.779596325715511,
    5.779596325715511,
    5.779596325715511,
    5.779596325715511,
    5.779596325715511,
    5.779596325715511,
    5.779596325715511,
    5.779596325715511,
    5.588538743195148,
    5.779596325715511,
    5.779596325715511,
    5.823785693018639,
    5.588538743195148,
    5.779596325715511,
    5.779596325715511,
    5.588538743195148,
    5.779596325715511,
    5.7045639954571925,
    5.779596325715511,
    5.588538743195148,
    5.779596325715511,
    5.588538743195148,
    5.7045639954571925,
    5.588538743195148,
    5.588538743195148,
    5.7045639954571925,
    5.588538743195148,
    5.7045639954571925,
    5.588538743195148,
    5.588538743195148,
    6.3221650685119055,
    6.3221650685119055,
    6.3221650685119055,
    6.3221650685119055,
    6.3221650685119055,
    6.3221650685119055,
    6.3221650685119055
  ],