{
  "test": "wls",
  "method": "statsmodels",
  "dataset": "lh",
  "formula": "time ~ value",
  "n": 48,
  "k": 1,
  "df_residual": 46,
  "df_model": 1,
  "variable_names": [
    "Intercept",
    "value"
  ],
  "coefficients": [
    4.175524475524506,
    8.468531468531456
  ],
  "std_errors": [
    8.682860170805958,
    3.5277772869240023
  ],
  "t_stats": [
    0.480892746558756,
    2.4005289392617746
  ],
  "p_values": [
    0.6328722202643934,
    0.020473580485958234
  ],
  "r_squared": 0.11132643951792887,
  "adj_r_squared": 0.09200744907266634,
  "f_statistic": 5.762539188233276,
  "f_p_value": 0.02047358048595806,
  "mse": 177.96653998175736,
  "rmse": 13.340410037991987,
  "mae": 11.07488344988345,
  "residual_std_error": 13.340410037991987,
  "log_likelihood": -191.4459121675692,
  "aic": 386.8918243351384,
  "bic": 390.6342263569542,
  "conf_int_lower": [
    -13.302166548323607,
    1.367484093714208
  ],
  "conf_int_upper": [
    21.65321549937262,
    15.569578843348705
  ],
  "fitted_values": [
    24.5,
    24.5,
    24.5,
    22.806293706293708,
    21.959440559440566,
    16.87832167832169,
    23.65314685314685,
    23.65314685314685,
    25.346853146853142,
    21.112587412587416,
    20.265734265734274,
    18.572027972027982,
    22.806293706293708,
    19.418881118881128,
    31.274825174825168,
    31.274825174825168,
    27.04055944055944,
    22.806293706293708,
    22.806293706293708,
    20.265734265734274,
    20.265734265734274,
    19.418881118881128,
    27.04055944055944,
    29.581118881118876,
    23.65314685314685,
    21.112587412587416,
    21.112587412587416,
    28.734265734265726,
    28.734265734265726,
    27.04055944055944,
    27.04055944055944,
    23.65314685314685,
    26.193706293706292,
    24.5,
    19.418881118881128,
    18.572027972027982,
    16.87832167832169,
    16.031468531468544,
    21.959440559440566,
    32.12167832167831,
    33.8153846153846,
    33.8153846153846,
    30.427972027972018,
    26.193706293706292,
    21.959440559440566,
    32.96853146853145,
    29.581118881118876,
    28.734265734265726
  ],
  "residuals": [
    -23.5,
    -22.5,
    -21.5,
    -18.806293706293708,
    -16.959440559440566,
    -10.87832167832169,
    -16.65314685314685,
    -15.65314685314685,
    -16.346853146853142,
    -11.112587412587416,
    -9.265734265734274,
    -6.572027972027982,
    -9.806293706293708,
    -5.418881118881128,
    -16.274825174825168,
    -15.274825174825168,
    -10.040559440559441,
    -4.806293706293708,
    -3.806293706293708,
    -0.26573426573427383,
    0.7342657342657262,
    2.581118881118872,
    -4.040559440559441,
    -5.581118881118876,
    1.3468531468531495,
    4.887412587412584,
    5.887412587412584,
    -0.7342657342657262,
    0.26573426573427383,
    2.9594405594405586,
    3.9594405594405586,
    8.34685314685315,
    6.806293706293708,
    9.5,
    15.581118881118872,
    17.427972027972018,
    20.12167832167831,
    21.968531468531456,
    17.040559440559434,
    7.87832167832169,
    7.184615384615398,
    8.184615384615398,
    12.572027972027982,
    17.806293706293708,
    23.040559440559434,
    13.031468531468548,
    17.418881118881124,
    19.265734265734274
  ],
  "weights": [
    1.0,
    1.0,
    1.0,
    1.0,
    1.0,
    1.0,
    1.0,
    1.0,
    1.0,
    1.0,
    1.0,
    1.0,
    1.0,
    1.0,
    1.0,
    1.0,
    1.0,
    1.0,
    1.0,
    1.0,
    1.0,
    1.0,
    1.0,
    1.0,
    1.0,
    1.0,
    1.0,
    1.0,
    1.0,
    1.0,
    1.0,
    1.0,
    1.0,
    1.0,
    1.0,
    1.0,
    1.0,
    1.0,
    1.0,
    1.0,
    1.0,
    1.0,
    1.0,
    1.0,
    1.0,
    1.0,
    1.0,
    1.0
  ]
}