{
  "test": "lasso",
  "method": "sklearn",
  "alpha": 1,
  "n": 16,
  "p": 6,
  "lambda_sequence": [
    0.09971288582031251,
    0.16191146459240446,
    0.26290807001312483,
    0.4269040086323118,
    0.6931967990835688,
    1.1255968380319774,
    1.827717963300701,
    2.9678059146050626,
    4.819054210562409,
    7.825068132000712,
    12.706163615309697,
    20.63197292286596,
    33.50171771572129,
    54.39930994965495,
    88.3323341241673,
    143.43198946906904,
    232.9015281554361,
    378.18008394030414,
    614.0800235267038,
    997.1288582031251
  ],
  "coefficients": [
    [
      -2398.4491910084207,
      0.04416453104899687,
      0.0,
      0.006187351894413905,
      0.0,
      1.2695804922198402,
      0.0
    ],
    [
      -2326.1580644140636,
      0.04551604434922252,
      0.0,
      0.005463201509800723,
      0.0,
      1.2324219643029581,
      0.0
    ],
    [
      -2208.773594383837,
      0.04771059567630998,
      0.0,
      0.00428734317671976,
      0.0,
      1.1720849038635155,
      0.0
    ],
    [
      -2018.1670838146224,
      0.051274065610442086,
      0.0,
      0.00237801135795638,
      0.0,
      1.0741108137349795,
      0.0
    ],
    [
      -1767.4602627388867,
      0.055389251902217315,
      0.0,
      0.0,
      0.0,
      0.9453400799806104,
      0.0
    ],
    [
      -1674.7042629411487,
      0.053137409907875445,
      0.0,
      0.0,
      0.0,
      0.8983290980542689,
      0.0
    ],
    [
      -1524.0891970892299,
      0.04948092202683312,
      0.0,
      0.0,
      0.0,
      0.8219937431227258,
      0.0
    ],
    [
      -1279.5239671476104,
      0.04354360179593721,
      0.0,
      0.0,
      0.0,
      0.6980421748622172,
      0.0
    ],
    [
      -882.4046425909892,
      0.03390271913694927,
      0.0,
      0.0,
      0.0,
      0.4967725051699118,
      0.0
    ],
    [
      -237.57172590548132,
      0.018248073028278907,
      0.0,
      0.0,
      0.0,
      0.1699556032259052,
      0.0
    ],
    [
      101.68125,
      0.0,
      0.0,
      0.0,
      0.0,
      0.0,
      0.0
    ],
    [
      101.68125,
      0.0,
      0.0,
      0.0,
      0.0,
      0.0,
      0.0
    ],
    [
      101.68125,
      0.0,
      0.0,
      0.0,
      0.0,
      0.0,
      0.0
    ],
    [
      101.68125,
      0.0,
      0.0,
      0.0,
      0.0,
      0.0,
      0.0
    ],
    [
      101.68125,
      0.0,
      0.0,
      0.0,
      0.0,
      0.0,
      0.0
    ],
    [
      101.68125,
      0.0,
      0.0,
      0.0,
      0.0,
      0.0,
      0.0
    ],
    [
      101.68125,
      0.0,
      0.0,
      0.0,
      0.0,
      0.0,
      0.0
    ],
    [
      101.68125,
      0.0,
      0.0,
      0.0,
      0.0,
      0.0,
      0.0
    ],
    [
      101.68125,
      0.0,
      0.0,
      0.0,
      0.0,
      0.0,
      0.0
    ],
    [
      101.68125,
      0.0,
      0.0,
      0.0,
      0.0,
      0.0,
      0.0
    ]
  ],
  "nonzero_counts": [
    3,
    3,
    3,
    3,
    2,
    2,
    2,
    2,
    2,
    2,
    0,
    0,
    0,
    0,
    0,
    0,
    0,
    0,
    0,
    0
  ],
  "degrees_of_freedom": [
    3.0,
    3.0,
    3.0,
    3.0,
    2.0,
    2.0,
    2.0,
    2.0,
    2.0,
    2.0,
    0.0,
    0.0,
    0.0,
    0.0,
    0.0,
    0.0,
    0.0,
    0.0,
    0.0,
    0.0
  ],
  "test_lambdas": [
    0.09971288582031251,
    12.706163615309697,
    997.1288582031251
  ],
  "test_predictions": [
    [
      84.75508010975813,
      87.05191390357145,
      88.35989828950268,
      90.82286325485916,
      94.94883626640986
    ],
    [
      101.68125,
      101.68125,
      101.68125,
      101.68125,
      101.68125
    ],
    [
      101.68125,
      101.68125,
      101.68125,
      101.68125,
      101.68125
    ]
  ],
  "fitted_values": [
    101.68125,
    101.68125,
    101.68125,
    101.68125,
    101.68125,
    101.68125,
    101.68125,
    101.68125,
    101.68125,
    101.68125,
    101.68125,
    101.68125,
    101.68125,
    101.68125,
    101.68125,
    101.68125
  ],
  "residuals": [
    -18.681250000000006,
    -13.181250000000006,
    -13.481250000000003,
    -12.181250000000006,
    -5.481250000000003,
    -3.5812500000000114,
    -2.6812500000000057,
    -1.6812500000000057,
    -0.48125000000000284,
    2.9187499999999886,
    6.71875,
    9.118749999999991,
    10.918749999999989,
    12.518749999999997,
    14.018749999999997,
    15.21875
  ],
  "sklearn_version": "1.8.0"
}