{
  "test": "ridge",
  "method": "sklearn",
  "alpha": 0,
  "n": 16,
  "p": 6,
  "lambda_sequence": [
    0.9971288582031251,
    1.6191146459240446,
    2.6290807001312486,
    4.269040086323118,
    6.931967990835688,
    11.255968380319775,
    18.277179633007012,
    29.67805914605063,
    48.19054210562408,
    78.25068132000712,
    127.06163615309691,
    206.3197292286596,
    335.01717715721304,
    543.9930994965495,
    883.3233412416726,
    1434.3198946906903,
    2329.015281554361,
    3781.800839403041,
    6140.800235267038,
    9971.288582031251
  ],
  "coefficients": [
    [
      -1018.7751899644903,
      0.02729990419466365,
      0.011269494807963598,
      0.015682395642731366,
      0.24995043935716335,
      0.5248693997988242,
      0.7192350403930114
    ],
    [
      -986.1918492297758,
      0.025777271558425987,
      0.011338961483483087,
      0.015906514784613895,
      0.2768883156452703,
      0.5073478265283885,
      0.704065017185588
    ],
    [
      -956.3271045864957,
      0.02460590666345011,
      0.0115078476880732,
      0.016026983694187986,
      0.2915551332254609,
      0.49203321923317767,
      0.684379822585493
    ],
    [
      -923.8170679066749,
      0.023541738129465535,
      0.011701246684367169,
      0.015964237036557714,
      0.29660867405937336,
      0.47610666248185307,
      0.6597642667455135
    ],
    [
      -883.1137917063812,
      0.022395866028853528,
      0.011805347748267074,
      0.015603683788706628,
      0.29341768800854684,
      0.4567689551989203,
      0.6287151691870989
    ],
    [
      -828.3944046827138,
      0.021005331207832673,
      0.011684919082331335,
      0.014838023323325364,
      0.28225698239735725,
      0.4311688936631793,
      0.5889646679988991
    ],
    [
      -754.2466321294587,
      0.019232003815251298,
      0.011209785240598132,
      0.013613211120960119,
      0.2627742691565275,
      0.3966984372446348,
      0.5379976034526761
    ],
    [
      -657.6260997670354,
      0.016997441966550245,
      0.010294049692632907,
      0.011957292169138146,
      0.23483693180302742,
      0.3518831848519812,
      0.47433573561012166
    ],
    [
      -540.6946727663334,
      0.014341684534462407,
      0.008947204724176212,
      0.009987416895330165,
      0.19961911091773077,
      0.2976864500657335,
      0.3993891850653407
    ],
    [
      -412.47543879174737,
      0.011457953640402967,
      0.007305271497499786,
      0.007895685051357241,
      0.16026531579342396,
      0.23826883288818598,
      0.3185705086748044
    ],
    [
      -286.72208317653383,
      0.008644849722640992,
      0.005595940905289198,
      0.005904171423718168,
      0.12130542302968655,
      0.17999500606688434,
      0.24008051971250585
    ],
    [
      -176.34768403786452,
      0.006183193302912715,
      0.0040433868558674155,
      0.004194574319699416,
      0.08694190103200185,
      0.12884667397341767,
      0.1715825185498767
    ],
    [
      -88.57136154721084,
      0.004228903267605335,
      0.002783797205299745,
      0.0028553241670960716,
      0.05954027807300628,
      0.08816948677204618,
      0.11729114360451393
    ],
    [
      -24.09624553769204,
      0.002794842064792631,
      0.001847585212603225,
      0.0018811312633685625,
      0.03938187261812506,
      0.05828996280927136,
      0.07749110468409068
    ],
    [
      20.548792332969143,
      0.0018024345039121422,
      0.0011947154972136223,
      0.0012107017657941841,
      0.025410933233358864,
      0.037599975960251636,
      0.04996475770213467
    ],
    [
      50.21298776812181,
      0.0011432696277132843,
      0.0007590616138682005,
      0.000766945901783821,
      0.016123065958908056,
      0.023852494097611615,
      0.03168811869976662
    ],
    [
      69.38631121669872,
      0.0007173136428561751,
      0.0004767458727717525,
      0.0004808090042100442,
      0.010117969707777763,
      0.014966822830182224,
      0.019880245121645854
    ],
    [
      81.55854121681533,
      0.0004469302071538086,
      0.00029723224250937573,
      0.0002994218559607745,
      0.006304878212301793,
      0.009325714878026359,
      0.012385985691917093
    ],
    [
      89.19829339295073,
      0.0002772410528728402,
      0.00018445301787578387,
      0.00018567995706859376,
      0.003911353397477751,
      0.0057851348631474415,
      0.007683072670190777
    ],
    [
      93.9589424419998,
      0.0001715058894351884,
      0.00011413357603747559,
      0.00011484238559214141,
      0.0024197394766598173,
      0.003578848624551931,
      0.004752784559115467
    ]
  ],
  "degrees_of_freedom": [
    2.938042082307604,
    2.743181336456618,
    2.5317496051928465,
    2.298870730742031,
    2.045754753547948,
    1.777612306807583,
    1.5018028160421708,
    1.2275919770128785,
    0.9660344489352217,
    0.7289168807915718,
    0.5266243758251318,
    0.3652229530422389,
    0.24461621357234142,
    0.15946146299489153,
    0.10193853586230374,
    0.06430064465367044,
    0.04020375784764924,
    0.024995324045559805,
    0.015484426616881321,
    0.009570997163067575
  ],
  "test_lambdas": [
    0.9971288582031251,
    127.06163615309691,
    9971.288582031251
  ],
  "test_predictions": [
    [
      84.97327480160772,
      86.76992040480627,
      88.63872403966715,
      90.5882547722912,
      94.93539037496983
    ],
    [
      95.54656491801119,
      96.16344328610457,
      97.0955063954095,
      97.72397835328968,
      99.0698396404903
    ],
    [
      101.5593780157198,
      101.57165059392126,
      101.59056056553042,
      101.60293072868129,
      101.62891164584131
    ]
  ],
  "fitted_values": [
    101.5593780157198,
    101.57165059392126,
    101.59056056553042,
    101.60293072868129,
    101.62891164584131,
    101.64423863660436,
    101.66055326908858,
    101.67785969209012,
    101.6897305884709,
    101.70589620392789,
    101.71976730069717,
    101.73748935858023,
    101.75033638988084,
    101.767402665916,
    101.7892082120483,
    101.80408613300159
  ],
  "residuals": [
    -18.5593780157198,
    -13.071650593921262,
    -13.390560565530421,
    -12.102930728681287,
    -5.4289116458413105,
    -3.544238636604362,
    -2.660553269088581,
    -1.6778596920901236,
    -0.48973058847089135,
    2.894103796072102,
    6.6802326993028345,
    9.062510641419763,
    10.849663610119151,
    12.432597334084008,
    13.910791787951709,
    15.095913866998416
  ],
  "sklearn_version": "1.8.0"
}