{
  "test": "ridge",
  "method": "sklearn",
  "alpha": 0,
  "n": 32,
  "p": 10,
  "lambda_sequence": [
    0.6133129199218749,
    0.9958832532130558,
    1.6170920615149529,
    2.6257964746147167,
    4.263707237323124,
    6.923308634675898,
    11.241907519211157,
    18.254347933805857,
    29.64098556397164,
    48.13034288540587,
    78.15293122649943,
    126.90291182500567,
    206.0619963567617,
    334.5986765149006,
    543.3135478882269,
    882.2199011470011,
    1432.5281543318747,
    2326.105895237048,
    3777.0766455756743,
    6133.129199218747
  ],
  "coefficients": [
    [
      15.295124426716177,
      -0.1344971249637854,
      0.0046963253512152525,
      -0.016225436979325197,
      0.8978757687351488,
      -2.746867878253661,
      0.5757533233071914,
      0.348478423511255,
      2.3741730734443887,
      0.6933446795901826,
      -0.5041184229906877
    ],
    [
      16.526234839270735,
      -0.16211425812884941,
      0.0023528045258212273,
      -0.014945138455209844,
      0.9244116902698105,
      -2.4635933112635042,
      0.4933238689473667,
      0.374370919800288,
      2.309007175528195,
      0.6858296409302769,
      -0.5752347840195595
    ],
    [
      17.930588154464775,
      -0.20141359621304947,
      0.00014009230135416368,
      -0.013861937168338808,
      0.9492753191712079,
      -2.180240269223352,
      0.40554587702351075,
      0.4154966975206973,
      2.225779189131252,
      0.6664680956763734,
      -0.6309357023946977
    ],
    [
      19.316913980446643,
      -0.2478123743259207,
      -0.0017467132400939018,
      -0.01308335906460028,
      0.9730435309330052,
      -1.9186216809931733,
      0.3217255647899602,
      0.4738169398603226,
      2.1244466260662933,
      0.6370515930107469,
      -0.6611855201851964
    ],
    [
      20.444378481184092,
      -0.29402950734714,
      -0.0032247210558330438,
      -0.012584275245297058,
      0.9976631024519333,
      -1.6898151567356359,
      0.2512374618031662,
      0.5478443819207767,
      2.005247040857552,
      0.6037570377839973,
      -0.6616954597711642
    ],
    [
      21.116347045263776,
      -0.33350754841154834,
      -0.0042995202930868216,
      -0.012233375358574931,
      1.0233157449343562,
      -1.4935086749101913,
      0.2004902686985178,
      0.6330318751936207,
      1.8684805620589011,
      0.574197097155902,
      -0.6339448392530382
    ],
    [
      21.26358810503512,
      -0.3621916452279077,
      -0.005010642678276472,
      -0.011869550338433644,
      1.0456054411310867,
      -1.3222607320025597,
      0.17075386508738466,
      0.7219875489430165,
      1.715496472971893,
      0.5530438400662882,
      -0.5835189138114014
    ],
    [
      20.97198105186025,
      -0.37785386658425235,
      -0.005394639179747949,
      -0.011366148196124581,
      1.0551405045514128,
      -1.1670438424844407,
      0.15792514876423955,
      0.8028570832676427,
      1.549338842506,
      0.5387074565669251,
      -0.5182500319334368
    ],
    [
      20.441312955588828,
      -0.3787518587316868,
      -0.005474978981472349,
      -0.010651284060396242,
      1.039774674035509,
      -1.0207139612532725,
      0.15430573720252905,
      0.8587220142529883,
      1.3736820322222791,
      0.5234004255454807,
      -0.44630350046171563
    ],
    [
      19.89563752336657,
      -0.36334497138763344,
      -0.005268047809294776,
      -0.009695514701296145,
      0.9886306556059548,
      -0.8784276171633093,
      0.1515798811961905,
      0.8717971180318255,
      1.1910888851981092,
      0.49702186693293615,
      -0.374141212643403
    ],
    [
      19.496851359275624,
      -0.33131606380835005,
      -0.004798457459114575,
      -0.008501218102065167,
      0.8967159252801511,
      -0.7372379549914061,
      0.1436409957874026,
      0.8310831831532395,
      1.003143773510612,
      0.4525164574530326,
      -0.3053814941852802
    ],
    [
      19.30697826453922,
      -0.28505694219689787,
      -0.0041187714478161195,
      -0.007114731639969642,
      0.7686404615188455,
      -0.5971589766478623,
      0.12815537652013698,
      0.7385811513003273,
      0.8133367606249677,
      0.3895613620581966,
      -0.2415475272296842
    ],
    [
      19.30214079423975,
      -0.23029425834187306,
      -0.00331972714204202,
      -0.005642098354130337,
      0.6191959016533707,
      -0.4626103502566414,
      0.10653924885858948,
      0.6102096865181261,
      0.6298362574340877,
      0.3148408741243325,
      -0.1838437572398623
    ],
    [
      19.41327131798772,
      -0.17475208082497556,
      -0.0025143497217228966,
      -0.004230123721358612,
      0.46882641608292597,
      -0.3412994627610045,
      0.08252448963558442,
      0.4700119601865766,
      0.4642471263364202,
      0.2388748429990596,
      -0.1340104776633348
    ],
    [
      19.568108569222023,
      -0.1253148859287488,
      -0.0018005951873447086,
      -0.003010406682295059,
      0.335654691319875,
      -0.24029630694742607,
      0.060013356705384976,
      0.3403369150732703,
      0.3265462649280454,
      0.1712283879297051,
      -0.09362014871812095
    ],
    [
      19.716884207734157,
      -0.08579223433970465,
      -0.0012315724703000903,
      -0.0020511809437687,
      0.22953579058749715,
      -0.16259098943273312,
      0.04146612623271073,
      0.23444903004283807,
      0.2207759688970481,
      0.11717422697323879,
      -0.06303664717248254
    ],
    [
      19.836900939590947,
      -0.05671527077783755,
      -0.0008136710304338818,
      -0.0013519917662450013,
      0.15162683719266953,
      -0.10669231344120923,
      0.027574938304365384,
      0.15559618682272466,
      0.1447898719056014,
      0.07743328372699812,
      -0.04123924831612177
    ],
    [
      19.924317383116186,
      -0.03657707808925526,
      -0.000524552969273755,
      -0.0008703432618832667,
      0.09774012872522074,
      -0.06849064319518433,
      0.017850417065149657,
      0.10059346141558921,
      0.09291059651319283,
      0.04992550587489946,
      -0.026423770385933996
    ],
    [
      19.98409118597241,
      -0.023199142026677257,
      -0.0003326181498844027,
      -0.0005513970782575918,
      0.061972722704710166,
      -0.04331554032146688,
      0.011348247519443399,
      0.06389881376791284,
      0.05874426381756877,
      0.03165975704402248,
      -0.016691902641898217
    ],
    [
      20.02337910727612,
      -0.014554705590807591,
      -0.0002086464383335346,
      -0.0003456960871301208,
      0.03887290212994253,
      -0.027126921777703542,
      0.007130065374611645,
      0.04012668220624889,
      0.036783270329349284,
      0.01986040694660079,
      -0.010446093927942593
    ]
  ],
  "degrees_of_freedom": [
    8.701744144172423,
    8.176253549646582,
    7.532070314421485,
    6.785449543145806,
    5.968574368079331,
    5.12647222538462,
    4.308132191493746,
    3.5535146877259782,
    2.8836387218104234,
    2.300460285955281,
    1.7958506041551299,
    1.3623698999740006,
    0.9982292829930375,
    0.7046355748005155,
    0.4801101058240079,
    0.3174727558308768,
    0.20513287468571287,
    0.13036517265464598,
    0.08191862366538412,
    0.0510952781063326
  ],
  "test_lambdas": [
    0.6133129199218749,
    78.15293122649943,
    6133.129199218747
  ],
  "test_predictions": [
    [
      22.36765512392336,
      21.989625676020705,
      26.546142796869386,
      20.96631133332288,
      17.320575007862168
    ],
    [
      21.327710875497395,
      21.220154154615532,
      24.61677489560857,
      20.403116004746455,
      17.11127772741834
    ],
    [
      20.13697405573288,
      20.134049527289346,
      20.275798951161356,
      20.104579288102375,
      19.960507705955642
    ]
  ],