{
  "test": "polynomial",
  "method": "statsmodels",
  "dataset": "mtcars",
  "formula": "mpg ~ poly(cyl, 3, raw=True)",
  "degree": 3,
  "n": 32,
  "k": 3,
  "df_residual": 29,
  "df_model": 3,
  "variable_names": [
    "Intercept",
    "x^1",
    "x^2",
    "x^3"
  ],
  "coefficients": [
    8.342158270851831,
    14.815475958267776,
    -3.3712099997701412,
    0.20310834775057982
  ],
  "std_errors": [
    0.9718937526271837,
    1.6798281985971024,
    0.664512954739195,
    0.055706909762204826
  ],
  "t_stats": [
    8.583405591713753,
    8.819637609751297,
    -5.073204330671413,
    3.6460171389435367
  ],
  "p_values": [
    1.8717664337790376e-09,
    1.052041294261924e-09,
    2.0695691226719737e-05,
    0.0010362479252587586
  ],
  "r_squared": 0.7324600596255232,
  "adj_r_squared": 0.7140090292548696,
  "f_statistic": 39.697515255869035,
  "f_p_value": 4.978919174400206e-09,
  "mse": 10.388365427675769,
  "rmse": 3.2230987306745305,
  "mae": 2.359577922077896,
  "residual_std_error": 3.2230987306745305,
  "log_likelihood": -81.28197543430768,
  "aic": 168.56395086861536,
  "bic": 172.96115857701454,
  "conf_int_lower": [
    6.354412358975125,
    11.3798415328066,
    -4.730291592383931,
    0.08917492463330681
  ],
  "conf_int_upper": [
    10.329904182728537,
    18.251110383728953,
    -2.012128407156352,
    0.3170417708678528
  ],
  "fitted_values": [
    19.74285714285864,
    19.74285714285864,
    26.663636363637778,
    19.74285714285864,
    15.10000000000187,
    19.74285714285864,
    15.10000000000187,
    26.663636363637778,
    26.663636363637778,
    19.74285714285864,
    19.74285714285864,
    15.10000000000187,
    15.10000000000187,
    15.10000000000187,
    15.10000000000187,
    15.10000000000187,
    15.10000000000187,
    26.663636363637778,
    26.663636363637778,
    26.663636363637778,
    26.663636363637778,
    15.10000000000187,
    15.10000000000187,
    15.10000000000187,
    15.10000000000187,
    26.663636363637778,
    26.663636363637778,
    26.663636363637778,
    15.10000000000187,
    19.74285714285864,
    15.10000000000187,
    26.663636363637778
  ],
  "residuals": [
    1.2571428571413605,
    1.2571428571413605,
    -3.8636363636377773,
    1.6571428571413591,
    3.599999999998129,
    -1.642857142858638,
    -0.8000000000018694,
    -2.2636363636377794,
    -3.8636363636377773,
    -0.5428571428586402,
    -1.9428571428586388,
    1.2999999999981284,
    2.1999999999981306,
    0.09999999999812914,
    -4.70000000000187,
    -4.70000000000187,
    -0.40000000000187086,
    5.736363636362221,
    3.7363636363622206,
    7.236363636362221,
    -5.163636363637778,
    0.39999999999812985,
    0.09999999999812914,
    -1.8000000000018694,
    4.099999999998129,
    0.6363636363622227,
    -0.663636363637778,
    3.7363636363622206,
    0.6999999999981306,
    -0.042857142858640174,
    -0.10000000000187015,
    -5.263636363637779
  ]
}