{
  "dataset": "mtcars",
  "alpha": 0.05,
  "n": 32,
  "p": 10,
  "df_residuals": 21,
  "mse": 7.023544286507176,
  "train": {
    "predicted": [
      22.59950576126225,
      22.11188607935653,
      26.250644084798676,
      21.23740454667548,
      17.693434028697144,
      20.383039035671356,
      14.386256252780596,
      22.49601188488854,
      24.41908989756214,
      18.699029942339322,
      19.191654392144102,
      14.172162110443107,
      15.599573596009385,
      15.742224699462856,
      12.034013415127593,
      10.936437710855746,
      10.493629361834213,
      27.772905807778276,
      29.896738911311292,
      29.51236909573871,
      23.643103441604918,
      16.9430532211758,
      17.732181497829043,
      13.306021976201455,
      16.691678988691834,
      28.293468693444527,
      26.152953960868498,
      27.63627258279715,
      18.87004080286438,
      19.693828154474645,
      13.94111838205956,
      24.368267683243662
    ],
    "lower": [
      16.309503395364523,
      15.851618850605945,
      20.11635196827574,
      15.13060097806377,
      11.657240998491385,
      14.142056190994218,
      8.039976419824029,
      16.13941867078061,
      17.14429579636604,
      12.109923545892133,
      12.729316241405439,
      7.880289895374433,
      9.582020825816002,
      9.645578308264211,
      5.572561627515189,
      4.630669942036336,
      4.193518696252237,
      21.788669446640682,
      23.11990242920373,
      23.392814611753675,
      17.04458233146085,
      10.860494678678563,
      11.759392007211313,
      6.766086336363771,
      10.64092616486337,
      22.403334555057988,
      19.13112386658221,
      21.043082740796585,
      11.762164901972337,
      13.193617817867617,
      6.877169176795302,
      18.107304319661
    ],
    "upper": [
      28.889508127159978,
      28.372153308107116,
      32.38493620132161,
      27.344208115287195,
      23.729627058902903,
      26.624021880348494,
      20.732536085737163,
      28.852605098996467,
      31.693883998758242,
      25.28813633878651,
      25.653992542882765,
      20.464034325511783,
      21.61712636620277,
      21.8388710906615,
      18.495465202739997,
      17.242205479675157,
      16.793740027416188,
      33.75714216891587,
      36.67357539341885,
      35.63192357972375,
      30.241624551748984,
      23.025611763673034,
      23.704970988446775,
      19.84595761603914,
      22.742431812520298,
      34.18360283183107,
      33.17478405515479,
      34.22946242479772,
      25.977916703756424,
      26.19403849108167,
      21.00506758732382,
      30.629231046826323
    ],
    "se_pred": [
      3.02460112094578,
      3.0103027274134857,
      2.9497265235441565,
      2.9365084215484956,
      2.902554743761172,
      3.0010296673584542,
      3.051662619503071,
      3.056621896523424,
      3.4981466004563413,
      3.168427837289197,
      3.1074702484416767,
      3.025500253818802,
      2.893591416237846,
      2.931624256423917,
      3.107044033195723,
      3.0321820489924187,
      3.0294617827988803,
      2.877570937657035,
      3.2586994452303983,
      2.9426398076256115,
      3.172954982422744,
      2.924849994588163,
      2.8720666126359027,
      3.144783660879146,
      2.9095559443252164,
      2.8323210837047577,
      3.376506706804378,
      3.1703913968046744,
      3.4178825645502617,
      3.1256814110401305,
      3.39676003945303,
      3.0106374697666514
    ],
    "leverage": [
      0.30250647930005387,
      0.2902207405571275,
      0.2388170713773437,
      0.22773935182425006,
      0.1995117702490014,
      0.28228408578091063,
      0.3259181352586789,
      0.33023115355804433,
      0.7422869621243267,
      0.42932607108276405,
      0.3748573300094203,
      0.30328099495899496,
      0.19211482729742888,
      0.22365865868656853,
      0.37448020976571117,
      0.309043924716836,
      0.30669620907352874,
      0.17895099161768865,
      0.5119321016805061,
      0.23287170753060044,
      0.43341351742055795,
      0.2180100447685327,
      0.17444502247454308,
      0.40807317079659156,
      0.20530539110021326,
      0.1421644676761725,
      0.6232256929022069,
      0.4310982032593784,
      0.6632515932872574,
      0.391019104427176,
      0.6427573166713543,
      0.2905076987662111
    ]
  },
  "extrapolation": {
    "new_x": {
      "cyl": [
        8.4,
        10.0,
        12.0
      ],
      "disp": [
        512.09,
        672.45,
        872.9
      ],
      "hp": [
        363.3,
        476.5,
        618.0
      ],
      "drat": [
        5.146999999999999,
        6.015,
        7.1
      ],
      "wt": [
        5.8151,
        7.3795,
        9.335
      ],
      "qsec": [
        23.74,
        27.099999999999998,
        31.299999999999997
      ],
      "vs": [
        1.1,
        1.5,
        2.0
      ],
      "am": [
        1.1,
        1.5,
        2.0
      ],
      "gear": [
        5.2,
        6.0,
        7.0
      ],
      "carb": [
        8.7,
        11.5,
        15.0
      ]
    },
    "predicted": [
      17.124555861082484,
      15.383754457354062,
      13.207752702693547
    ],
    "lower": [
      0.37357761564223324,
      -10.021534463161213,
      -23.29477970747449
    ],
    "upper": [
      33.875534106522736,
      40.78904337786933,
      49.710285112861584
    ],
    "se_pred": [
      8.054850321327722,
      12.216349196235202,
      17.55255308706254
    ],
    "leverage": [
      8.237588751826404,
      20.24841555723619,
      42.86561930933073
    ]
  }
}