{
  "test": "lasso",
  "method": "sklearn",
  "alpha": 1,
  "n": 32,
  "p": 10,
  "lambda_sequence": [
    0.0613312919921875,
    0.09958832532130558,
    0.16170920615149528,
    0.26257964746147167,
    0.42637072373231233,
    0.6923308634675899,
    1.1241907519211158,
    1.8254347933805857,
    2.964098556397164,
    4.813034288540587,
    7.815293122649943,
    12.690291182500568,
    20.60619963567616,
    33.459867651490065,
    54.33135478882273,
    88.2219901147001,
    143.25281543318746,
    232.61058952370482,
    377.70766455756745,
    613.3129199218747
  ],
  "coefficients": [
    [
      17.151017911705008,
      -0.09490664843221998,
      0.0,
      -0.012981057181997973,
      0.8328777362236989,
      -2.6330129551377843,
      0.540439432493673,
      0.1378098731168841,
      2.25651021030757,
      0.4769295064773108,
      -0.5245440251374025
    ],
    [
      20.020687224518273,
      -0.21415440297032418,
      -0.0,
      -0.01300055036569836,
      0.7731441034265494,
      -2.6368000818725137,
      0.4625960132207426,
      0.1237497054678574,
      2.117840802308624,
      0.3109630976822381,
      -0.46696177287244967
    ],
    [
      24.680391462468712,
      -0.40778618411688555,
      -0.0,
      -0.013032204094775063,
      0.6761500615899099,
      -2.6429498816901056,
      0.33619572481664545,
      0.1009190334003518,
      1.8926727109994737,
      0.04147017366930453,
      -0.3734608120161716
    ],
    [
      30.209517794201076,
      -0.6296889778609336,
      -0.0,
      -0.01384290105888126,
      0.4819762124248084,
      -2.5917908897422213,
      0.15111707281571515,
      0.04379611903121159,
      1.3559762016753563,
      0.0,
      -0.30378916036056935
    ],
    [
      35.277839783384124,
      -0.8318250703610357,
      -0.0,
      -0.014302102705980146,
      0.1913188570348788,
      -2.613856493654805,
      0.0,
      0.0,
      0.6804754227779214,
      0.0,
      -0.17687503391604065
    ],
    [
      36.37006635523436,
      -0.8921331327194671,
      -0.0,
      -0.012574908510908516,
      0.0,
      -2.7709334693725265,
      0.0,
      0.0,
      0.0,
      0.0,
      -0.0
    ],
    [
      34.88440449047811,
      -0.8612665552429989,
      -0.0,
      -0.009167094458900424,
      0.0,
      -2.5238929245386887,
      0.0,
      0.0,
      0.0,
      0.0,
      -0.0
    ],
    [
      32.47202123093952,
      -0.8111460739968251,
      -0.0,
      -0.003633565530400843,
      0.0,
      -2.1227542946129416,
      0.0,
      0.0,
      0.0,
      0.0,
      -0.0
    ],
    [
      28.27760421031641,
      -0.5617845848249857,
      -0.0,
      -0.0,
      0.0,
      -1.4642744865061184,
      0.0,
      0.0,
      0.0,
      0.0,
      -0.0
    ],
    [
      21.20623979054976,
      -0.0,
      -0.0,
      0.0,
      0.0,
      -0.3467603669437428,
      0.0,
      0.0,
      0.0,
      0.0,
      0.0
    ],
    [
      20.090625000000003,
      0.0,
      0.0,
      0.0,
      0.0,
      0.0,
      0.0,
      0.0,
      0.0,
      0.0,
      0.0
    ],
    [
      20.090625000000003,
      0.0,
      0.0,
      0.0,
      0.0,
      0.0,
      0.0,
      0.0,
      0.0,
      0.0,
      0.0
    ],
    [
      20.090625000000003,
      0.0,
      0.0,
      0.0,
      0.0,
      0.0,
      0.0,
      0.0,
      0.0,
      0.0,
      0.0
    ],
    [
      20.090625000000003,
      0.0,
      0.0,
      0.0,
      0.0,
      0.0,
      0.0,
      0.0,
      0.0,
      0.0,
      0.0
    ],
    [
      20.090625000000003,
      0.0,
      0.0,
      0.0,
      0.0,
      0.0,
      0.0,
      0.0,
      0.0,
      0.0,
      0.0
    ],
    [
      20.090625000000003,
      0.0,
      0.0,
      0.0,
      0.0,
      0.0,
      0.0,
      0.0,
      0.0,
      0.0,
      0.0
    ],
    [
      20.090625000000003,
      0.0,
      0.0,
      0.0,
      0.0,
      0.0,
      0.0,
      0.0,
      0.0,
      0.0,
      0.0
    ],
    [
      20.090625000000003,
      0.0,
      0.0,
      0.0,
      0.0,
      0.0,
      0.0,
      0.0,
      0.0,
      0.0,
      0.0
    ],
    [
      20.090625000000003,
      0.0,
      0.0,
      0.0,
      0.0,
      0.0,
      0.0,
      0.0,
      0.0,
      0.0,
      0.0
    ],
    [
      20.090625000000003,
      0.0,
      0.0,
      0.0,
      0.0,
      0.0,
      0.0,
      0.0,
      0.0,
      0.0,
      0.0
    ]
  ],
  "nonzero_counts": [
    9,
    9,
    9,
    8,
    6,
    3,
    3,
    3,
    2,
    1,
    0,
    0,
    0,
    0,
    0,
    0,
    0,
    0,
    0,
    0
  ],
  "degrees_of_freedom": [
    9.0,
    9.0,
    9.0,
    8.0,
    6.0,
    3.0,
    3.0,
    3.0,
    2.0,
    1.0,
    0.0,
    0.0,
    0.0,
    0.0,
    0.0,
    0.0,
    0.0,
    0.0,
    0.0,
    0.0
  ],
  "test_lambdas": [
    0.0613312919921875,
    7.815293122649943,
    613.3129199218747
  ],
  "test_predictions": [
    [
      22.465076154416405,
      22.096303933052724,
      26.49721415149545,
      20.803985442981347,
      17.26605963102772
    ],
    [
      20.090625000000003,
      20.090625000000003,
      20.090625000000003,
      20.090625000000003,
      20.090625000000003
    ],
    [
      20.090625000000003,
      20.090625000000003,
      20.090625000000003,
      20.090625000000003,
      20.090625000000003
    ]
  ],
  "fitted_values": [
    20.090625000000003,
    20.090625000000003,
    20.090625000000003,
    20.090625000000003,
    20.090625000000003,
    20.090625000000003,
    20.090625000000003,
    20.090625000000003,
    20.090625000000003,
    20.090625000000003,
    20.090625000000003,
    20.090625000000003,
    20.090625000000003,
    20.090625000000003,
    20.090625000000003,
    20.090625000000003,
    20.090625000000003,
    20.090625000000003,
    20.090625000000003,
    20.090625000000003,
    20.090625000000003,
    20.090625000000003,
    20.090625000000003,
    20.090625000000003,
    20.090625000000003,
    20.090625000000003,
    20.090625000000003,
    20.090625000000003,
    20.090625000000003,
    20.090625000000003,
    20.090625000000003,
    20.090625000000003
  ],
  "residuals": [
    0.9093749999999972,
    0.9093749999999972,
    2.709374999999998,
    1.3093749999999957,
    -1.3906250000000036,
    -1.9906250000000014,
    -5.790625000000002,
    4.309374999999996,
    2.709374999999998,
    -0.8906250000000036,
    -2.290625000000002,
    -3.6906250000000043,
    -2.790625000000002,
    -4.8906250000000036,
    -9.690625000000002,
    -9.690625000000002,
    -5.3906250000000036,
    12.309374999999996,
    10.309374999999996,
    13.809374999999996,
    1.4093749999999972,
    -4.590625000000003,
    -4.8906250000000036,
    -6.790625000000002,
    -0.8906250000000036,
    7.209374999999998,
    5.909374999999997,
    10.309374999999996,
    -4.290625000000002,
    -0.39062500000000355,
    -5.090625000000003,
    1.3093749999999957
  ],
  "sklearn_version": "1.8.0"
}