{
  "test": "polynomial",
  "method": "statsmodels",
  "dataset": "mtcars",
  "formula": "mpg ~ poly(cyl, 2, raw=True)",
  "degree": 2,
  "n": 32,
  "k": 2,
  "df_residual": 29,
  "df_model": 2,
  "variable_names": [
    "Intercept",
    "x^1",
    "x^2"
  ],
  "coefficients": [
    47.33896103896069,
    -6.307792207792078,
    0.2847402597401838
  ],
  "std_errors": [
    11.647139684275981,
    4.172301642339904,
    0.3451139253667928
  ],
  "t_stats": [
    4.064428033165073,
    -1.5118255458285972,
    0.825061635625271
  ],
  "p_values": [
    0.0003357617438586413,
    0.14140000828285193,
    0.41607205312798334
  ],
  "r_squared": 0.7324600596255232,
  "adj_r_squared": 0.7140090292548696,
  "f_statistic": 39.697515255869035,
  "f_p_value": 4.978919174400206e-09,
  "mse": 10.388365427675769,
  "rmse": 3.2230987306745305,
  "mae": 2.3595779220780777,
  "residual_std_error": 3.2230987306745305,
  "log_likelihood": -81.28197543430768,
  "aic": 168.56395086861536,
  "bic": 172.96115857701454,
  "conf_int_lower": [
    23.51788571061931,
    -14.841107202624611,
    -0.4210969703327545
  ],
  "conf_int_upper": [
    71.16003636730207,
    2.2255227870404557,
    0.9905774898131221
  ],
  "fitted_values": [
    19.742857142854838,
    19.742857142854838,
    26.66363636363532,
    19.742857142854838,
    15.09999999999583,
    19.742857142854838,
    15.09999999999583,
    26.66363636363532,
    26.66363636363532,
    19.742857142854838,
    19.742857142854838,
    15.09999999999583,
    15.09999999999583,
    15.09999999999583,
    15.09999999999583,
    15.09999999999583,
    15.09999999999583,
    26.66363636363532,
    26.66363636363532,
    26.66363636363532,
    26.66363636363532,
    15.09999999999583,
    15.09999999999583,
    15.09999999999583,
    15.09999999999583,
    26.66363636363532,
    26.66363636363532,
    26.66363636363532,
    15.09999999999583,
    19.742857142854838,
    15.09999999999583,
    26.66363636363532
  ],
  "residuals": [
    1.257142857145162,
    1.257142857145162,
    -3.863636363635319,
    1.6571428571451605,
    3.6000000000041688,
    -1.6428571428548366,
    -0.7999999999958298,
    -2.263636363635321,
    -3.863636363635319,
    -0.5428571428548388,
    -1.9428571428548373,
    1.300000000004168,
    2.20000000000417,
    0.10000000000416875,
    -4.69999999999583,
    -4.69999999999583,
    -0.39999999999583125,
    5.736363636364679,
    3.736363636364679,
    7.236363636364679,
    -5.1636363636353195,
    0.40000000000416946,
    0.10000000000416875,
    -1.7999999999958298,
    4.100000000004169,
    0.6363636363646812,
    -0.6636363636353195,
    3.736363636364679,
    0.7000000000041702,
    -0.04285714285483877,
    -0.09999999999583054,
    -5.263636363635321
  ]
}