{
  "test_name": "Cook's Distance (Python - statsmodels)",
  "dataset": "mtcars",
  "formula": "mpg ~ cyl + disp + hp + drat + wt + qsec + vs + am + gear + carb",
  "distances": [
    0.02059097602539769,
    0.009218354649140338,
    0.06352411329895011,
    0.00013067065074454575,
    0.004083138385087164,
    0.03697080496126667,
    6.90741269700286e-05,
    0.03454201048543789,
    0.3792206404688124,
    0.004282385164149538,
    0.024044818311376875,
    0.040137289680758,
    0.011016110394226793,
    0.0014121793998321999,
    0.0330756956875821,
    0.002411065017359667,
    0.14612594147586785,
    0.07356370901862382,
    0.007045139084899953,
    0.09860339999493097,
    0.08026150353233333,
    0.009609257732593864,
    0.02124257858265812,
    5.466773142881167e-07,
    0.02647384621986203,
    0.002467984129343179,
    0.0013293986544957413,
    0.13168703078788513,
    0.7135205531102248,
    5.198424304583695e-07,
    0.07309137825020302,
    0.06581416699460092
  ],
  "p": 11,
  "mse": 7.023544286507176,
  "threshold_4_over_n": 0.125,
  "threshold_4_over_df": 0.19047619047619047,
  "threshold_1": 1.0,
  "influential_4_over_n": [
    9,
    17,
    28,
    29
  ],
  "influential_4_over_df": [
    9,
    29
  ],
  "influential_1": [],
  "max_distance": 0.7135205531102248,
  "max_index": 29,
  "description": "Measures influence of each observation on regression coefficients. Uses statsmodels.stats.outliers_influence.OLSInfluence.cooks_distance."
}