{
  "test": "ols",
  "method": "statsmodels",
  "dataset": "mtcars",
  "formula": "mpg ~ cyl + disp + hp + drat + wt + qsec + vs + am + gear + carb",
  "n": 32,
  "k": 10,
  "df_residual": 21,
  "variable_names": [
    "Intercept",
    "cyl",
    "disp",
    "hp",
    "drat",
    "wt",
    "qsec",
    "vs",
    "am",
    "gear",
    "carb"
  ],
  "coefficients": [
    12.30337415599638,
    -0.11144047788687006,
    0.013335239913340263,
    -0.02148211898913672,
    0.7871109722361052,
    -3.7153039283274865,
    0.8210407496746277,
    0.3177628141854072,
    2.5202268872084357,
    0.6554130170817744,
    -0.19941925485625456
  ],
  "std_errors": [
    18.717884428721526,
    1.0450233625100003,
    0.017857500314128413,
    0.021768579252703178,
    1.6353730686050902,
    1.894414299532709,
    0.7308447960234493,
    2.1045086057077427,
    2.0566505534822643,
    1.4932599610728003,
    0.8287524976817686
  ],
  "t_stats": [
    0.6573058084020198,
    -0.10663922155692825,
    0.7467584868409467,
    -0.98684065412625,
    0.48130361649374614,
    -1.9611887057883444,
    1.123413280277752,
    0.1509914539306643,
    1.2254035489603503,
    0.43891421063142083,
    -0.2406258266660805
  ],
  "p_values": [
    0.5181243968984691,
    0.9160873755159541,
    0.46348865035389597,
    0.33495531411696705,
    0.635277897969505,
    0.06325215114455579,
    0.27394126997236323,
    0.8814234719769889,
    0.2339897107067931,
    0.66520643429303,
    0.8121787129527059
  ],
  "r_squared": 0.8690157644777646,
  "adj_r_squared": 0.8066423189909859,
  "f_statistic": 13.932463690208827,
  "f_p_value": 3.7931521053058713e-07,
  "mse": 7.023544286507176,
  "std_error": 2.650197027865509,
  "log_likelihood": -69.85490521723985,
  "aic": 161.7098104344797,
  "bic": 177.8329053652767,
  "conf_int_lower": [
    -26.622597445985555,
    -2.2846855306265392,
    -0.02380146497215007,
    -0.06675235778310998,
    -2.61383350252983,
    -7.654954133285797,
    -0.6988342064829145,
    -4.058802418592959,
    -1.7568120775801264,
    -2.449991071742737,
    -1.9229044228879046
  ],
  "conf_int_upper": [
    51.229345757978315,
    2.061804574852799,
    0.0504719447988306,
    0.023788119804836534,
    4.18805544700204,
    0.22434627663082418,
    2.34091570583217,
    4.694328046963774,
    6.797265851996998,
    3.760817105906286,
    1.5240659131753955
  ],
  "residuals": [
    -1.5995057612622503,
    -1.1118860793565304,
    -3.4506440847986752,
    0.16259545332451708,
    1.0065659713028552,
    -2.2830390356713544,
    -0.08625625278059523,
    1.90398811511146,
    -1.6190898975621408,
    0.5009700576606768,
    -1.3916543921441011,
    2.2278378895568913,
    1.7004264039906154,
    -0.5422246994628566,
    -1.6340134151275922,
    -0.5364377108557452,
    4.206370638165787,
    4.627094192221723,
    0.5032610886887063,
    4.3876309042612895,
    -2.143103441604918,
    -1.4430532211757985,
    -2.5321814978290433,
    -0.006021976201454393,
    2.5083210113081655,
    -0.9934686934445267,
    -0.15295396086849777,
    2.7637274172028476,
    -3.07004080286438,
    0.006171845525354769,
    1.0588816179404397,
    -2.9682676832436634
  ],
  "vif": [
    {
      "variable": "cyl",
      "vif": 15.373833403442195,
      "rsquared": 0.93495441418169
    },
    {
      "variable": "disp",
      "vif": 21.620241028958883,
      "rsquared": 0.953747046637428
    },
    {
      "variable": "hp",
      "vif": 9.832036844359045,
      "rsquared": 0.8982916748757169
    },
    {
      "variable": "drat",
      "vif": 3.3746200083147495,
      "rsquared": 0.7036703399090585
    },
    {
      "variable": "wt",
      "vif": 15.164886963987044,
      "rsquared": 0.9340581962546269
    },
    {
      "variable": "qsec",
      "vif": 7.527958225291088,
      "rsquared": 0.867161855834909
    },
    {
      "variable": "vs",
      "vif": 4.965873466484715,
      "rsquared": 0.7986255576689334
    },
    {
      "variable": "am",
      "vif": 4.64848745550016,
      "rsquared": 0.7848762614564475
    },
    {
      "variable": "gear",
      "vif": 5.35745210594066,
      "rsquared": 0.8133441083138866
    },
    {
      "variable": "carb",
      "vif": 7.908746751184423,
      "rsquared": 0.8735577163537018
    }
  ]
}