{
  "test": "ridge",
  "method": "sklearn",
  "alpha": 0,
  "n": 97,
  "p": 8,
  "lambda_sequence": [
    0.014266845058258475,
    0.023166171147209685,
    0.03761668984490401,
    0.06108110597543171,
    0.0991820790868272,
    0.16104955296556628,
    0.2615085179622287,
    0.4246314485667827,
    0.6895066689107535,
    1.1196048904927816,
    1.8179883782641146,
    2.9520072407406963,
    4.793400691431424,
    7.783412544357482,
    12.638524241037384,
    20.5221416802693,
    33.323376298756635,
    54.109723305153786,
    87.8621100668466,
    142.66845058258474
  ],
  "coefficients": [
    [
      -2.4201152958588286,
      -0.025762405651336917,
      0.022103653620756582,
      -0.09310594564111788,
      -0.15256593524235182,
      0.36704455377949036,
      0.19719371794358778,
      -0.0071107436933751855,
      0.56567304415211
    ],
    [
      -2.4198053101803145,
      -0.025661064780899683,
      0.02209771100893874,
      -0.09308571745614551,
      -0.1523163195853191,
      0.3669601907756958,
      0.19715914136178936,
      -0.007106628071232961,
      0.5655777074377265
    ],
    [
      -2.4193024027601164,
      -0.02549665964248666,
      0.022088069853681103,
      -0.09305289032735857,
      -0.15191138735792103,
      0.3668233346314885,
      0.197103066916254,
      -0.007099951649213004,
      0.565423000517655
    ],
    [
      -2.418486951201396,
      -0.02523009676082527,
      0.022072436668633597,
      -0.09299963623929583,
      -0.15125488870683185,
      0.3666014543195535,
      0.19701219919608665,
      -0.007089127549377907,
      0.5651720506828863
    ],
    [
      -2.417165881526588,
      -0.02479829521415499,
      0.022047109446429854,
      -0.09291329462316214,
      -0.15019156550159948,
      0.3662420730743455,
      0.1968651353035383,
      -0.0070715960948939715,
      0.5647652472795691
    ],
    [
      -2.4150287315465566,
      -0.02409986866356507,
      0.022006134833593406,
      -0.09277343968471075,
      -0.14847201019366793,
      0.3656608864091839,
      0.19662760712378358,
      -0.007043245565387788,
      0.5641064839056916
    ],
    [
      -2.4115792963909377,
      -0.02297290950638346,
      0.021939996842543656,
      -0.09254724996579843,
      -0.14569827055532872,
      0.36472336130839206,
      0.19624523094560556,
      -0.006997515601999217,
      0.5630415028741148
    ],
    [
      -2.4060322329057806,
      -0.02116156913402754,
      0.0218336345065589,
      -0.09218232920352591,
      -0.14124235515742403,
      0.36321713768197866,
      0.19563293917681815,
      -0.0069240536174218935,
      0.5613244949119841
    ],
    [
      -2.3971640379562853,
      -0.018268495326306314,
      0.02166359327439215,
      -0.09159591442529119,
      -0.13413109510820007,
      0.36081292187142416,
      0.19466079990910554,
      -0.006806814121411093,
      0.5585683467899567
    ],
    [
      -2.3831162070163363,
      -0.013694080146147142,
      0.021394306732050387,
      -0.09065951069426036,
      -0.12290118373178405,
      0.3570148070961195,
      0.1931380678707585,
      -0.00662165301480931,
      0.5541749874676007
    ],
    [
      -2.361177060420131,
      -0.006576536625824616,
      0.020974179838359752,
      -0.0891791405864158,
      -0.10546149127343898,
      0.35111128394225877,
      0.19080297878670366,
      -0.006333982360698295,
      0.5472489096752893
    ],
    [
      -2.3276328232265713,
      0.004221063113650702,
      0.020333811666414025,
      -0.08687510676349924,
      -0.07907869935071182,
      0.34216183816640294,
      0.18733706582079682,
      -0.005898230984815644,
      0.5365165445590787
    ],
    [
      -2.2778709371482107,
      0.01997114687803514,
      0.019391738965613636,
      -0.08337365239889352,
      -0.04074090293926784,
      0.3290920158373187,
      0.1824368625361391,
      -0.005262798572821154,
      0.5203160871369824
    ],
    [
      -2.2069409537992772,
      0.041619782866231844,
      0.018076185298503616,
      -0.0782367186166221,
      0.011719212819741347,
      0.3109927836136302,
      0.17597225417623918,
      -0.004385626321628135,
      0.49678234395835563
    ],
    [
      -2.110495948584229,
      0.06888419187319554,
      0.016368298059917866,
      -0.07106658679462363,
      0.0775424640180241,
      0.28763432726612115,
      0.1681935797564497,
      -0.003262246616570914,
      0.46436881309498124
    ],
    [
      -1.9853434486552122,
      0.09917782602140723,
      0.014352904390517696,
      -0.061703469268468716,
      0.15074396751135238,
      0.2599189897527539,
      0.1598023519518562,
      -0.0019557051145301656,
      0.42267928046653985
    ],
    [
      -1.8283684320133713,
      0.12731218693058646,
      0.012230756046871759,
      -0.050459043261216883,
      0.2197214691563354,
      0.22973300235133823,
      0.1516190619180657,
      -0.0006035516862697473,
      0.37316113902450065
    ],
    [
      -1.6335641543936605,
      0.1469967100296063,
      0.010245306205993015,
      -0.03823198275923532,
      0.2706637066573488,
      0.19902774700420772,
      0.14383149396342187,
      0.0006150992494484537,
      0.3189625183577167
    ],
    [
      -1.3897282099394355,
      0.15366897294763326,
      0.008550577580370944,
      -0.026352379051234765,
      0.2934388374711562,
      0.16890561059743625,
      0.13536001754875787,
      0.0015367927588539802,
      0.26384304613484966
    ],
    [
      -1.0843337852578094,
      0.146537451462098,
      0.007133170647514356,
      -0.01616473667918398,
      0.28582522921873976,
      0.13963564864320513,
      0.12417494470336576,
      0.002063547130717424,
      0.2110145197702262
    ]
  ],
  "degrees_of_freedom": [
    7.997584630261988,
    7.996079061916374,
    7.993636125297068,
    7.989674001158882,
    7.983252647603802,
    7.972857960821623,
    7.956063483380046,
    7.929012338563197,
    7.885654763082355,
    7.816703039872284,
    7.708386366108501,
    7.541410031532286,
    7.2911425390380415,
    6.930784054605934,
    6.439123211845468,
    5.811824921340053,
    5.0703660550907985,
    4.26108683796438,
    3.443194315287613,
    2.6731779933347366
  ],
  "test_lambdas": [
    0.014266845058258475,
    1.8179883782641146,
    142.66845058258474
  ],
  "test_predictions": [
    [
      -0.8265600552123686,
      -0.5121547381598732,
      -0.0873287784012795,
      -0.511205728422895,
      -0.12452868402344919
    ],
    [
      -0.7847241696978169,
      -0.47374174291162663,
      -0.06989895011058733,
      -0.4734994830319412,
      -0.09831044253148691
    ],
    [
      0.1611354034783692,
      0.35542843784867206,
      0.5429234121645085,
      0.35003043774916276,
      0.5131819407339084
    ]
  ],