{
  "test": "lasso",
  "method": "sklearn",
  "alpha": 1,
  "n": 97,
  "p": 8,
  "lambda_sequence": [
    0.0014266845058258475,
    0.0023166171147209684,
    0.0037616689844904012,
    0.006108110597543171,
    0.00991820790868272,
    0.016104955296556627,
    0.026150851796222865,
    0.04246314485667827,
    0.06895066689107535,
    0.11196048904927815,
    0.18179883782641146,
    0.29520072407406966,
    0.4793400691431424,
    0.7783412544357482,
    1.2638524241037383,
    2.05221416802693,
    3.3323376298756635,
    5.410972330515379,
    8.78621100668466,
    14.266845058258474
  ],
  "coefficients": [
    [
      -2.3808538295018526,
      -0.01878892619749081,
      0.021634104914807002,
      -0.09157146275150704,
      -0.1393289386185385,
      0.36310123610566103,
      0.1919215034108656,
      -0.0068440232187911435,
      0.5619574578866856
    ],
    [
      -2.356053039285477,
      -0.014337569193994983,
      0.021335261011402852,
      -0.09059403911917219,
      -0.13082204342378786,
      0.36055702151028335,
      0.18859818541515305,
      -0.00667352866747246,
      0.5595443455745007
    ],
    [
      -2.3157820930186293,
      -0.0071095592338932595,
      0.020850005232406838,
      -0.08900692136065372,
      -0.11700874488383567,
      0.35642578503080474,
      0.1832018589567878,
      -0.006396683580882775,
      0.5556259899329251
    ],
    [
      -2.2362298399621205,
      -0.0,
      0.0201222417922,
      -0.08601830369677042,
      -0.09477483188147703,
      0.3497860005020823,
      0.17401219094300785,
      -0.005950588429232351,
      0.5499771496269723
    ],
    [
      -2.071724797653004,
      -0.0,
      0.01909067038514455,
      -0.08013882811073801,
      -0.05916056993651731,
      0.33917518529503204,
      0.15802450286684278,
      -0.005234815220088016,
      0.5425853393579932
    ],
    [
      -1.8046053322151452,
      -0.0,
      0.017415631291255666,
      -0.07059188079228866,
      -0.0013310143883858482,
      0.3219456041474901,
      0.13206404170728825,
      -0.0040725594673541214,
      0.5305826980000297
    ],
    [
      -1.3489401278453033,
      0.0,
      0.015020547769110902,
      -0.059319376442065384,
      -0.0,
      0.3073452934409656,
      0.08252289231360112,
      -0.002030031449504187,
      0.5217025675764811
    ],
    [
      -0.7914073812529792,
      0.0,
      0.011528487862555132,
      -0.04099521134531859,
      0.0,
      0.2922987089868956,
      0.029870684012950042,
      -0.0,
      0.508385969600105
    ],
    [
      -0.35333005593245237,
      0.0,
      0.00685310582913065,
      -0.010937071715262028,
      0.0,
      0.28919642883834235,
      0.015820352555426784,
      -0.0,
      0.48894733039700805
    ],
    [
      0.13935571764302845,
      0.0,
      0.0016009992607759608,
      -0.0,
      0.0,
      0.275985345198238,
      0.0,
      0.0,
      0.4672017746506767
    ],
    [
      0.32953766556732345,
      0.0,
      0.0,
      -0.0,
      0.0,
      0.24399128168183418,
      0.0,
      0.0,
      0.42940654718335197
    ],
    [
      0.47811609050129333,
      0.0,
      0.0,
      -0.0,
      0.0,
      0.19135480566562457,
      0.0,
      0.0,
      0.36564749559094856
    ],
    [
      0.7193742948950637,
      0.0,
      0.0,
      -0.0,
      0.0,
      0.10588492796293987,
      0.0,
      0.0,
      0.26211702559341576
    ],
    [
      1.1712288420138772,
      0.0,
      0.0,
      0.0,
      0.0,
      0.0,
      0.0,
      0.0,
      0.0721359284268185
    ],
    [
      1.350009580484536,
      0.0,
      0.0,
      0.0,
      0.0,
      0.0,
      0.0,
      0.0,
      0.0
    ],
    [
      1.350009580484536,
      0.0,
      0.0,
      0.0,
      0.0,
      0.0,
      0.0,
      0.0,
      0.0
    ],
    [
      1.350009580484536,
      0.0,
      0.0,
      0.0,
      0.0,
      0.0,
      0.0,
      0.0,
      0.0
    ],
    [
      1.350009580484536,
      0.0,
      0.0,
      0.0,
      0.0,
      0.0,
      0.0,
      0.0,
      0.0
    ],
    [
      1.350009580484536,
      0.0,
      0.0,
      0.0,
      0.0,
      0.0,
      0.0,
      0.0,
      0.0
    ],
    [
      1.350009580484536,
      0.0,
      0.0,
      0.0,
      0.0,
      0.0,
      0.0,
      0.0,
      0.0
    ]
  ],
  "nonzero_counts": [
    8,
    8,
    8,
    7,
    7,
    7,
    6,
    5,
    5,
    3,
    2,
    2,
    2,
    1,
    0,
    0,
    0,
    0,
    0,
    0
  ],
  "degrees_of_freedom": [
    8.0,
    8.0,
    8.0,
    7.0,
    7.0,
    7.0,
    6.0,
    5.0,
    5.0,
    3.0,
    2.0,
    2.0,
    2.0,
    1.0,
    0.0,
    0.0,
    0.0,
    0.0,
    0.0,
    0.0
  ],
  "test_lambdas": [
    0.0014266845058258475,
    0.18179883782641146,
    14.266845058258474
  ],
  "test_predictions": [
    [
      -0.8181565808122819,
      -0.5046678331706069,
      -0.09167447368789405,
      -0.5039757054962699,
      -0.12011816457160185
    ],
    [
      -0.19368706979200567,
      -0.07849275181841087,
      -0.07849275181841087,
      -0.07849275181841087,
      0.15084577041764158
    ],
    [
      1.350009580484536,
      1.350009580484536,
      1.350009580484536,
      1.350009580484536,
      1.350009580484536
    ]
  ],
  "fitted_values": [
    1.350009580484536,
    1.350009580484536,
    1.350009580484536,
    1.350009580484536,
    1.350009580484536,
    1.350009580484536,
    1.350009580484536,
    1.350009580484536,
    1.350009580484536,
    1.350009580484536,
    1.350009580484536,
    1.350009580484536,
    1.350009580484536,
    1.350009580484536,
    1.350009580484536,
    1.350009580484536,
    1.350009580484536,
    1.350009580484536,
    1.350009580484536,
    1.350009580484536,
    1.350009580484536,
    1.350009580484536,
    1.350009580484536,
    1.350009580484536,
    1.350009580484536,
    1.350009580484536,
    1.350009580484536,
    1.350009580484536,
    1.350009580484536,
    1.350009580484536,
    1.350009580484536,
    1.350009580484536,
    1.350009580484536,
    1.350009580484536,
    1.350009580484536,
    1.350009580484536,
    1.350009580484536,
    1.350009580484536,
    1.350009580484536,
    1.350009580484536,
    1.350009580484536,
    1.350009580484536,
    1.350009580484536,
    1.350009580484536,
    1.350009580484536,
    1.350009580484536,
    1.350009580484536,
    1.350009580484536,
    1.350009580484536,
    1.350009580484536,
    1.350009580484536,
    1.350009580484536,
    1.350009580484536,
    1.350009580484536,
    1.350009580484536,
    1.350009580484536,
    1.350009580484536,
    1.350009580484536,
    1.350009580484536,
    1.350009580484536,
    1.350009580484536,
    1.350009580484536,
    1.350009580484536,
    1.350009580484536,
    1.350009580484536,
    1.350009580484536,
    1.350009580484536,
    1.350009580484536,
    1.350009580484536,
    1.350009580484536,
    1.350009580484536,
    1.350009580484536,
    1.350009580484536,
    1.350009580484536,
    1.350009580484536,
    1.350009580484536,
    1.350009580484536,
    1.350009580484536,
    1.350009580484536,
    1.350009580484536,
    1.350009580484536,
    1.350009580484536,
    1.350009580484536,
    1.350009580484536,
    1.350009580484536,
    1.350009580484536,
    1.350009580484536,
    1.350009580484536,
    1.350009580484536,
    1.350009580484536,
    1.350009580484536,
    1.350009580484536,
    1.350009580484536,
    1.350009580484536,
    1.350009580484536,
    1.350009580484536,
    1.350009580484536
  ],