{
  "dataset": "prostate",
  "alpha": 0.05,
  "n": 97,
  "p": 8,
  "df_residuals": 88,
  "mse": 0.49058749077511726,
  "train": {
    "predicted": [
      -0.8269065985651027,
      -0.5124734376075949,
      -0.08746932094978437,
      -0.5115184377949292,
      -0.12474589766663075,
      -0.1619459722228907,
      -0.045119606094716824,
      -0.21502469021846005,
      -0.07686126867358667,
      0.2845967213545674,
      0.44377218593433854,
      0.1525685897601291,
      0.6878499209491858,
      0.7112721573888454,
      0.8581352073292283,
      0.5817973813045143,
      0.6998532754406749,
      1.238015220530677,
      0.08654552888688172,
      0.4531438177805863,
      0.526398343417197,
      1.3497084925971974,
      0.504816632441809,
      1.1984112157470026,
      0.5154470571425881,
      0.6481029396700279,
      0.6572837204443919,
      0.5487378563802461,
      0.8342448289498606,
      1.9084676929528117,
      0.7069740261491129,
      0.570112471082038,
      0.7634542963256812,
      0.6362224367920459,
      1.0671750141574416,
      0.7018551761161026,
      2.4537469672716874,
      1.0672384766635954,
      1.7533887292686272,
      1.2264465759085947,
      0.9507015276687776,
      1.2229657617889003,
      1.0327137124453305,
      1.9359627636587402,
      1.2946266218594953,
      0.9927483784758336,
      2.387233428893169,
      1.21021589124681,
      0.7095085332611832,
      1.26350782937318,
      1.1277868952044265,
      0.8812778236201868,
      1.1807537621067488,
      1.961816833036718,
      1.2885642273904692,
      1.0331113884070202,
      1.787273006922974,
      0.6883106818535298,
      1.2954758556457957,
      0.8862262134758595,
      1.1422365681427544,
      1.984125545601073,
      2.4951224341344247,
      1.956544917852012,
      1.3350104035390566,
      1.4198277424138313,
      1.8367627305349532,
      1.6793577918280265,
      1.4708670853536405,
      1.565085847763354,
      1.9330810847579487,
      1.4449724013562153,
      2.031872706708958,
      1.9358599839914061,
      2.7743288310565495,
      2.6523384488542057,
      1.9162559539936397,
      1.7191528322683887,
      2.776369054888991,
      2.151594472514331,
      2.074572503193262,
      2.515000218493073,
      2.4675054466533055,
      2.753202542101064,
      2.1470545084311894,
      2.742291760562683,
      1.3693212663837828,
      2.2171754752874238,
      2.9834060309848223,
      2.3284262131207942,
      2.0605064740372994,
      1.655998986944354,
      2.8789951080016305,
      2.970554298120165,
      3.7417396779810232,
      3.1699489128102827,
      4.249964183660828
    ],
    "lower": [
      -2.2974413784220054,
      -1.9607350464011986,
      -1.5799559343128582,
      -1.9588369538545192,
      -1.5579214888596564,
      -1.5989101697758572,
      -1.4679989621387812,
      -1.6528980520744372,
      -1.529830646779287,
      -1.1359484364756316,
      -0.9796017113734125,
      -1.2671919725706755,
      -0.7340399154925076,
      -0.7293416738126641,
      -0.5736081545871712,
      -0.8492054005361518,
      -0.7180458611542632,
      -0.20818671880765516,
      -1.3832525663724817,
      -0.9714919165614605,
      -0.888491106450362,
      -0.10854029049240799,
      -0.9061032121744291,
      -0.2483860659288537,
      -0.9068367136444185,
      -0.7839542350129872,
      -0.8184573213023721,
      -0.8754449263534096,
      -0.6464792902957187,
      0.4189691004372955,
      -0.7204159505523018,
      -0.848058391419185,
      -0.6966839637641646,
      -0.7854343154642576,
      -0.3561818971798052,
      -0.7425560022513328,
      0.9321223945230397,
      -0.4230454761461109,
      0.27902866335890897,
      -0.22479709291403727,
      -0.5991742969617824,
      -0.2107642086240491,
      -0.38941560923796925,
      0.47994636917271793,
      -0.12762826551273831,
      -0.4273840883008019,
      0.8619027476305374,
      -0.20696640097460572,
      -0.7579789848718985,
      -0.16656232358095546,
      -0.33700586411892175,
      -0.550167483327892,
      -0.2718731775479102,
      0.5178849489076809,
      -0.14563162887130088,
      -0.40488266970541553,
      0.3058349628994095,
      -0.7682630936388812,
      -0.13487736835013564,
      -0.546399587410591,
      -0.30795712716621604,
      0.5286774384373605,
      0.9818950778902262,
      0.49300916013832463,
      -0.09757428583992889,
      0.004773704356369146,
      0.37557788246199486,
      0.24698148651675322,
      -0.003886628063204167,
      0.09069070481678887,
      0.4895823793061116,
      -0.019688110824984006,
      0.5735676989910123,
      0.4124114733360609,
      1.3152370789590055,
      1.200573685059729,
      0.46093762234588564,
      0.25928721622477346,
      1.3190141108263926,
      0.7035607927930487,
      0.6181403172134803,
      1.026099826964788,
      1.0080214176794593,
      1.2506210560351843,
      0.7091086983240658,
      1.30109318663343,
      -0.07971286812762957,
      0.7692682744934611,
      1.4775719885189436,
      0.8510508973751354,
      0.5782618526377228,
      0.13655659487643357,
      1.4283928909361163,
      1.4654259133825245,
      2.2282904296816577,
      1.6725543637199518,
      2.7546337259469262
    ],
    "upper": [
      0.6436281812917999,
      0.9357881711860087,
      1.4050172924132895,
      0.9358000782646606,
      1.308429693526395,
      1.275018225330076,
      1.3777597499493477,
      1.222848671637517,
      1.3761081094321135,
      1.7051418791847661,
      1.8671460832420896,
      1.5723291520909335,
      2.109739757390879,
      2.151885988590355,
      2.289878569245628,
      2.0128001631451804,
      2.117752412035613,
      2.684217159869009,
      1.5563436241462452,
      1.8777795521226333,
      1.941287793284756,
      2.8079572756868028,
      1.9157364770580472,
      2.6452084974228587,
      1.9377308279295948,
      2.080160114353043,
      2.1330247621911558,
      1.9729206391139018,
      2.31496894819544,
      3.397966285468328,
      2.1343640028505275,
      1.988283333583261,
      2.223592556415527,
      2.057879189048349,
      2.4905319254946887,
      2.146266354483538,
      3.975371540020335,
      2.557522429473302,
      3.2277487951783455,
      2.6776902447312265,
      2.5005773522993375,
      2.6566957322018494,
      2.45484303412863,
      3.3919791581447623,
      2.7168815092317287,
      2.4128808452524693,
      3.9125641101558006,
      2.627398183468226,
      2.1769960513942648,
      2.693577982327316,
      2.592579654527775,
      2.3127231305682656,
      2.633380701761408,
      3.4057487171657552,
      2.722760083652239,
      2.4711054465194557,
      3.2687110509465387,
      2.144884457345941,
      2.725829079641727,
      2.31885201436231,
      2.5924302634517247,
      3.4395736527647855,
      4.008349790378623,
      3.4200806755656994,
      2.767595092918042,
      2.834881780471293,
      3.2979475786079115,
      3.1117340971392995,
      2.945620798770485,
      3.039480990709919,
      3.376579790209786,
      2.909632913537415,
      3.4901777144269035,
      3.459308494646751,
      4.233420583154094,
      4.104103212648682,
      3.371574285641394,
      3.1790184483120036,
      4.233723998951589,
      3.5996281522356135,
      3.5310046891730438,
      4.003900610021358,
      3.9269894756271517,
      4.255784028166944,
      3.585000318538313,
      4.183490334491935,
      2.818355400895195,
      3.6650826760813864,
      4.489240073450701,
      3.805801528866453,
      3.542751095436876,
      3.1754413790122746,
      4.3295973250671445,
      4.475682682857805,
      5.255188926280389,
      4.6673434619006136,
      5.745294641374731
    ],