{
  "dataset": "synthetic_collinear",
  "alpha": 0.05,
  "n": 100,
  "p": 3,
  "df_residuals": 96,
  "mse": 9.579178320331081e-29,
  "train": {
    "predicted": [
      8.623637087467468,
      9.495206236576442,
      1.47073480929038,
      9.265876251614966,
      4.92116293079539,
      2.582443882989586,
      4.591357562382621,
      9.800325752854793,
      4.926180939928706,
      3.2875161028750863,
      6.334008543167269,
      2.4014561877819336,
      0.7586332810866372,
      1.288797219106492,
      1.280458389577724,
      1.5190269351229442,
      1.3882717264941018,
      6.40874744803216,
      1.8188008439914494,
      3.4566728332386374,
      8.967884099060136,
      4.73961640262873,
      6.675577385210285,
      1.7231987120162988,
      1.9228901880867093,
      0.4086861626647862,
      1.6893506307216464,
      2.7859033903195902,
      1.7701048427674693,
      0.8870253375705551,
      1.2063587110060079,
      4.607787680327264,
      2.063337184057927,
      3.6426986104807604,
      5.034172708548578,
      6.9039482862936685,
      0.3931213984109865,
      7.994103989090444,
      6.279003894909091,
      0.8175903194887177,
      8.735786241067792,
      9.208724005318151,
      0.6107795985486355,
      2.76877648147204,
      8.062012797930631,
      7.482596903836599,
      1.8452101935637737,
      2.093493233367105,
      3.7047210279138256,
      4.84522985191022,
      6.182547715302972,
      3.689136395697729,
      4.625347161331488,
      7.47470938133758,
      0.36683202890597666,
      2.52436944344021,
      7.13349585884554,
      8.95206837687201,
      5.11677442115667,
      5.321134852653168,
      1.0717201133977599,
      4.474123668234554,
      5.326172664550241,
      2.4247050363472993,
      2.692432309493813,
      3.7728416310462327,
      0.20071197777726058,
      3.2207916558317873,
      2.114480069965447,
      3.2749735217791516,
      1.1976213181925113,
      8.905272807398967,
      5.935924535540499,
      6.791023191444909,
      7.891712386073397,
      4.9844219892905794,
      0.8692028808742358,
      5.371065418185488,
      5.868411180208802,
      7.4543947418433145,
      4.316595462296801,
      1.2758030279556372,
      2.837759057987248,
      3.630822963986356,
      6.4591724133160255,
      5.70778304668913,
      3.5609672589784678,
      9.865152487929816,
      6.057748193568884,
      2.3722679173599475,
      1.0178247262040372,
      1.5285913918433203,
      2.459577283845084,
      1.606813732595557,
      1.865670240513059,
      2.8509516869384752,
      1.7337359529475496,
      8.967654246264269,
      0.8023374566164212,
      5.2451138957025565
    ],
    "lower": [
      8.623637087467449,
      9.495206236576422,
      1.4707348092903603,
      9.265876251614946,
      4.92116293079537,
      2.582443882989566,
      4.591357562382601,
      9.800325752854771,
      4.926180939928686,
      3.287516102875067,
      6.334008543167249,
      2.401456187781914,
      0.7586332810866174,
      1.2887972191064723,
      1.2804583895777042,
      1.5190269351229244,
      1.3882717264940816,
      6.40874744803214,
      1.8188008439914298,
      3.456672833238618,
      8.967884099060116,
      4.739616402628711,
      6.675577385210265,
      1.7231987120162793,
      1.9228901880866893,
      0.4086861626647664,
      1.6893506307216266,
      2.7859033903195702,
      1.7701048427674495,
      0.8870253375705354,
      1.2063587110059881,
      4.607787680327244,
      2.063337184057907,
      3.6426986104807404,
      5.034172708548558,
      6.903948286293649,
      0.3931213984109665,
      7.994103989090425,
      6.279003894909072,
      0.8175903194886981,
      8.735786241067773,
      9.208724005318132,
      0.6107795985486156,
      2.76877648147202,
      8.062012797930612,
      7.48259690383658,
      1.8452101935637537,
      2.0934932333670853,
      3.704721027913805,
      4.845229851910201,
      6.182547715302952,
      3.6891363956977097,
      4.625347161331468,
      7.4747093813375605,
      0.3668320289059569,
      2.52436944344019,
      7.13349585884552,
      8.95206837687199,
      5.11677442115665,
      5.321134852653149,
      1.07172011339774,
      4.474123668234535,
      5.326172664550222,
      2.4247050363472797,
      2.6924323094937934,
      3.772841631046213,
      0.20071197777724079,
      3.2207916558317677,
      2.1144800699654276,
      3.274973521779132,
      1.197621318192491,
      8.905272807398948,
      5.9359245355404795,
      6.791023191444889,
      7.891712386073378,
      4.98442198929056,
      0.8692028808742158,
      5.371065418185468,
      5.868411180208782,
      7.454394741843294,
      4.316595462296782,
      1.2758030279556172,
      2.8377590579872285,
      3.6308229639863363,
      6.459172413316006,
      5.70778304668911,
      3.560967258978448,
      9.865152487929796,
      6.057748193568864,
      2.372267917359928,
      1.0178247262040172,
      1.5285913918433007,
      2.4595772838450642,
      1.606813732595537,
      1.8656702405130392,
      2.8509516869384557,
      1.7337359529475298,
      8.96765424626425,
      0.8023374566164014,
      5.245113895702537
    ],
    "upper": [
      8.623637087467488,
      9.495206236576461,
      1.4707348092903998,
      9.265876251614985,
      4.9211629307954095,
      2.582443882989606,
      4.59135756238264,
      9.800325752854814,
      4.9261809399287255,
      3.287516102875106,
      6.33400854316729,
      2.401456187781953,
      0.758633281086657,
      1.2887972191065118,
      1.2804583895777437,
      1.519026935122964,
      1.388271726494122,
      6.408747448032179,
      1.818800843991469,
      3.456672833238657,
      8.967884099060155,
      4.73961640262875,
      6.675577385210304,
      1.7231987120163184,
      1.9228901880867293,
      0.408686162664806,
      1.6893506307216661,
      2.78590339031961,
      1.770104842767489,
      0.8870253375705749,
      1.2063587110060277,
      4.6077876803272835,
      2.063337184057947,
      3.6426986104807804,
      5.034172708548597,
      6.903948286293688,
      0.39312139841100646,
      7.994103989090464,
      6.279003894909111,
      0.8175903194887374,
      8.735786241067812,
      9.208724005318171,
      0.6107795985486554,
      2.76877648147206,
      8.06201279793065,
      7.482596903836619,
      1.8452101935637937,
      2.0934932333671243,
      3.704721027913846,
      4.84522985191024,
      6.1825477153029915,
      3.6891363956977488,
      4.625347161331509,
      7.4747093813375995,
      0.3668320289059964,
      2.52436944344023,
      7.133495858845561,
      8.95206837687203,
      5.1167744211566895,
      5.321134852653188,
      1.0717201133977796,
      4.474123668234574,
      5.326172664550261,
      2.424705036347319,
      2.6924323094938325,
      3.7728416310462523,
      0.20071197777728036,
      3.220791655831807,
      2.1144800699654667,
      3.274973521779171,
      1.1976213181925315,
      8.905272807398987,
      5.935924535540519,
      6.791023191444928,
      7.891712386073417,
      4.984421989290599,
      0.8692028808742558,
      5.371065418185507,
      5.868411180208821,
      7.454394741843335,
      4.316595462296821,
      1.2758030279556571,
      2.8377590579872676,
      3.6308229639863754,
      6.459172413316045,
      5.7077830466891495,
      3.5609672589784878,
      9.865152487929835,
      6.057748193568903,
      2.372267917359967,
      1.0178247262040572,
      1.5285913918433398,
      2.4595772838451033,
      1.606813732595577,
      1.8656702405130787,
      2.8509516869384948,
      1.7337359529475693,
      8.967654246264289,
      0.802337456616441,
      5.245113895702576
    ],