{
  "test": "ridge",
  "method": "sklearn",
  "alpha": 0,
  "n": 100,
  "p": 2,
  "lambda_sequence": [
    0.04762438396315887,
    0.07733136689756984,
    0.12556887477794268,
    0.2038958180305246,
    0.33108128653582203,
    0.5376020918575442,
    0.8729457716974792,
    1.4174690386555144,
    2.301653253489022,
    3.737371014693519,
    6.068656119377486,
    9.854142644780458,
    16.000927611242137,
    25.98193406057754,
    42.188860166700984,
    68.50528979157468,
    111.2372960749415,
    180.624533896739,
    293.29391666832976,
    476.2438396315889
  ],
  "coefficients": [
    [
      2.721201426312839,
      -0.7678226050563666,
      0.19215129938210798
    ],
    [
      2.721007731892679,
      -0.7667064530382957,
      0.19198097947556275
    ],
    [
      2.7206961798695515,
      -0.7648994470519379,
      0.19170517860028438
    ],
    [
      2.720198055720494,
      -0.761979365264637,
      0.1912593336902517
    ],
    [
      2.7194094819091132,
      -0.7572746167420269,
      0.1905405907478978
    ],
    [
      2.71818157269081,
      -0.7497307658454028,
      0.18938704582082294
    ],
    [
      2.7163226244004353,
      -0.7377272805492777,
      0.1875487830524486
    ],
    [
      2.713644735423114,
      -0.718860244533058,
      0.18465224025301802
    ],
    [
      2.7101344553165774,
      -0.6897704826262537,
      0.18016809232591438
    ],
    [
      2.7064138651996883,
      -0.646231636887354,
      0.17341159538767015
    ],
    [
      2.704762490336541,
      -0.5839077475560518,
      0.1636320322178853
    ],
    [
      2.7109334881140312,
      -0.5002486784506011,
      0.1502582554296121
    ],
    [
      2.7364322287484892,
      -0.39740079585462024,
      0.13329074609559802
    ],
    [
      2.799548801207285,
      -0.28443920889236857,
      0.11362329226768211
    ],
    [
      2.922188175204424,
      -0.1760652285347159,
      0.09293070528961976
    ],
    [
      3.1208379817276306,
      -0.08698411976111248,
      0.07304756224986209
    ],
    [
      3.3947621363583975,
      -0.025582924946730153,
      0.055318069100757115
    ],
    [
      3.719515470540893,
      0.008473779205120586,
      0.04040744422059466
    ],
    [
      4.053446037689447,
      0.02186657941625971,
      0.028485788898035165
    ],
    [
      4.355256289109446,
      0.023135623486749426,
      0.019419552698368918
    ]
  ],
  "degrees_of_freedom": [
    1.9979760817271826,
    1.996716778358092,
    1.9946771152889466,
    1.9913786986069817,
    1.9860581861968734,
    1.9775107888270393,
    1.9638684455337496,
    1.9423172808498674,
    1.90881480539637,
    1.8579916439809234,
    1.7836115003244595,
    1.6800503004302647,
    1.544793909465068,
    1.3806706483615765,
    1.1956868325943466,
    1.0002553264357927,
    0.8048104741578823,
    0.619785820178876,
    0.455596410836321,
    0.32025904072432776
  ],
  "test_lambdas": [
    0.04762438396315887,
    6.068656119377486,
    476.2438396315889
  ],
  "test_predictions": [
    [
      2.5874016427585027,
      6.895094922160384,
      10.376313182713801,
      5.3406224269729865,
      10.54643077186655
    ],
    [
      2.6492078074788115,
      6.876448026162787,
      9.785848085455996,
      5.288818743711505,
      10.04510751063524
    ],
    [
      4.425811297105459,
      5.665985947926078,
      5.938419410823256,
      5.128903837914751,
      6.120336704957175
    ]
  ],
  "fitted_values": [
    4.425811297105459,
    5.665985947926078,
    5.938419410823256,
    5.128903837914751,
    6.120336704957175,
    4.63432405890139,
    5.448909986989676,
    5.001295659756875,
    5.42490638950108,
    4.990432812771942,
    5.144555754352883,
    5.1329426691940165,
    4.584221407292811,
    4.606740749110173,
    5.097931952213868,
    5.526276725607384,
    5.423315663419775,
    5.268830075753093,
    4.471602962469448,
    4.9326295921697,
    4.606004751690039,
    5.131638844456627,
    5.81933904605112,
    5.1437448939606885,
    5.316692276486435,
    4.612225604119572,
    5.330735358646955,
    5.666457031497823,
    4.684506057300263,
    5.081173063228684,
    5.114160590188577,
    4.920680637839839,
    4.889807034581912,
    4.751444935640009,
    4.933009048774295,
    5.93286204581584,
    4.824898895943139,
    4.913322609336208,
    4.683969354368275,
    4.876644917654282,
    5.145834178152676,
    5.375666756592233,
    4.783911089987294,
    5.2076704966065925,
    5.164412497590338,
    5.361988147026575,
    4.666838733973564,
    5.932084800935227,
    4.895487996589774,
    4.566880903106052,
    4.899829077094156,
    4.772914019151906,
    5.524882215902888,
    4.634264418615397,
    4.579634721737147,
    5.8776479041047445,
    5.036436506216007,
    5.858641390701315,
    4.663987738262595,
    5.164607149226821,
    5.776618849889168,
    5.329845971475988,
    4.565867157109173,
    4.506394682056641,
    4.588276624811521,
    5.153445181304723,
    5.273444746447535,
    5.51403995792066,
    4.952896357808478,
    5.51558271284388,
    5.7276989411058405,
    5.126061073203082,
    5.008184770661245,
    6.091449908999546,
    4.936492014970188,
    5.148751016007743,
    4.560452788578396,
    5.24292167726648,
    5.082415204049407,
    5.608313602023874,
    5.398743029996976,
    4.858186211515605,
    6.117221827931273,
    4.692181587740062,
    4.72310065084204,
    4.710971489255666,
    5.648093132686396,
    5.25729957686852,
    5.078380295048156,
    5.909539489731607,
    4.706536119029207,
    6.100395227060261,
    4.916811595102508,
    5.030431223486679,
    4.459605433850166,
    6.058684289670051,
    5.463936662586265,
    4.6396760449321235,
    5.338070262442635,
    4.918393679469506
  ],