{
  "test": "ols",
  "method": "statsmodels",
  "dataset": "synthetic_high_vif",
  "formula": "x1 ~ x2 + x3 + y",
  "n": 100,
  "k": 3,
  "df_residual": 96,
  "variable_names": [
    "Intercept",
    "x2",
    "x3",
    "y"
  ],
  "coefficients": [
    -0.23900657644690537,
    -0.05597644613613939,
    -0.14949187852952694,
    0.2980005391373488
  ],
  "std_errors": [
    0.058752536610829756,
    0.08476837025588721,
    0.018802608319936423,
    0.02443805925559008
  ],
  "t_stats": [
    -4.068021403570339,
    -0.6603459045769704,
    -7.950592597890824,
    12.194116399369264
  ],
  "p_values": [
    9.724482785992243e-05,
    0.510613256184903,
    3.6137669888934065e-12,
    3.23526257867853e-21
  ],
  "r_squared": 0.995621048518795,
  "adj_r_squared": 0.9954842062850073,
  "f_statistic": 7275.685444186366,
  "f_p_value": 4.800407926559912e-113,
  "mse": 0.0397546094327978,
  "std_error": 0.19938557980154384,
  "conf_int_lower": [
    -0.3556294398815512,
    -0.2242403312074024,
    -0.18681476106030237,
    0.24949137491094633
  ],
  "conf_int_upper": [
    -0.12238371301225952,
    0.1122874389351236,
    -0.11216899599875152,
    0.3465097033637513
  ],
  "residuals": [
    -0.22922262318245146,
    -0.018037395660142508,
    0.17147766029629086,
    -0.24425666956494485,
    -0.034880881218080084,
    0.047216269432728275,
    0.23309547617913728,
    -0.30629644130794276,
    0.045049245398126714,
    0.054515521187479266,
    -0.23387615664979222,
    -0.06066722728373808,
    0.26917695420629606,
    -0.15850930354536708,
    0.15108708396276072,
    -0.01185433682294601,
    0.05489099610520398,
    0.19189122267567715,
    -0.11526240050245207,
    -0.1554036352820911,
    0.18654774850338907,
    0.48209449555930206,
    0.22707900245828233,
    -0.08961903973116114,
    0.33844362132057526,
    0.1665892291249289,
    -0.03546859008977732,
    -0.24071935842955483,
    -0.17786228622972716,
    0.29100444896629973,
    0.007037155184214328,
    -0.018655965084967363,
    0.06128223930784937,
    0.23193821947266002,
    0.02737533529534275,
    0.3007864609430353,
    0.013503105230576296,
    -0.08990663220256767,
    0.2800369285418354,
    0.2313222914778379,
    -0.07299436584085783,
    -0.0732835590016917,
    0.08431553622257715,
    -0.1865709362513437,
    0.03214154543080028,
    -0.40261941155519665,
    -0.047376749707076726,
    0.0775281441050153,
    -0.305252792587285,
    0.026321087685031053,
    -0.06022161732102482,
    -0.08327309498534907,
    -0.0802273179595252,
    -0.10286722053931463,
    0.22361882469009586,
    -0.0613148885251622,
    0.08382613561144137,
    0.20558970996697923,
    -0.15984446894011484,
    -0.10830383417368328,
    0.03592331716273922,
    -0.11134523845402278,
    0.3103955496333519,
    0.1418139093976949,
    -0.11145421259663424,
    -0.12556250312197736,
    0.28826292931888586,
    -0.08840689976897043,
    -0.2946053477700685,
    -0.12728563600780518,
    -0.055674463126592855,
    0.07737179614449263,
    0.27676902515955426,
    -0.21145693825834755,
    -0.009518026494772514,
    -0.17753927570501027,
    -0.11749976552241748,
    0.11586137646762662,
    -0.0016017813441226991,
    -0.6314034365746473,
    0.17450185488671055,
    -0.3027379037805975,
    -0.15941760464564503,
    0.06516104269620548,
    -0.2476018600914438,
    -0.26781866967311263,
    0.013758649715004623,
    -0.17825668673983985,
    0.13503103310557218,
    0.18707816529157228,
    0.21604181025680624,
    0.42537733513690545,
    -0.3163907792519356,
    0.2864727044242317,
    -0.0015152336180426218,
    0.22458346750845593,
    -0.11241832541693952,
    -0.2297394918892266,
    0.07808139740962572,
    -0.005367778229840581
  ],
  "vif": [
    {
      "variable": "x2",
      "vif": 163.94922749361433,
      "rsquared": 0.9939005507053155
    },
    {
      "variable": "x3",
      "vif": 1.872304607842435,
      "rsquared": 0.46589887360670557
    },
    {
      "variable": "y",
      "vif": 166.42879965216912,
      "rsquared": 0.9939914245485759
    }
  ]
}