{
  "test": "polynomial",
  "method": "statsmodels",
  "dataset": "synthetic_interaction",
  "formula": "x1 ~ poly(x2, 2, raw=True)",
  "degree": 2,
  "n": 100,
  "k": 2,
  "df_residual": 97,
  "df_model": 2,
  "variable_names": [
    "Intercept",
    "x^1",
    "x^2"
  ],
  "coefficients": [
    4.492241301239385,
    -0.11586919238543819,
    0.034398330800158236
  ],
  "std_errors": [
    0.9469523561073759,
    0.42792073262036767,
    0.04082655252226267
  ],
  "t_stats": [
    4.743893684055637,
    -0.27077256031955854,
    0.8425480153241169
  ],
  "p_values": [
    7.2120230981934635e-06,
    0.7871413018740238,
    0.40155396196623017
  ],
  "r_squared": 0.06012611199877782,
  "adj_r_squared": 0.04074726894720626,
  "f_statistic": 3.1026677825280045,
  "f_p_value": 0.049416823339069875,
  "mse": 8.129190982305376,
  "rmse": 2.8511736149006035,
  "mae": 2.423124803240448,
  "residual_std_error": 2.8511736149006035,
  "log_likelihood": -245.1439633680675,
  "aic": 496.287926736135,
  "bic": 504.10343729409925,
  "conf_int_lower": [
    2.612803004022505,
    -0.9651733921931727,
    -0.046631074595794214
  ],
  "conf_int_upper": [
    6.371679598456266,
    0.7334350074222964,
    0.11542773619611069
  ],
  "fitted_values": [
    4.419494889205286,
    6.148248354482009,
    5.78248311046074,
    4.78482425037666,
    6.5890319582786,
    4.608519268037973,
    6.683346497789528,
    5.252896236299701,
    5.14244381629786,
    4.394687241006087,
    6.145849104264289,
    4.625533118593987,
    4.394798063053741,
    4.4781798296179725,
    4.921447514091266,
    4.837938432856149,
    5.4387412335954926,
    6.186978530371548,
    4.421923075969697,
    5.485272585729472,
    4.395906666968636,
    6.031204969011763,
    5.850862778525822,
    4.871634253685037,
    5.404494730082461,
    4.467916887652273,
    4.709943015972968,
    5.862404517354891,
    4.6856395722404836,
    4.518029391232744,
    4.759766604392138,
    5.892270150042987,
    4.490353344546388,
    4.394764340663421,
    5.4111078239017285,
    5.8819787644709605,
    4.41047176025534,
    4.412227689038243,
    4.397072936658759,
    4.5055216868675245,
    4.668076459489215,
    5.553437310650035,
    5.196227610367753,
    5.099011891963403,
    4.511064844610032,
    5.952781539109153,
    4.710191475585541,
    6.655344189681135,
    5.140747507817895,
    4.400779884022108,
    5.281506870830331,
    4.4791108776588064,
    5.31731576642398,
    4.428231475691959,
    4.394809786067796,
    6.01964793879544,
    4.406541864304183,
    5.932445747025355,
    4.436936593598595,
    5.169012433474216,
    5.345401072553614,
    4.802271751958802,
    4.459122982512511,
    4.401393081918675,
    4.457574154683619,
    4.457844587204537,
    5.202934049627779,
    6.433518934169306,
    6.0936075515149035,
    5.6232923056083415,
    5.717043259556689,
    5.242839782425473,
    4.423695126671032,
    6.272074083837886,
    5.262587603864101,
    4.923293170743832,
    4.406012841628367,
    4.661722080525634,
    4.6878308132619075,
    6.0616512696006755,
    4.886750055197496,
    4.549233850371828,
    6.642509137846878,
    4.40611932893309,
    4.616810326310467,
    4.449622646954765,
    5.518084881653374,
    6.327786795388561,
    4.437519135534793,
    6.0319862474621315,
    4.447382884150436,
    6.290288678398992,
    5.574034264694382,
    5.788183898940394,
    4.472492568560626,
    6.565378996727659,
    5.466659862873284,
    4.458597077509916,
    5.897474132603206,
    4.438666130074872
  ],
  "residuals": [
    -4.201260921450391,
    0.4896485072738823,
    3.8514612316747634,
    0.8168575842417596,
    2.7791926620523206,
    -4.085940475177736,
    -2.4954133070479143,
    -2.6513183266791893,
    2.165765833509438,
    5.418283663966381,
    -3.580548479821811,
    1.9162128961467575,
    -2.4138217354563394,
    1.1751227160981266,
    -0.28212264720790436,
    4.882114863459221,
    0.6465314933691735,
    -2.6919148095033605,
    -3.2809652270903635,
    -3.972804298380127,
    -2.1427373674562853,
    -3.521538355608783,
    2.655297799885557,
    0.7405936291402124,
    -0.17058561633879687,
    -3.3202281689600985,
    3.891453917521382,
    1.3657385147299461,
    -4.008955953240468,
    2.560321581064942,
    0.6756155690343224,
    -5.075016692575204,
    0.0926530707401767,
    0.4521985306370482,
    -3.753362422268971,
    3.5750027055318627,
    4.0892819545512795,
    2.27799568425284,
    0.2258826733473125,
    -0.387866271022439,
    1.8416582120203264,
    -0.09911861658097987,
    -4.573496551548897,
    0.02601459573991427,
    3.552971327718363,
    -1.3603827631395724,
    -4.190625700042856,
    1.2074378041591958,
    -3.1271096864581507,
    -1.8145715351417198,
    -3.634443336507372,
    -1.1769602289438312,
    2.25019929046237,
    0.765627119347414,
    -2.3459970445606704,
    2.7586528427249695,
    4.38927668521111,
    2.773338503434715,
    -2.048974479783203,
    -0.6566189916643355,
    4.504495488855138,
    2.9178530111411005,
    -4.187448770256913,
    -3.7493471693137543,
    0.18173961343970912,
    4.6343574714110645,
    0.18408392989936306,
    -1.4553938538264024,
    -5.038870551948598,
    0.944508741634599,
    2.5039883464455652,
    -1.4386397073498496,
    3.3324233825822427,
    3.3726924551702293,
    -3.22492301258721,
    0.3100031412035813,
    -1.5346332607826105,
    3.2668221098127592,
    1.0881028455496677,
    0.2841729059023619,
    3.0923915409614455,
    -0.5895291237472793,
    2.508391546223554,
    0.9241693435283098,
    -3.0372620979569867,
    2.5093685347332597,
    2.4145286227291693,
    -3.1601700247132944,
    4.134273434452736,
    3.0294463001955316,
    -1.6783380103723466,
    3.5449260487532275,
    -4.166918984206798,
    -3.7680272149154943,
    -2.6302441761803648,
    2.374518103351046,
    1.0762656603763343,
    -2.9375542452871874,
    -1.4942399489197156,
    1.7143141206231478
  ]
}