{
  "test": "ols",
  "method": "statsmodels",
  "dataset": "synthetic_heteroscedastic",
  "formula": "x ~ y",
  "n": 100,
  "k": 1,
  "df_residual": 98,
  "variable_names": [
    "Intercept",
    "y"
  ],
  "coefficients": [
    -0.0943432617024644,
    0.5314896481308771
  ],
  "std_errors": [
    0.26107093828529865,
    0.02414572559632102
  ],
  "t_stats": [
    -0.3613702173137554,
    22.011748870858444
  ],
  "p_values": [
    0.7186006240591214,
    1.0334695568403812e-39
  ],
  "r_squared": 0.8317645920449139,
  "adj_r_squared": 0.8300479042086375,
  "f_statistic": 484.5170883537379,
  "f_p_value": 1.0334695568403812e-39,
  "mse": 1.4594736655211717,
  "std_error": 1.208086778969612,
  "log_likelihood": -159.7875113373764,
  "aic": 323.5750226747528,
  "bic": 328.785363046729,
  "conf_int_lower": [
    -0.612430042047632,
    0.4835732415194856
  ],
  "conf_int_upper": [
    0.4237435186427031,
    0.5794060547422686
  ],
  "residuals": [
    -1.214191432210139,
    -0.8960398953828728,
    -0.7719246751986535,
    -1.236645938690258,
    -0.6541589537763757,
    -0.37851629704975565,
    -0.2816576369996099,
    -1.0546321776699932,
    -0.29953946126257336,
    -1.5049916465343336,
    0.12474987544585481,
    -1.4947151688761888,
    -0.8197195639699808,
    -0.6564279821393924,
    -0.41421887287456727,
    -0.863909672997925,
    -0.6212347841891326,
    -1.2157310844927318,
    -0.663441833746532,
    -0.6654257077473278,
    -0.3452557170118795,
    -0.5041341465884779,
    -0.7089050022562433,
    0.5904051964495496,
    0.4023148547287576,
    -0.9533910440364073,
    -0.5530769158578392,
    -0.2867404168082923,
    -0.40836947969949833,
    -0.62938827316606,
    0.050040284214689645,
    0.26170732433690436,
    -0.46621266279238505,
    0.4872415630928213,
    -0.6043179612203389,
    1.1604128933602968,
    -1.101511154563802,
    -0.618042622327915,
    -0.41507759027392677,
    -1.0482597048163371,
    -1.6649209857029472,
    -1.0682882940651846,
    1.6260276425358504,
    1.1382710180981457,
    0.5413658666886785,
    -0.07281781940312282,
    -0.5475735012812653,
    0.7362172206733666,
    -0.17954762171636496,
    0.8318243359123363,
    0.7103875270413642,
    1.6051482683602885,
    1.114946249316553,
    1.6298837534370483,
    1.2454180714938552,
    -1.0554935801870622,
    1.2869019075226316,
    -2.917339376838214,
    -0.37263814857539934,
    0.015006836624070985,
    1.3178196795162798,
    -0.593396241507258,
    1.0289882407423132,
    0.16546784541497583,
    -2.9770105108667044,
    0.48874277368068597,
    -1.1439330386858346,
    1.3492681756919431,
    0.47171396649101904,
    -1.9938874673396478,
    1.3385169599332665,
    -2.068657321680236,
    -0.5027779596784709,
    1.337279520702599,
    -0.37479352633620966,
    -0.8657635491723168,
    -0.33841321860583307,
    2.9730107026310435,
    1.7356083003404263,
    1.0301000383749326,
    0.785558057223323,
    -0.2842931551460133,
    0.4289282902137268,
    2.8712358495352186,
    0.1364000251036952,
    -0.22586474419941638,
    -0.1313624563742799,
    -0.988358970209541,
    -0.5698089302996046,
    0.07398685488269052,
    0.9950395272866892,
    3.7709025778949705,
    0.16490320809908,
    0.5698573415670651,
    0.4732876191748616,
    3.2698670995633883,
    2.9563377359766383,
    -0.9071093008397622,
    1.1114818535532418,
    -0.20871773698877938
  ],
  "vif": []
}