{
  "test": "polynomial",
  "method": "statsmodels",
  "dataset": "synthetic_nonlinear",
  "formula": "x ~ poly(y, 2, raw=True)",
  "degree": 2,
  "n": 100,
  "k": 2,
  "df_residual": 97,
  "df_model": 2,
  "variable_names": [
    "Intercept",
    "x^1",
    "x^2"
  ],
  "coefficients": [
    -2.3283181447063717,
    0.7081497122774766,
    -0.009472211617850975
  ],
  "std_errors": [
    0.32624621588523073,
    0.16766704735165852,
    0.01368561886583719
  ],
  "t_stats": [
    -7.136690117274631,
    4.223547342562967,
    -0.6921288478591232
  ],
  "p_values": [
    1.743179938277497e-10,
    5.42924681457938e-05,
    0.49050992469408394
  ],
  "r_squared": 0.6154484085721235,
  "adj_r_squared": 0.6075195097797961,
  "f_statistic": 77.62091870408048,
  "f_p_value": 7.418203269586798e-21,
  "mse": 3.3704494024623846,
  "rmse": 1.835878373548309,
  "mae": 1.4401113935098917,
  "residual_std_error": 1.835878373548309,
  "log_likelihood": -201.12319741222393,
  "aic": 408.24639482444786,
  "bic": 416.06190538241214,
  "conf_int_lower": [
    -2.975826573723113,
    0.3753770358681353,
    -0.036634376695828454
  ],
  "conf_int_upper": [
    -1.6808097156896302,
    1.040922388686818,
    0.017689953460126508
  ],
  "fitted_values": [
    0.043257350107085854,
    -0.08430118758892084,
    0.08375812735147085,
    -0.5093823170805395,
    -0.4269984240400355,
    -0.7262445454276168,
    -0.8290183574125249,
    -0.895506574795294,
    -0.8223641943742962,
    -1.15834330285681,
    -0.6741972404900618,
    -1.491599649334873,
    -1.3397382388495147,
    -1.5119496476948486,
    -0.953161976346696,
    -1.4533597826760212,
    -1.24177582031593,
    -2.1817990080267626,
    -1.6372940347976916,
    -1.4843516748561536,
    -1.8198170383844514,
    -1.533215212683872,
    -2.1319084756258495,
    -1.5076520494593388,
    -1.2439082703865338,
    -2.200350643076508,
    -2.2619063335726133,
    -1.627192883689513,
    -1.606924025131008,
    -2.360763296133429,
    -2.3395649111459935,
    -2.3014093921084857,
    -2.686553500398667,
    -2.536376038355284,
    -2.5647128283836755,
    -2.4738786937355113,
    -2.2033623099519932,
    -2.0937310788679078,
    -1.6169351144233453,
    -2.4862203946622525,
    -1.7617542722766841,
    -2.1479545723016558,
    -2.053672493145041,
    -1.7608154626461057,
    -2.3455487640026926,
    -1.7688010773509812,
    -1.7906100592205823,
    -1.620798955024803,
    -1.6296708155562174,
    -0.8309611050796073,
    -1.814750083342598,
    -1.7035606048693799,
    -1.6571648881008352,
    -1.5516801100625428,
    -1.4936621975043334,
    -0.7878222127258535,
    -0.6196951003014095,
    -1.1894643761701784,
    -1.1764830032432647,
    -0.6359515899969949,
    -0.8683033744581394,
    -0.36552599150772624,
    -0.3920309017353852,
    -0.840496040779368,
    0.2779455081981142,
    0.47817938430941076,
    -0.16337541444091877,
    0.04137818652746918,
    0.3901391175580847,
    0.5421090889371011,
    0.7822778076147896,
    1.3352896371699416,
    0.8116844844884028,
    0.7690499098094201,
    0.7426445370848745,
    1.0983284342253696,
    1.4661251278847467,
    2.158761170034407,
    1.6426126054870884,
    2.0232774264008304,
    2.1184936138635333,
    2.6263584094924304,
    3.158704362124035,
    2.4802573952501765,
    2.6656188493638306,
    3.2591949319575546,
    3.334511736380853,
    3.814068138141695,
    3.6588719671571317,
    3.589611905012307,
    4.015449590567019,
    4.324147224774622,
    4.430597560601958,
    4.5330493797217,
    4.8485129059749745,
    5.051747343783688,
    5.279829118676778,
    5.28998822014995,
    5.283963309462191,
    5.538528067338742
  ],
  "residuals": [
    -5.043257350107086,
    -4.8146887114009775,
    -4.881737925331269,
    -4.187587379889158,
    -4.168961171919561,
    -3.768704949521878,
    -3.5649210365268686,
    -3.397422718133999,
    -3.369554997544896,
    -2.9325657880522806,
    -3.3157017494089276,
    -2.3972892395540155,
    -2.448140549029273,
    -2.1749190391738384,
    -2.6326966095118896,
    -2.0314887021724637,
    -2.142062563522454,
    -1.1010292748015202,
    -1.54452414702049,
    -1.5964564059519273,
    -1.1599809414135287,
    -1.3455726661040068,
    -0.6458693021519282,
    -1.169115627308338,
    -1.3318493053710423,
    -0.27439683167096707,
    -0.11183104016476042,
    -0.6455343890377598,
    -0.5647931465861642,
    0.2900562254263579,
    0.369867941449024,
    0.43272252342161677,
    0.9188767327218994,
    0.8697093716886177,
    0.99905626272711,
    1.009232229089047,
    0.8397259463156295,
    0.8311048162416454,
    0.4553189528071835,
    1.425614334056192,
    0.8021583126807249,
    1.2893687137157968,
    1.2960967355692832,
    1.104249806080449,
    1.7899932084471373,
    1.3142556228055262,
    1.4370747056852284,
    1.3682737024995504,
    1.478155664041066,
    0.7804560545745572,
    1.8652551338476482,
    1.8550757563845313,
    1.9096901406260878,
    1.9052154635978966,
    1.9482076520497875,
    1.343377768281409,
    1.276260756867066,
    1.9470401337459362,
    2.0350688618291226,
    1.595547549592954,
    1.9289094350642,
    1.527142153123888,
    1.6546571643616472,
    2.204132404415731,
    1.1867009564483502,
    1.0874771813471549,
    1.8300420811075857,
    1.7262985811492981,
    1.478547751128784,
    1.4275878807598685,
    1.2884292630922813,
    0.8364275345472301,
    1.4610427882388697,
    1.6046874639279536,
    1.7321029376626003,
    1.4774291415322056,
    1.2106425488829298,
    0.6190166077433705,
    1.2361752733007905,
    0.9565205533971488,
    0.962314466944548,
    0.5554597723257513,
    0.12412392070424705,
    0.9035809885882076,
    0.8192296354846538,
    0.3266636539010319,
    0.35235695048783366,
    -0.02618935026290803,
    0.23001692173175714,
    0.40028708488668263,
    0.07545950034207127,
    -0.13222803285542994,
    -0.13766826767266593,
    -0.13910998578230593,
    -0.3535634110254797,
    -0.45578774782409326,
    -0.5828594217070808,
    -0.4920084221701524,
    -0.3849734104722913,
    -0.538528067338742
  ]
}