{
  "dataset": "synthetic_nonnormal",
  "alpha": 0.05,
  "n": 100,
  "p": 1,
  "df_residuals": 98,
  "mse": 0.13205911725430594,
  "train": {
    "predicted": [
      -0.18026389218988648,
      0.2346038848523515,
      -0.056956948238636285,
      0.5481710248595844,
      0.6750734084351366,
      0.41953113455936264,
      0.2877696324156125,
      0.4975760803233704,
      0.8029694691329086,
      1.8988921862541353,
      1.0163265650237947,
      0.885709307674309,
      1.2185599351493503,
      1.2431404911143549,
      1.5867731529888114,
      1.2242104060938757,
      1.7599325442888905,
      1.6445823022662456,
      2.576513433027105,
      1.7255806352773795,
      2.0183534314454334,
      2.6760157779697322,
      1.9234706562917734,
      2.90257573305655,
      2.4727409617564575,
      2.2113358027998604,
      2.4065649608828323,
      2.7953376729176065,
      2.5115535903642403,
      2.8770036920013387,
      2.829031222841486,
      3.109419351461868,
      2.9045054526951195,
      3.6672424097975402,
      4.288816684310614,
      4.335959544164053,
      3.7471668625184713,
      3.435733657389488,
      3.9589930202836814,
      3.5981705461532063,
      3.6974671730112516,
      3.919398002777432,
      4.1119497388553174,
      4.476674695761561,
      4.470517843981721,
      4.385815479133663,
      4.396490482814697,
      6.324501204424649,
      4.674649493644047,
      4.7896225185891765,
      4.750415457645024,
      5.314844770663731,
      5.282576985030932,
      5.074190685988489,
      5.120303676707399,
      5.569044062496765,
      5.643334319228323,
      5.497754172509309,
      6.488050102611604,
      5.646658469297275,
      5.879772796481376,
      6.742977859739884,
      6.072774599766683,
      6.329299401358494,
      6.260665816597562,
      6.299229458256425,
      7.659374869482853,
      6.567558933410821,
      7.235613493910996,
      6.680189638738659,
      6.773167317182693,
      6.804557850030664,
      7.242706012629197,
      7.146264798544479,
      7.7546078534315335,
      7.406416552436765,
      8.434104071576675,
      7.46269514428046,
      8.165684462417776,
      8.090386951651091,
      8.182228109061558,
      8.410974617451961,
      8.368511096717599,
      8.320839065482941,
      8.142286869827801,
      8.206853802562057,
      9.13415268927414,
      8.713005704830149,
      9.022451047055815,
      8.813492950173105,
      8.737808508123951,
      8.840900728751476,
      9.279137530980801,
      9.18288588732664,
      9.1710480161274,
      9.420755555652805,
      9.319286478711847,
      9.685690390607695,
      9.601152613793076,
      10.125545335980544
    ],
    "lower": [
      -0.9164251504591815,
      -0.49981449086627605,
      -0.7925854396650235,
      -0.1850240524523742,
      -0.057649706473232754,
      -0.3141559732618209,
      -0.44643561832126855,
      -0.23581088306981968,
      0.07070849784432631,
      1.1700315288391911,
      0.28480628111169626,
      0.15374007151674574,
      0.48770669705897507,
      0.5123660014127571,
      0.8570465885344358,
      0.49337531504544163,
      1.0306964944786792,
      0.9150222979440151,
      1.849249766033667,
      0.99624927997281,
      1.289802486328664,
      1.9489538766739614,
      1.1946747035088094,
      2.175941871037824,
      1.7452579240010602,
      1.4832597354513744,
      1.6789372637270756,
      2.0685066426828596,
      1.7841536697084268,
      2.1503237008734972,
      2.1022631948762465,
      2.3831381614135734,
      2.1778750491099084,
      2.9417305467672565,
      3.5638489016842683,
      3.611019537062188,
      3.021743471270319,
      2.7099347345243703,
      3.233777692978146,
      2.8725778279949976,
      2.9719894088863774,
      3.1941466995859518,
      3.3868607885087463,
      3.7518062746636023,
      3.7456466455312833,
      3.6609027752371577,
      3.6715833482812648,
      5.598998733554389,
      3.949853066741075,
      4.06485248631252,
      4.025637697368946,
      4.590051225847957,
      4.5577917010076945,
      4.34943726140934,
      4.395546408669358,
      4.844154242978734,
      4.918405910148848,
      4.772896939013874,
      5.762350737228564,
      4.921728223021362,
      5.154690114150567,
      6.016926059370791,
      5.347530514866085,
      5.603791479324955,
      5.535233996305316,
      5.573755373599493,
      6.931599339959394,
      5.841755597880216,
      6.5087237391758626,
      5.954229787914237,
      6.04707010965987,
      6.078412605063786,
      6.515802686441777,
      6.4195423505050755,
      7.0266123229702036,
      6.6791880961136245,
      7.704316665725044,
      6.735349665149459,
      7.4366513768062,
      7.361554580298787,
      7.453150284583293,
      7.681254594682834,
      7.6389136135074835,
      7.5913773473370405,
      7.413316664680151,
      7.477708956230018,
      8.402113940310725,
      7.982370454288874,
      8.290798961366992,
      8.082536266124187,
      8.007094704379975,
      8.10985490937358,
      8.54658143217274,
      8.450675192426914,
      8.43887927049483,
      8.687677276932627,
      8.5865840301092,
      8.951590658563983,
      8.867385116845243,
      9.389622034076694
    ],
    "upper": [
      0.5558973660794085,
      0.9690222605709791,
      0.6786715431877509,
      1.281366102171543,
      1.4077965233435061,
      1.1532182423805462,
      1.0219748831524935,
      1.2309630437165606,
      1.5352304404214907,
      2.6277528436690796,
      1.7478468489358931,
      1.6176785438318722,
      1.9494131732397255,
      1.9739149808159526,
      2.316499717443187,
      1.9550454971423097,
      2.4891685940991017,
      2.374142306588476,
      3.303777100020543,
      2.454911990581949,
      2.746904376562203,
      3.403077679265503,
      2.6522666090747373,
      3.6292095950752756,
      3.200223999511855,
      2.9394118701483465,
      3.134192658038589,
      3.5221687031523534,
      3.238953511020054,
      3.60368368312918,
      3.555799250806725,
      3.8357005415101626,
      3.6311358562803306,
      4.3927542728278235,
      5.01378446693696,
      5.060899551265918,
      4.472590253766623,
      4.161532580254606,
      4.684208347589217,
      4.323763264311415,
      4.422944937136126,
      4.644649305968913,
      4.837038689201889,
      5.20154311685952,
      5.195389042432159,
      5.110728183030169,
      5.121397617348128,
      7.05000367529491,
      5.399445920547019,
      5.514392550865833,
      5.4751932179211025,
      6.039638315479505,
      6.00736226905417,
      5.798944110567637,
      5.84506094474544,
      6.293933882014796,
      6.368262728307799,
      6.222611406004743,
      7.213749467994644,
      6.371588715573188,
      6.604855478812185,
      7.469029660108978,
      6.798018684667282,
      7.0548073233920325,
      6.9860976368898084,
      7.0247035429133575,
      8.387150399006313,
      7.293362268941426,
      7.96250324864613,
      7.406149489563081,
      7.4992645247055165,
      7.530703094997541,
      7.969609338816618,
      7.872987246583882,
      8.482603383892863,
      8.133645008759904,
      9.163891477428304,
      8.190040623411459,
      8.894717548029352,
      8.819219323003395,
      8.911305933539824,
      9.140694640221088,
      9.098108579927715,
      9.050300783628842,
      8.871257074975452,
      8.935998648894095,
      9.866191438237555,
      9.443640955371425,
      9.754103132744639,
      9.544449634222023,
      9.468522311867927,
      9.571946548129374,
      10.011693629788862,
      9.915096582226365,
      9.903216761759971,
      10.153833834372984,
      10.051988927314493,
      10.419790122651406,
      10.334920110740908,
      10.861468637884393
    ],