{
  "test": "lasso",
  "method": "sklearn",
  "alpha": 1,
  "n": 100,
  "p": 3,
  "lambda_sequence": [
    0.003882128664703319,
    0.006303710224283025,
    0.010235818032776902,
    0.016620683228191588,
    0.0269882788153616,
    0.043822939371123935,
    0.07115866959370871,
    0.11554579247787992,
    0.1876205701367085,
    0.30465391758131355,
    0.4946899448712549,
    0.8032660255924948,
    1.3043246877376655,
    2.1179320882980144,
    3.43904886015971,
    5.5842475440608235,
    9.067571267917712,
    14.723711305780766,
    23.90801993285681,
    38.82128664703319
  ],
  "coefficients": [
    [
      0.0002937065398693761,
      -0.4953096099702161,
      0.49887310998343193,
      0.0
    ],
    [
      0.0004769309727361559,
      -0.4923838654720761,
      0.498170183366966,
      0.0
    ],
    [
      0.0007744465448746851,
      -0.4876331096111872,
      0.49702878747779194,
      0.0
    ],
    [
      0.0012575454104624129,
      -0.4799189427507121,
      0.4951754153827457,
      0.0
    ],
    [
      0.0020419901111310423,
      -0.4673928580404512,
      0.4921659528857478,
      0.0
    ],
    [
      0.0033157531692555864,
      -0.4470532930548225,
      0.4872792576856621,
      0.0
    ],
    [
      0.005384059994277379,
      -0.4140263805459412,
      0.4793443556882577,
      0.0
    ],
    [
      0.008742528506252789,
      -0.36039804824679866,
      0.4664598463971302,
      0.0
    ],
    [
      0.014195931555295083,
      -0.2733176096979678,
      0.4455382799143365,
      0.0
    ],
    [
      0.023050997782975813,
      -0.1319183899073469,
      0.41156632400481774,
      0.0
    ],
    [
      0.18040417934446262,
      -0.0,
      0.3661172304352344,
      0.0
    ],
    [
      0.7494370270920423,
      -0.0,
      0.3136192281467583,
      0.0
    ],
    [
      1.673419329098882,
      -0.0,
      0.22837419317685434,
      0.0
    ],
    [
      3.1737602985196354,
      0.0,
      0.08995528826139519,
      0.0
    ],
    [
      4.148797664095208,
      0.0,
      0.0,
      0.0
    ],
    [
      4.148797664095208,
      0.0,
      0.0,
      0.0
    ],
    [
      4.148797664095208,
      0.0,
      0.0,
      0.0
    ],
    [
      4.148797664095208,
      0.0,
      0.0,
      0.0
    ],
    [
      4.148797664095208,
      0.0,
      0.0,
      0.0
    ],
    [
      4.148797664095208,
      0.0,
      0.0,
      0.0
    ]
  ],
  "nonzero_counts": [
    2,
    2,
    2,
    2,
    2,
    2,
    2,
    2,
    2,
    2,
    1,
    1,
    1,
    1,
    0,
    0,
    0,
    0,
    0,
    0
  ],
  "degrees_of_freedom": [
    2.0,
    2.0,
    2.0,
    2.0,
    2.0,
    2.0,
    2.0,
    2.0,
    2.0,
    2.0,
    1.0,
    1.0,
    1.0,
    1.0,
    0.0,
    0.0,
    0.0,
    0.0,
    0.0,
    0.0
  ],
  "test_lambdas": [
    0.003882128664703319,
    0.4946899448712549,
    38.82128664703319
  ],
  "test_predictions": [
    [
      8.611807258418581,
      9.49160336796147,
      1.469710056229815,
      9.252375503431704,
      4.927638958090961
    ],
    [
      7.246195181213087,
      8.93145009114479,
      1.462423752322493,
      7.693507031117104,
      5.55854841492928
    ],
    [
      4.148797664095208,
      4.148797664095208,
      4.148797664095208,
      4.148797664095208,
      4.148797664095208
    ]
  ],
  "fitted_values": [
    4.148797664095208,
    4.148797664095208,
    4.148797664095208,
    4.148797664095208,
    4.148797664095208,
    4.148797664095208,
    4.148797664095208,
    4.148797664095208,
    4.148797664095208,
    4.148797664095208,
    4.148797664095208,
    4.148797664095208,
    4.148797664095208,
    4.148797664095208,
    4.148797664095208,
    4.148797664095208,
    4.148797664095208,
    4.148797664095208,
    4.148797664095208,
    4.148797664095208,
    4.148797664095208,
    4.148797664095208,
    4.148797664095208,
    4.148797664095208,
    4.148797664095208,
    4.148797664095208,
    4.148797664095208,
    4.148797664095208,
    4.148797664095208,
    4.148797664095208,
    4.148797664095208,
    4.148797664095208,
    4.148797664095208,
    4.148797664095208,
    4.148797664095208,
    4.148797664095208,
    4.148797664095208,
    4.148797664095208,
    4.148797664095208,
    4.148797664095208,
    4.148797664095208,
    4.148797664095208,
    4.148797664095208,
    4.148797664095208,
    4.148797664095208,
    4.148797664095208,
    4.148797664095208,
    4.148797664095208,
    4.148797664095208,
    4.148797664095208,
    4.148797664095208,
    4.148797664095208,
    4.148797664095208,
    4.148797664095208,
    4.148797664095208,
    4.148797664095208,
    4.148797664095208,
    4.148797664095208,
    4.148797664095208,
    4.148797664095208,
    4.148797664095208,
    4.148797664095208,
    4.148797664095208,
    4.148797664095208,
    4.148797664095208,
    4.148797664095208,
    4.148797664095208,
    4.148797664095208,
    4.148797664095208,
    4.148797664095208,
    4.148797664095208,
    4.148797664095208,
    4.148797664095208,
    4.148797664095208,
    4.148797664095208,
    4.148797664095208,
    4.148797664095208,
    4.148797664095208,
    4.148797664095208,
    4.148797664095208,
    4.148797664095208,
    4.148797664095208,
    4.148797664095208,
    4.148797664095208,
    4.148797664095208,
    4.148797664095208,
    4.148797664095208,
    4.148797664095208,
    4.148797664095208,
    4.148797664095208,
    4.148797664095208,
    4.148797664095208,
    4.148797664095208,
    4.148797664095208,
    4.148797664095208,
    4.148797664095208,
    4.148797664095208,
    4.148797664095208,
    4.148797664095208,
    4.148797664095208
  ],