{
  "dataset": "synthetic_small",
  "alpha": 0.05,
  "n": 15,
  "p": 1,
  "df_residuals": 13,
  "mse": 0.06626296189145184,
  "train": {
    "predicted": [
      7.813778049657696,
      4.589404453299052,
      4.610767223388031,
      1.3875204845393996,
      1.082929714089579,
      7.265858698507811,
      5.289282361092216,
      4.206457028123497,
      7.628045988145486,
      7.416838813170337,
      1.872034443389599,
      5.830566844182318,
      0.9114163275183362,
      7.642677725638297,
      6.722126706264774
    ],
    "lower": [
      7.216011910838239,
      4.014671302558947,
      4.03607780248092,
      0.7772579827961846,
      0.46648600521399763,
      6.6760933248499565,
      4.714598037210762,
      3.630490165209769,
      7.033169226996859,
      6.825027592206566,
      1.2706698385294126,
      5.25396564721519,
      0.2912985650254042,
      7.047579879333974,
      6.138703361393707
    ],
    "upper": [
      8.411544188477153,
      5.164137604039157,
      5.185456644295142,
      1.9977829862826146,
      1.6993734229651605,
      7.855624072165666,
      5.863966684973669,
      4.782423891037225,
      8.222922749294113,
      8.008650034134106,
      2.473399048249785,
      6.407168041149446,
      1.5315340900112684,
      8.23777557194262,
      7.305550051135841
    ],
    "se_pred": [
      0.27669635783282925,
      0.26603475708684177,
      0.26601451524855035,
      0.2824807237957286,
      0.2853419054342768,
      0.27299293196721713,
      0.2660121559171267,
      0.26660582266397453,
      0.2753589112529661,
      0.2739399218709057,
      0.2783620300457474,
      0.26689944572293844,
      0.28704256592403143,
      0.27546124802545824,
      0.27005730856432403
    ],
    "leverage": [
      0.15540978327184796,
      0.06808524638837596,
      0.06792271735215046,
      0.2042226462329716,
      0.22874077271464724,
      0.12468774073426483,
      0.0679037742320773,
      0.07267563431244772,
      0.14426714173487948,
      0.13250417205269477,
      0.16936245467146055,
      0.0750396917648408,
      0.24343120651962538,
      0.14511783050150173,
      0.10062918751621432
    ]
  },
  "extrapolation": {
    "new_x": {
      "y": [
        15.106710759162366,
        19.575263361029116,
        25.16095411336255
      ]
    },
    "predicted": [
      8.504014221871632,
      11.264958910727376,
      14.716139771797057
    ],
    "lower": [
      7.893968396347433,
      10.584225500872506,
      13.910372290574836
    ],
    "upper": [
      9.114060047395832,
      11.945692320582246,
      15.521907253019277
    ],
    "se_pred": [
      0.2823804278493086,
      0.31510057684758586,
      0.37297684300859946
    ],
    "leverage": [
      0.20336766960375163,
      0.4983992670344235,
      1.0993888810546417
    ]
  }
}