{
  "test": "ols",
  "method": "statsmodels",
  "dataset": "synthetic_autocorrelated",
  "formula": "x ~ y",
  "n": 100,
  "k": 1,
  "df_residual": 98,
  "variable_names": [
    "Intercept",
    "y"
  ],
  "coefficients": [
    -1.1352491587993834,
    0.6389126426378081
  ],
  "std_errors": [
    0.11527525531443539,
    0.010870042339527425
  ],
  "t_stats": [
    -9.848160003660572,
    58.777383075546034
  ],
  "p_values": [
    2.585013819157739e-16,
    3.1871000326601576e-78
  ],
  "r_squared": 0.9724159731244892,
  "adj_r_squared": 0.9721345034624942,
  "f_statistic": 3454.7807612094825,
  "f_p_value": 3.1871000326602875e-78,
  "mse": 0.23929659816073906,
  "std_error": 0.48917951527096787,
  "conf_int_lower": [
    -1.3640091512810364,
    0.6173413973858867
  ],
  "conf_int_upper": [
    -0.9064891663177305,
    0.6604838878897296
  ],
  "residuals": [
    -4.0008268000546465e-05,
    0.56503004231551,
    0.5027070062372447,
    1.0901738876784506,
    1.2343264475456066,
    0.5875877479531707,
    0.1280226455396628,
    -0.07729765919375564,
    0.22506142309195332,
    0.14430938006976857,
    0.07495365606803284,
    0.39656226428346897,
    -0.22736717673374618,
    -0.46286507775064045,
    -0.27558472998957306,
    -0.22240419334571992,
    -0.2418966251805208,
    0.46453453451027427,
    0.3870151599985028,
    0.47291494611657825,
    0.636416007603616,
    0.5219537189578891,
    -0.22098992678627383,
    -0.3702279105123547,
    -0.08624491067934548,
    -0.251577192122717,
    -0.6301659935931001,
    -0.7422637429970922,
    -0.5431398447358409,
    -0.17677422766088569,
    -0.34877664351947235,
    -0.3705663305672071,
    -0.5448313041739552,
    -0.5824897533830526,
    -0.7399657235780124,
    -0.3426668349760522,
    -0.655130200068295,
    -0.5148675899603057,
    -1.0152529776747699,
    -0.4811405933175066,
    -0.8807303932872959,
    -0.6678409470517561,
    -0.24623333823021643,
    -0.003365676098627368,
    0.11565981807510006,
    -0.03760025494300123,
    -0.17514136830539417,
    0.08013659334935141,
    0.08460084870649354,
    -0.6031546624803301,
    -0.9508347517716347,
    -0.7804610361072433,
    -0.5326919855099082,
    -0.38419641828851336,
    -0.4366354032418185,
    0.05064859881973405,
    0.1484919582980373,
    0.6690630246927993,
    0.3741502375307286,
    0.08975634912700592,
    0.253049977618387,
    -0.28855992685341736,
    0.22797329727012627,
    0.6670333234652563,
    0.4361305238144668,
    0.012960491064442081,
    -0.48543615918223004,
    -0.14851744360071883,
    -0.4025976855993152,
    -0.2222991235200773,
    -0.051983475325852346,
    -0.2689386101678215,
    -0.3456435721341622,
    0.313901607512439,
    -0.19843380801669674,
    -0.5249958110179334,
    -0.11160880011351448,
    -0.14725824606914095,
    -0.20233043686475227,
    -0.16507224023898814,
    0.1213423862905545,
    0.3618500417910129,
    0.32507602626844534,
    -0.08220334596075674,
    -0.16505816723303468,
    0.07025660123455246,
    -0.12868063671792207,
    0.8898338212389687,
    0.327090076950757,
    0.8571740311102438,
    0.7895158314883943,
    0.9853182140926524,
    1.1795499843471386,
    0.5323461333741264,
    0.6008085446717057,
    0.38989081849882723,
    0.3691918876278919,
    0.18858139925848327,
    0.19126807301541504,
    0.6288115061269437
  ],
  "vif": []
}