{
  "test": "polynomial",
  "method": "statsmodels",
  "dataset": "synthetic_simple_linear",
  "formula": "x ~ poly(y, 2, raw=True)",
  "degree": 2,
  "n": 100,
  "k": 2,
  "df_residual": 97,
  "df_model": 2,
  "variable_names": [
    "Intercept",
    "x^1",
    "x^2"
  ],
  "coefficients": [
    -0.5873376886455968,
    0.3347528666444691,
    -0.00018898277508420372
  ],
  "std_errors": [
    0.11428365715702352,
    0.015566786373906714,
    0.0004477170245960891
  ],
  "t_stats": [
    -5.1392972823630085,
    21.504301440507145,
    -0.4221031694175485
  ],
  "p_values": [
    1.4285100368538826e-06,
    1.0975934811719995e-38,
    0.6738838088164042
  ],
  "r_squared": 0.9895763719169787,
  "adj_r_squared": 0.9893614517503184,
  "f_statistic": 4604.390492035123,
  "f_p_value": 7.480265328481567e-97,
  "mse": 0.09135916175371837,
  "rmse": 0.30225678115423377,
  "mae": 0.23465336867387696,
  "residual_std_error": 0.30225678115423377,
  "log_likelihood": -20.723057530400112,
  "aic": 47.446115060800224,
  "bic": 55.2616256187645,
  "conf_int_lower": [
    -0.8141591127876144,
    0.3038571047964499,
    -0.001077577134573255
  ],
  "conf_int_upper": [
    -0.36051626450357915,
    0.36564862849248836,
    0.0006996115844048477
  ],
  "fitted_values": [
    0.24726649172445966,
    0.1364383227725435,
    0.49986342608236106,
    0.8926151230239202,
    0.40786962718269415,
    0.5089569299576788,
    1.2139502159781224,
    1.044634384125328,
    0.7335765225379544,
    1.1715056715170178,
    0.937498761487803,
    1.0376288877773907,
    1.3739185140806875,
    0.7573520785224539,
    0.9210537973537684,
    1.4087793619212219,
    1.3597283447010502,
    1.9013142564830612,
    1.5960298856699138,
    1.5291514070963323,
    2.5844533257039504,
    2.1243189557103737,
    2.3220423121448563,
    1.92759746420563,
    2.3201032064622846,
    2.6375736762304283,
    2.3199208249709495,
    2.925756886881709,
    2.7029667105373787,
    2.905470128184716,
    2.9031603883772403,
    3.8137122693137138,
    3.2979413980747463,
    3.0529973405099895,
    3.773928151525295,
    3.199399779311776,
    3.771414892148025,
    3.155524014010128,
    3.4642158131058123,
    4.067117882574731,
    4.345253057775434,
    4.258325484877912,
    4.263597739598415,
    4.302304328796398,
    4.014323785953999,
    4.363960800513938,
    4.5489412411896115,
    5.147177394140737,
    5.012422263442176,
    4.419551235608398,
    5.204954523122715,
    5.0716507774340105,
    5.075324635614833,
    5.597372729946705,
    5.833986041629296,
    5.900546765035063,
    5.419770941918936,
    5.692792263495958,
    6.0017027731695425,
    6.311520852444368,
    5.934816838972272,
    6.130002496531054,
    5.927910556791352,
    5.997671764571618,
    6.753147673226094,
    7.029355366060188,
    6.662249921398223,
    7.111946488119989,
    7.001473333507584,
    6.771914662544233,
    7.198944893633903,
    7.680671489641018,
    7.266985342007385,
    7.88639228695298,
    6.621931060824327,
    7.841961497194275,
    7.7015415650718255,
    7.674535890555467,
    7.9001311368391836,
    7.3221868862697495,
    7.9958772164821585,
    8.281597846150218,
    8.743362141424395,
    8.194166298903857,
    8.198324500366347,
    8.396234300081893,
    8.953792464711386,
    8.861940613683961,
    8.68195748453144,
    9.117896794141476,
    9.08127487902495,
    9.46117516071248,
    9.018780313024827,
    9.237991827900585,
    9.315155700096076,
    9.066567419795069,
    9.73338481601675,
    9.819894467583248,
    9.8350936646314,
    9.855533874339297
  ],
  "residuals": [
    -0.24726649172445966,
    -0.03542822176244251,
    -0.2978432240621591,
    -0.5895848199936172,
    -0.0038292231422901724,
    -0.0039064249071737445,
    -0.6078896099175163,
    -0.337563677054621,
    0.07450428554285371,
    -0.2624147624261086,
    0.07260224861320719,
    0.07348222333372045,
    -0.1617973019594754,
    0.5557792346088593,
    0.49308761678764557,
    0.10637215323029325,
    0.2564332714605657,
    -0.18414253931134406,
    0.22215193251190413,
    0.39004051209558677,
    -0.56425130550193,
    -0.003106834498252553,
    -0.09982008992263403,
    0.39563485902669315,
    0.10413921778013968,
    -0.11232115097790318,
    0.30634180129167676,
    -0.19848415960898214,
    0.1253161177454496,
    0.02382280110821311,
    0.12714264192578995,
    -0.6823991380005827,
    -0.06561816575151402,
    0.28033599282334354,
    -0.3395847171818609,
    0.33595375604175937,
    -0.13505125578438903,
    0.5818497233636095,
    0.37416802527802595,
    -0.12772394318079217,
    -0.30484901737139314,
    -0.11691134346377119,
    -0.02117349717417305,
    0.041130014637945855,
    0.4301206584904458,
    0.18149374494060666,
    0.09752340527503467,
    -0.39970264666598965,
    -0.16393741495732694,
    0.5299437138865519,
    -0.15444947261766462,
    0.07986437408114089,
    0.17720061691041966,
    -0.24383737641135106,
    -0.37944058708384176,
    -0.3449912094795078,
    0.2367947146467202,
    0.06478349407979955,
    -0.14311691458368436,
    -0.3519248928484089,
    0.1257892216337888,
    0.03161366508510799,
    0.3347157058349097,
    0.3659645990647453,
    -0.28850120857962924,
    -0.46369880040362244,
    0.0044167452684442665,
    -0.3442697204432221,
    -0.13278646482071554,
    0.19778230715273715,
    -0.12823782292683195,
    -0.5089543179238465,
    0.00574193071988649,
    -0.5126549132156066,
    0.852816413923148,
    -0.26620392143669935,
    -0.02477388830414906,
    0.10324188722231042,
    -0.02134325805130466,
    0.6576110935282298,
    0.08493086432592278,
    -0.09977966433203633,
    -0.4605338585961132,
    0.1896720849345268,
    0.28652398448213745,
    0.1896242857766932,
    -0.26692377784269894,
    -0.07406182580517395,
    0.20693140435744972,
    -0.12799780424248652,
    0.009634211884140598,
    -0.2692559687932885,
    0.2741489799044654,
    0.15594756603880988,
    0.1797937948534205,
    0.5293921761645262,
    -0.036415119047054745,
    -0.021914669603450676,
    0.06389623435850034,
    0.14446612566070272
  ]
}