{
  "test": "feature_importance",
  "method": "statsmodels",
  "dataset": "synthetic_small",
  "n": 15,
  "k": 1,
  "variable_names": [
    "y"
  ],
  "response": "x",
  "standardized_coefficients": {
    "variable_names": [
      "y"
    ],
    "standardized_coefficients": [
      0.9953675288308619
    ],
    "y_std": 9.653599685896408,
    "raw_coefficients": [
      0.6178610693096358
    ]
  },
  "shap": {
    "variable_names": [
      "y"
    ],
    "shap_values": [
      [
        2.8624643922572677
      ],
      [
        -0.36190920410137634
      ],
      [
        -0.34054643401239604
      ],
      [
        -3.5637931728610277
      ],
      [
        -3.8683839433108487
      ],
      [
        2.3145450411073822
      ],
      [
        0.33796870369178855
      ],
      [
        -0.744856629276931
      ],
      [
        2.676732330745057
      ],
      [
        2.4655251557699094
      ],
      [
        -3.0792792140108287
      ],
      [
        0.8792531867818909
      ],
      [
        -4.039897329882091
      ],
      [
        2.6913640682378697
      ],
      [
        1.7708130488643463
      ]
    ],
    "base_value": -0.8298342415358086,
    "mean_abs_shap": [
      2.1331554569940674
    ]
  },
  "permutation_importance": {
    "variable_names": [
      "y"
    ],
    "importance": [
      0.8836603960926928
    ],
    "baseline_score": 0.990756517450857,
    "n_permutations": 10,
    "seed": 42
  }
}