{
  "dataset": "synthetic_multiple",
  "alpha": 0.05,
  "n": 100,
  "p": 3,
  "df_residuals": 96,
  "mse": 0.06400633858817224,
  "train": {
    "predicted": [
      4.279513189001289,
      2.0395072298565466,
      1.0064689383852914,
      3.4406249101805857,
      9.48736317383348,
      3.1249764478332027,
      5.013585623590284,
      7.030650181239459,
      3.260602698948336,
      9.358485236097248,
      9.447403644126334,
      2.465364089290892,
      5.071116314973294,
      3.35343418429634,
      3.0237189207644235,
      0.31770598513039694,
      6.057089962268481,
      4.808198932754448,
      0.5173186516739925,
      2.699996058366679,
      9.133664662132341,
      2.135772473470471,
      1.5615649304849164,
      5.2704801304830005,
      9.823579665397794,
      2.491099660784645,
      6.926816219968967,
      7.499164664459693,
      2.38269968803505,
      7.240174892649231,
      3.693215184018733,
      6.122673276646282,
      6.305923382638566,
      5.458637902374511,
      1.2301909778662719,
      8.592515879053726,
      3.701773639545202,
      1.632068609869691,
      0.6160527161687863,
      5.95316032484193,
      7.345005383156236,
      -0.012316324482671948,
      4.934918615424845,
      2.0995014932325056,
      5.929551537963823,
      1.6013794372173038,
      6.689655376141822,
      3.922726191523556,
      9.42160379095295,
      1.8503186713350006,
      3.671032900641685,
      0.9455339682446109,
      8.98789209447867,
      8.8311956269449,
      2.2140282211106275,
      6.993857884853565,
      8.460500247551984,
      5.437497887095085,
      4.8190254928214,
      2.7176067559204924,
      0.8223441967235345,
      9.245752614614124,
      8.610181572751022,
      6.134437060592912,
      3.3620343293664288,
      3.453018378664737,
      7.115019523310583,
      9.098397662526956,
      8.572924556587946,
      7.705417771323525,
      6.435007701163178,
      0.9202783511091646,
      1.7725618586264016,
      8.668920216358131,
      5.682777804758931,
      0.3833826924676167,
      1.0825892036377969,
      6.4519750035271075,
      0.4009858374691184,
      1.630602882337306,
      5.7703758376970065,
      6.863933146001379,
      6.960342207450381,
      2.676110664083888,
      7.046213309811531,
      2.605586976620838,
      3.40269175813337,
      7.782804476533265,
      6.205656991446659,
      8.614593988251912,
      6.802449799112868,
      5.212449515147107,
      0.6528930407664708,
      3.1345343380011315,
      2.614192244830442,
      2.6045881271588893,
      10.093307321344932,
      3.906188418039509,
      9.314524162393454,
      5.959271068412194
    ],
    "lower": [
      3.7722291443989655,
      1.5303497500341563,
      0.48984047840601697,
      2.9307410137817116,
      8.969829064523003,
      2.6130516788691933,
      4.503657545282626,
      6.517258077943005,
      2.7549660985250233,
      8.84212224030589,
      8.925498522386718,
      1.9548399612687906,
      4.558901722772678,
      2.846343868459693,
      2.506167869634313,
      -0.19574842895407818,
      5.551264008538816,
      4.292397992912288,
      0.0036178088253482343,
      2.191132872828644,
      8.623104852360196,
      1.624032975144399,
      1.0512530413835002,
      4.761041575575902,
      9.305486792379947,
      1.9841342922718572,
      6.408476914841084,
      6.989653797409547,
      1.8709986845555906,
      6.729422428728075,
      3.1876912268385236,
      5.60776212324218,
      5.796550033119489,
      4.9537430099003,
      0.7142161861538666,
      8.079670384536279,
      3.189898314537358,
      1.1196522969793155,
      0.0992165771045137,
      5.441459773509385,
      6.830649975177385,
      -0.5314366758928951,
      4.422492437510727,
      1.5884557428003383,
      5.419694795690262,
      1.0916242358582042,
      6.175971389079677,
      3.4113715782854044,
      8.90312260138292,
      1.3406072117473844,
      3.1588907327562734,
      0.4320810016692953,
      8.477307696156586,
      8.31463808436424,
      1.7057768009548537,
      6.4795201367266575,
      7.950792022548953,
      4.929971092716836,
      4.3107842833651215,
      2.209013945969472,
      0.2947017285338599,
      8.730973224528087,
      8.095183990717274,
      5.626541687656108,
      2.8485983245308533,
      2.9426339249927755,
      6.600796607504359,
      8.587149983012836,
      8.059953054295306,
      7.192460035050654,
      5.918568821285277,
      0.40645564656406696,
      1.2646683252307873,
      8.154014978100577,
      5.175528773046799,
      -0.13485127726597068,
      0.5723501989537545,
      5.939105037747699,
      -0.11454346357836886,
      1.112509229801283,
      5.264451905398814,
      6.347850986909153,
      6.442859471937901,
      2.1652320242105665,
      6.534198853775196,
      2.098967608765647,
      2.8949675985397394,
      7.272422491583489,
      5.6960779684178515,
      8.102832145022019,
      6.293556212691289,
      4.703602253611805,
      0.1377114581040172,
      2.6257024330516203,
      2.098912863980229,
      2.097634265145018,
      9.578960055840168,
      3.396828715066116,
      8.80338973884827,
      5.447883179929086
    ],
    "upper": [
      4.786797233603613,
      2.548664709678937,
      1.5230973983645657,
      3.95050880657946,
      10.004897283143956,
      3.636901216797212,
      5.523513701897943,
      7.544042284535912,
      3.766239299371649,
      9.874848231888606,
      9.96930876586595,
      2.9758882173129937,
      5.5833309071739095,
      3.860524500132987,
      3.541269971894534,
      0.8311603992148721,
      6.562915915998147,
      5.323999872596608,
      1.0310194945226367,
      3.208859243904714,
      9.644224471904487,
      2.6475119717965434,
      2.0718768195863326,
      5.779918685390099,
      10.341672538415642,
      2.9980650292974325,
      7.44515552509685,
      8.008675531509839,
      2.8944006915145093,
      7.7509273565703865,
      4.198739141198943,
      6.637584430050383,
      6.815296732157643,
      5.963532794848721,
      1.7461657695786772,
      9.105361373571174,
      4.213648964553046,
      2.144484922760067,
      1.132888855233059,
      6.464860876174475,
      7.859360791135087,
      0.5068040269275512,
      5.447344793338963,
      2.610547243664673,
      6.439408280237384,
      2.111134638576403,
      7.203339363203967,
      4.434080804761708,
      9.94008498052298,
      2.360030130922617,
      4.183175068527097,
      1.4589869348199265,
      9.498476492800755,
      9.34775316952556,
      2.722279641266401,
      7.508195632980472,
      8.970208472555015,
      5.945024681473334,
      5.327266702277678,
      3.2261995658715126,
      1.3499866649132093,
      9.760532004700162,
      9.125179154784771,
      6.642332433529717,
      3.8754703342020043,
      3.9634028323366985,
      7.6292424391168066,
      9.609645342041077,
      9.085896058880586,
      8.218375507596397,
      6.951446581041079,
      1.4341010556542622,
      2.2804553920220156,
      9.183825454615686,
      6.1900268364710636,
      0.9016166622012041,
      1.5928282083218392,
      6.964844969306516,
      0.9165151385166057,
      2.148696534873329,
      6.276299769995199,
      7.380015305093606,
      7.477824942962862,
      3.1869893039572093,
      7.558227765847866,
      3.1122063444760295,
      3.910415917727001,
      8.29318646148304,
      6.715236014475467,
      9.126355831481805,
      7.311343385534446,
      5.721296776682408,
      1.1680746234289243,
      3.6433662429506426,
      3.1294716256806554,
      3.1115419891727605,
      10.607654586849696,
      4.415548121012902,
      9.825658585938637,
      6.470658956895303
    ],