{
  "dataset": "synthetic_heteroscedastic",
  "alpha": 0.05,
  "n": 100,
  "p": 1,
  "df_residuals": 98,
  "mse": 1.4594736655211717,
  "train": {
    "predicted": [
      1.214191432210139,
      0.9970499963929738,
      0.9739448772188555,
      1.539676241720561,
      1.0581993578167797,
      0.8835668021002607,
      0.887718243060216,
      1.7617028847407001,
      1.1076202693433814,
      2.4140825556252428,
      0.8853511346551554,
      2.6058262799873,
      2.031840776091193,
      1.9695592952707055,
      1.8283602870159812,
      2.37906118814944,
      2.2373964003507485,
      2.932902801664449,
      2.48162365192835,
      2.584617626939247,
      2.3654577372139,
      2.625346267800599,
      2.9311272244784656,
      1.7328271267827735,
      2.0219275695136667,
      3.4786435692889324,
      3.1793395421204655,
      3.0140131440810194,
      3.2366523079823266,
      3.558681202458989,
      2.9802627460883406,
      2.8696058069762267,
      3.6985358951156173,
      2.8460917702405117,
      4.038661395563773,
      2.3749406419932386,
      4.737874790927438,
      4.355416359701652,
      4.253461428657765,
      4.987653644210276,
      5.705325026106988,
      5.2097024354793255,
      2.616396599888392,
      3.2051633253361977,
      3.903078577755766,
      4.618272364857668,
      5.194038147745911,
      4.011257526801381,
      5.028032470201214,
      4.1176706135826135,
      4.340117523463686,
      3.546366883154863,
      4.1375790032087,
      3.7236516000983055,
      4.209127383051599,
      6.6110491357426175,
      4.369663749043025,
      8.674915134413972,
      6.2312240071612575,
      5.944589122971888,
      4.742786381089781,
      6.75501240312342,
      5.233638021883949,
      6.1981685182213875,
      9.441656975513169,
      6.07691379197588,
      7.810599705352502,
      5.418408591984824,
      6.3969729021958495,
      8.963584437036618,
      5.7321901107738045,
      9.240374493397407,
      7.7755052324057425,
      6.036457853034775,
      7.849541001083685,
      8.441521124929892,
      8.01518089537351,
      4.804767075146734,
      6.1431795784474525,
      6.949697941423047,
      7.295250023584758,
      8.466111336964195,
      7.853899992614555,
      5.5126025343031655,
      8.34844845974479,
      8.811723330058003,
      8.818231143242967,
      9.776237758088328,
      9.458697819188494,
      8.915912135016299,
      8.0958695636224,
      5.4210166140242215,
      9.128026084830212,
      8.82408205237233,
      9.021661875774635,
      6.326092496396207,
      6.740631960993057,
      10.70508909881956,
      8.787508045436658,
      10.20871773698878
    ],
    "lower": [
      -1.219229435762241,
      -1.4391937408093864,
      -1.4626082957423312,
      -0.8898025907047344,
      -1.3772338428806241,
      -1.5542134818868656,
      -1.550005091381169,
      -0.6652868108291099,
      -1.3271667795240532,
      -0.006536411476830928,
      -1.552404664945907,
      0.18681101896243346,
      -0.39233985602347055,
      -0.45524757082011424,
      -0.597913846838841,
      -0.04186390738150836,
      -0.1848086150481021,
      0.5163402068654253,
      0.06158355095201884,
      0.1654310045314027,
      -0.05558736856184732,
      0.20648739910543368,
      0.5145522796884139,
      -0.6944771008073305,
      -0.40235187945414674,
      1.0653766223058656,
      0.7643887070973916,
      0.5980034693473217,
      0.8220471670971632,
      1.1458136091845055,
      0.5640256717562964,
      0.4525964426135509,
      1.2863144647264146,
      0.42891302568264855,
      1.6277369483705173,
      -0.04602074021296909,
      2.328392778135926,
      1.9453495237405662,
      1.8431554419430056,
      2.578287266238023,
      3.295119930192806,
      2.8002621415366438,
      0.19746618496515378,
      0.7903696143363539,
      1.4916837733589396,
      2.208660472723602,
      2.7846085209118576,
      1.60024300099303,
      2.6186650238754257,
      1.7069917208697953,
      1.9300170357298536,
      1.1334392469695893,
      1.7269586682229017,
      1.3115392479722972,
      1.7987064768347527,
      4.197309107171911,
      1.9596275426399519,
      6.242876373790732,
      3.819302303516782,
      3.5337184876267806,
      2.3333086705763777,
      4.340456621440089,
      2.8241798296108147,
      3.786382127451587,
      6.999241147218604,
      3.6655922884981496,
      5.387945935649567,
      3.0087472002269178,
      3.9843173133394245,
      6.527863891372768,
      3.3219198985708647,
      6.800868144899929,
      5.353180340692177,
      3.625280449857539,
      5.426517520694025,
      6.012259382107157,
      5.590528652829153,
      2.395336663847675,
      3.7316101432924738,
      4.533928518173283,
      4.877014233716652,
      6.036565448725982,
      5.430834814679924,
      3.102793246226079,
      5.920244165041932,
      6.3779736694651525,
      6.384398569657682,
      7.328695600828777,
      7.016029639773072,
      6.480818407970672,
      5.670390990492594,
      3.0113515300615514,
      6.6900864721871915,
      6.390174816774611,
      6.58516767354929,
      3.913762045044766,
      4.32616078872908,
      8.241434771753033,
      6.3540656827690665,
      7.754015859095926
    ],
    "upper": [
      3.6476123001825194,
      3.4332937335953337,
      3.410498050180042,
      3.9691550741458563,
      3.493632558514183,
      3.3213470860873873,
      3.325441577501601,
      4.18869258031051,
      3.542407318210816,
      4.8347015227273165,
      3.323106934256218,
      5.024841541012167,
      4.4560214082058565,
      4.394366161361525,
      4.254634420870803,
      4.799986283680388,
      4.659601415749599,
      5.349465396463472,
      4.901663752904681,
      5.003804249347091,
      4.786502842989647,
      5.044205136495764,
      5.347702169268517,
      4.1601313543728775,
      4.446207018481481,
      5.891910516271999,
      5.5942903771435395,
      5.430022818814717,
      5.65125744886749,
      5.971548795733472,
      5.3964998204203845,
      5.2866151713389025,
      6.11075732550482,
      5.263270514798375,
      6.449585842757029,
      4.795902024199446,
      7.147356803718949,
      6.765483195662739,
      6.663767415372524,
      7.397020022182529,
      8.11553012202117,
      7.619142729422007,
      5.03532701481163,
      5.619957036336041,
      6.314473382152593,
      7.027884256991733,
      7.603467774579965,
      6.422272052609731,
      7.437399916527001,
      6.528349506295432,
      6.750218011197518,
      5.959294519340137,
      6.548199338194498,
      6.135763952224314,
      6.619548289268446,
      9.024789164313324,
      6.779699955446098,
      11.106953895037211,
      8.643145710805733,
      8.355459758316996,
      7.152264091603184,
      9.16956818480675,
      7.643096214157083,
      8.609954908991188,
      11.884072803807733,
      8.48823529545361,
      10.233253475055436,
      7.828069983742731,
      8.809628491052274,
      11.399304982700468,
      8.142460322976744,
      11.679880841894885,
      10.197830124119308,
      8.44763525621201,
      10.272564481473344,
      10.870782867752627,
      10.439833137917866,
      7.214197486445793,
      8.554749013602432,
      9.36546736467281,
      9.713485813452865,
      10.895657225202408,
      10.276965170549186,
      7.922411822380251,
      10.776652754447646,
      11.245472990650853,
      11.252063716828252,
      12.22377991534788,
      11.901365998603914,
      11.351005862061927,
      10.521348136752207,
      7.830681697986892,
      11.565965697473233,
      11.257989287970048,
      11.45815607799998,
      8.738422947747647,
      9.155103133257034,
      13.168743425886086,
      11.22095040810425,
      12.663419614881633
    ],