{
  "dataset": "synthetic_nonlinear",
  "alpha": 0.05,
  "n": 100,
  "p": 1,
  "df_residuals": 98,
  "mse": 3.352532449125818,
  "train": {
    "predicted": [
      -0.08895423499959598,
      -0.20729515465566584,
      -0.051234959581487605,
      -0.5967816006524409,
      -0.5218701525574472,
      -0.7926914675792458,
      -0.8848977643933071,
      -0.9443345193794046,
      -0.8789400565122567,
      -1.1776725946025606,
      -0.7458404581737195,
      -1.4699027030511589,
      -1.33722993100492,
      -1.487619478716713,
      -0.9957398393078194,
      -1.4365715746468677,
      -1.2512088167007849,
      -2.0628981991380746,
      -1.5964261396832549,
      -1.4635890816153192,
      -1.7538998391086928,
      -1.5061178469196674,
      -2.0205663227760104,
      -1.4838791852574111,
      -1.2530850127866846,
      -2.0786185896099387,
      -2.130700463639862,
      -1.5876779144957638,
      -1.5701131825676775,
      -2.214088646633939,
      -2.1962335434777236,
      -2.1640596463106014,
      -2.486724052309822,
      -2.361459652751857,
      -2.3851489787038753,
      -2.3091239667813985,
      -2.081169583237544,
      -1.9881182601470815,
      -1.5787904400793076,
      -2.3194686568945153,
      -1.7039287536892944,
      -2.0341901795079393,
      -1.9540200582144647,
      -1.7031198377489265,
      -2.201275105342514,
      -1.7099996063239502,
      -1.7287774522904602,
      -1.5821385526088454,
      -1.589824283829701,
      -0.8866368566432927,
      -1.7495435653748297,
      -1.6537299779023518,
      -1.6136252612823294,
      -1.522167166085759,
      -1.471699026086546,
      -0.847986205527099,
      -0.6966667188317057,
      -1.2051319032786054,
      -1.193682242441613,
      -0.7113460364771365,
      -0.9200366644327933,
      -0.46579591339190096,
      -0.48999200046588065,
      -0.8951701731282724,
      0.13060440621724778,
      0.31985379651770396,
      -0.2803107817186721,
      -0.09070263363660835,
      0.23642147169759342,
      0.38065840094451797,
      0.6107793959623122,
      1.1512630308785647,
      0.639142533312461,
      0.5980343418309593,
      0.572617656620722,
      0.9178079900738441,
      1.281401757486301,
      1.9858951768856041,
      1.4583864799876074,
      1.8459561523553987,
      1.9441909756868743,
      2.4773894685385196,
      3.054155833274395,
      2.3223644715699336,
      2.519280629833763,
      3.165231910174243,
      3.2489616886475634,
      3.792147730482311,
      3.6144038164781236,
      3.535695752129026,
      4.025711476046775,
      4.390469431778017,
      4.518227708229932,
      4.642182445243906,
      5.03024643854131,
      5.285626050175624,
      5.577565119018118,
      5.5907049047437125,
      5.5829108505421186,
      5.915950175797705
    ],
    "lower": [
      -3.7406486239208294,
      -3.8591110410749767,
      -3.7029110227793236,
      -4.2496826452321885,
      -4.174480862379169,
      -4.446535463027445,
      -4.5392774836555665,
      -4.599090738211464,
      -4.533283384025744,
      -4.834142963257857,
      -4.3994347833226914,
      -5.129049951428209,
      -4.995088876765063,
      -5.146947943968342,
      -4.6508413800155575,
      -5.095383754927519,
      -4.908297323350725,
      -5.729283769770886,
      -5.25691493785108,
      -5.122672273388601,
      -5.416212215627926,
      -5.165637830759967,
      -5.686355174096974,
      -5.143169212694794,
      -4.910189778804309,
      -5.745228883432412,
      -5.798067355949442,
      -5.248070407313161,
      -5.230313903374138,
      -5.882705571783573,
      -5.864578810329501,
      -5.831920903102333,
      -6.159759407326153,
      -6.0324019464221035,
      -6.056478897769037,
      -5.979223473212865,
      -5.7478165031237385,
      -5.653458028697139,
      -5.239085633933753,
      -5.9897332664976,
      -5.365643986519942,
      -5.700169736094189,
      -5.618895682299561,
      -5.364825545375284,
      -5.86969685673273,
      -5.371786468644649,
      -5.390787476524798,
      -5.2424703373625885,
      -5.2502403563234195,
      -4.541027245171419,
      -5.411803202566305,
      -5.314862629834013,
      -5.27430493241884,
      -5.181855222110484,
      -5.130864549738564,
      -4.502144407340181,
      -4.3500153344079715,
      -4.861828725457872,
      -4.850284007973363,
      -4.364766248862184,
      -4.574636017633086,
      -4.118214730660217,
      -4.142490948246106,
      -4.549613216342971,
      -3.5211216745543217,
      -3.3321677109979295,
      -3.932250048253678,
      -3.742398111152943,
      -3.415439202169792,
      -3.271510706669204,
      -3.042180209000189,
      -2.5049944523780203,
      -3.0139398895210388,
      -3.0548718883692314,
      -3.080185489664407,
      -2.7367771793112143,
      -2.3759513548838287,
      -1.6794140881971744,
      -2.2006441337244182,
      -1.8175011886549641,
      -1.7205523350965097,
      -1.1954862259457961,
      -0.6296964722541323,
      -1.3479464866469577,
      -1.154316223258133,
      -0.5209928761765434,
      -0.4391064493729324,
      0.09097882701028182,
      -0.08226093743773522,
      -0.1590418716121884,
      0.3183042891007726,
      0.6725978613151469,
      0.7964839239321728,
      0.9165795874115994,
      1.2919150678654376,
      1.5383868098899063,
      1.8196305174394758,
      1.8322761370111746,
      1.824775337085696,
      2.1449407288954863
    ],