{
  "test": "ols",
  "method": "statsmodels",
  "dataset": "synthetic_outliers",
  "formula": "x ~ y",
  "n": 100,
  "k": 1,
  "df_residual": 98,
  "variable_names": [
    "Intercept",
    "y"
  ],
  "coefficients": [
    -0.3308144961531263,
    0.5337893151786436
  ],
  "std_errors": [
    0.19124448425575288,
    0.01697814341517936
  ],
  "t_stats": [
    -1.7297988877458303,
    31.439793040115777
  ],
  "p_values": [
    0.0868144964292986,
    5.379102283753385e-53
  ],
  "r_squared": 0.909798844775175,
  "adj_r_squared": 0.9088784248239014,
  "f_statistic": 988.4605864053124,
  "f_p_value": 5.379102283753385e-53,
  "mse": 0.7825119114364157,
  "std_error": 0.8845970333640147,
  "log_likelihood": -128.62141123455496,
  "aic": 261.2428224691099,
  "bic": 266.4531628410861,
  "conf_int_lower": [
    -0.7103329510129276,
    0.5000967421332426
  ],
  "conf_int_upper": [
    0.04870395870667499,
    0.5674818882240446
  ],
  "residuals": [
    -0.692160241627396,
    -0.7920502812877033,
    -0.6301239371486207,
    -1.1053572852128084,
    -0.7872709976320267,
    -0.8322344290637266,
    -0.7928860111656862,
    -0.9090275132822482,
    -0.6240143647815529,
    -0.20945022711083316,
    -0.642109392793361,
    -0.34145820658710835,
    -0.35408398140887787,
    -0.6315334416451819,
    -0.7853942219421368,
    -0.44044742373891976,
    -0.49706310265580234,
    -0.8488163642541315,
    -0.43862709482178497,
    -1.0486137492901002,
    -0.48503699656565313,
    0.15596561241319762,
    -0.49490248325656294,
    -0.37543583382103174,
    -0.5978018848326032,
    -0.4131093393558767,
    -0.17635473863298268,
    0.13358368953577626,
    -0.11725484630068594,
    0.07409026046030087,
    0.022162434463238512,
    -0.26973167256363295,
    -0.5381988997034197,
    -0.17771309957640424,
    0.26693035563834444,
    -0.15077358957467846,
    -0.3313531315220186,
    0.1709021508626578,
    0.06405574926441249,
    0.044500014794938814,
    0.2780383140539544,
    -0.0843365048275393,
    0.14109942633744943,
    0.016980975708174917,
    0.3859517966236865,
    0.285973091034057,
    -0.0034489853430796913,
    0.30899084831239243,
    -0.23130082185352396,
    0.35641029885410447,
    0.20991531503273286,
    0.04111188927776244,
    0.6887025686927011,
    0.8002317290626211,
    0.7576037158285631,
    0.033570176234112736,
    0.5379680511255147,
    -0.27195673011036625,
    0.5815405939662135,
    0.4018230994961547,
    0.05963088065854194,
    -0.04407075401973248,
    -0.0387266387040226,
    0.20910409318849332,
    0.27842669941228326,
    0.4137341714129352,
    0.3842689677717184,
    0.7592508357473386,
    0.8506481555943122,
    0.6533088014622335,
    0.7179624754063898,
    0.8136381859293476,
    0.5269448835994464,
    0.47797404844682667,
    0.7294775113797884,
    0.3788608840076604,
    1.0980494263025857,
    0.8651583082295007,
    1.0249206130094173,
    1.3519061485350328,
    0.895937462624266,
    0.9264971208929769,
    0.5102046423730524,
    0.7659089568653581,
    1.2277521492484258,
    0.4796876888745576,
    0.6687806514766024,
    0.8594421863417203,
    1.0953812816480966,
    1.3111360242428596,
    1.1745397497753345,
    0.8047514917102703,
    0.612479596990763,
    0.7237150927992033,
    1.2862027769383744,
    -1.886311451177903,
    -2.6572820997051405,
    -3.3100996966342464,
    -3.766010816460506,
    -1.8698508379772463
  ],
  "vif": []
}