{
  "test": "polynomial",
  "method": "statsmodels",
  "dataset": "synthetic_multiple",
  "formula": "x1 ~ poly(x2, 2, raw=True)",
  "degree": 2,
  "n": 100,
  "k": 2,
  "df_residual": 97,
  "df_model": 2,
  "variable_names": [
    "Intercept",
    "x^1",
    "x^2"
  ],
  "coefficients": [
    4.780737052458418,
    -0.33212513058120197,
    0.021185336349575812
  ],
  "std_errors": [
    0.4040056119996271,
    0.09589541756359347,
    0.03580897423386132
  ],
  "t_stats": [
    11.83334317757653,
    -3.4634098168554477,
    0.5916208660772737
  ],
  "p_values": [
    1.582645825676809e-20,
    0.0007954002935366358,
    0.5554808280144495
  ],
  "r_squared": 0.11185804239046437,
  "adj_r_squared": 0.09354583707892761,
  "f_statistic": 6.1083873016644805,
  "f_p_value": 0.00317245735739155,
  "mse": 7.526009819922005,
  "rmse": 2.74335739923219,
  "mae": 2.2695753014880276,
  "residual_std_error": 2.74335739923219,
  "log_likelihood": -241.28914279473298,
  "aic": 488.57828558946596,
  "bic": 496.39379614743024,
  "conf_int_lower": [
    3.9788977470429887,
    -0.5224509892521586,
    -0.049885565079746105
  ],
  "conf_int_upper": [
    5.582576357873847,
    -0.14179927191024533,
    0.09225623777889773
  ],
  "fitted_values": [
    3.9857242323396647,
    4.771993336373064,
    4.537849372671742,
    4.805706277538964,
    5.9896743791941365,
    4.146753191572855,
    5.61066546034563,
    6.839975103471431,
    4.34241980864146,
    6.0740066788458345,
    3.7288669044857508,
    3.709652471536984,
    3.7674941950245318,
    5.247688495495491,
    6.887421576778358,
    3.7468428495765043,
    5.03018191592773,
    3.69220524653011,
    3.69630359683163,
    3.872306437829596,
    5.552934649215139,
    5.190326379430251,
    3.8757326849274816,
    5.4597931435872455,
    6.109852814982305,
    4.598920987134744,
    3.735168183660695,
    4.211083169376244,
    4.558445265275624,
    6.462382773806561,
    4.426790279340146,
    3.661916796370122,
    6.250542308725845,
    4.720571447396831,
    3.8290875419378776,
    4.103894359721333,
    4.2086295768205595,
    4.195095988478726,
    5.289227901450545,
    5.556529108448575,
    3.956023741362289,
    3.9545125878646274,
    3.847053278544264,
    3.7700385588681296,
    4.743338644807879,
    4.775705927574275,
    3.9785309518609027,
    4.330313236922649,
    4.196370597056552,
    3.9836927687020762,
    3.8076690947304086,
    5.374397970439472,
    5.226751390269959,
    6.478466743864376,
    4.533730940998339,
    6.778214695784782,
    4.897501956496421,
    4.642956194593058,
    5.586217413704499,
    4.4965363128701705,
    6.807052112009486,
    6.770785114837029,
    3.9297776909413997,
    5.286489317009717,
    6.314016649883915,
    4.707909767203151,
    4.038454338437475,
    5.895654715153104,
    4.404581140406267,
    6.522156060352035,
    6.695517269558558,
    4.678683199209074,
    4.649275752257371,
    4.364310510436551,
    4.138124615801514,
    3.68002330274731,
    4.727162396634753,
    5.435147285743693,
    3.9849477119830197,
    5.653121583825168,
    4.99131875315368,
    6.557250702301418,
    6.834455019067103,
    3.69762387297048,
    3.90400831104548,
    4.211221633153128,
    5.100688929803941,
    6.091933798470134,
    6.171858161951475,
    5.742394336276613,
    4.622376695410416,
    4.165571525074786,
    4.303049657183714,
    5.614230540059882,
    3.7083448885380945,
    4.1105198974915,
    4.606472502015846,
    4.436126908964163,
    5.061459969222417,
    5.753408579785267
  ],
  "residuals": [
    0.18838579914812525,
    -2.550915231665761,
    -3.3391956993349137,
    -1.429554563502684,
    3.439422659931056,
    -0.9147238713653025,
    -0.42275924291196887,
    0.1902144854803467,
    -0.7061237848485202,
    3.6438141483637727,
    5.895606044935361,
    -1.1918295132833423,
    1.2049908638993232,
    -2.2389053973277946,
    -4.039016633003682,
    -3.3779733760311763,
    1.0654614238712385,
    1.334584985758505,
    -3.1815160843317365,
    -1.0858417954634816,
    3.5297242104513966,
    -2.7947074727605274,
    -2.4267839640152506,
    -0.5652655408116152,
    3.7466517261237025,
    -2.17836827201974,
    2.986187290398091,
    3.4051129839109313,
    -2.1820698253516277,
    0.8197807123120349,
    -0.7489589521476141,
    2.6611415095656725,
    0.08475479888310211,
    0.6371753933507538,
    -2.9261898413937946,
    4.249130596171047,
    -1.0008289271032011,
    -2.3299108844801832,
    -4.881476485902906,
    0.35240032343384353,
    2.8196198770605356,
    -3.788634298586066,
    1.273877304448546,
    -1.50508080688875,
    1.70838925928662,
    -3.03204163752436,
    2.9308464291637573,
    -0.46295977391727483,
    5.1709292903107915,
    -2.608483327242144,
    -0.3970055842278235,
    -4.239662758033582,
    4.0201847925156695,
    2.294926789945433,
    -1.954314663846783,
    -0.17837423544299202,
    3.274720045515738,
    0.9090519214015664,
    -0.289711630144434,
    -2.0780134038656537,
    -5.8760244339504935,
    2.201372464696238,
    5.074402880691904,
    1.044525255722963,
    -2.923718739396908,
    -1.2158140210765418,
    3.221102450264919,
    3.075447884372667,
    4.466283102244906,
    1.276599398224203,
    -0.2752008080156809,
    -3.8372835492585855,
    -3.0329886113112337,
    4.621231374834242,
    1.9261659807943863,
    -3.588052786581014,
    -3.712446967974432,
    1.1998704053368643,
    -3.934331873520833,
    -4.045041069650182,
    0.4960191405121819,
    0.3617012746255144,
    -0.31484242404109697,
    -1.454930778364882,
    3.217783902429878,
    -1.8387307581851275,
    -1.846691948211264,
    1.372980252710108,
    0.3244708285206723,
    2.7498397686651668,
    1.953752227593017,
    1.5175145082799295,
    -3.3663019789027895,
    -1.9370725094655463,
    -1.05632121172084,
    -1.6706234637006636,
    5.12363304550861,
    -0.5051496622965592,
    3.8590055825487166,
    0.5579776801873617
  ]
}