{
  "test": "polynomial",
  "method": "statsmodels",
  "dataset": "synthetic_nonlinear",
  "formula": "x ~ poly(y, 3, raw=True)",
  "degree": 3,
  "n": 100,
  "k": 3,
  "df_residual": 96,
  "df_model": 3,
  "variable_names": [
    "Intercept",
    "x^1",
    "x^2",
    "x^3"
  ],
  "coefficients": [
    -1.816935853254683,
    -0.07009402781754737,
    0.17084211428747476,
    -0.009903395061421945
  ],
  "std_errors": [
    0.3659072428560972,
    0.32506509745103146,
    0.06659736275389258,
    0.003584705994929708
  ],
  "t_stats": [
    -4.965564056815463,
    -0.21563074094137863,
    2.56529849265674,
    -2.762679861452944
  ],
  "p_values": [
    2.9728779469575197e-06,
    0.8297330676773923,
    0.011857005927623034,
    0.006871445944533639
  ],
  "r_squared": 0.643770164822354,
  "adj_r_squared": 0.6326379824730526,
  "f_statistic": 57.829646031871874,
  "f_p_value": 1.9332881916755514e-21,
  "mse": 3.1547430338929434,
  "rmse": 1.7761596307463312,
  "mae": 1.4073682228271576,
  "residual_std_error": 1.7761596307463312,
  "log_likelihood": -197.29810586523507,
  "aic": 402.59621173047015,
  "bic": 413.0168924744225,
  "conf_int_lower": [
    -2.5432559897964735,
    -0.7153431464813634,
    0.03864739403222797,
    -0.017018980222777917
  ],
  "conf_int_upper": [
    -1.0906157167128925,
    0.5751550908462687,
    0.30303683454272157,
    -0.0027878099000659736
  ],
  "fitted_values": [
    -0.3832565467679775,
    -0.5319723099579307,
    -0.3347362643004549,
    -0.9787890098376751,
    -0.8984061647420165,
    -1.1750545769317018,
    -1.2599927567223346,
    -1.3120759304766603,
    -1.2546552304855771,
    -1.4950947763530502,
    -1.1300279056916973,
    -1.6718980747710703,
    -1.599239735850956,
    -1.6806043360531313,
    -1.3553805118120454,
    -1.654874581941828,
    -1.5453025081460692,
    -1.8242130123317808,
    -1.7287593357780702,
    -1.6687378496173033,
    -1.7817124456269888,
    -1.6894389021131184,
    -1.8234225031176718,
    -1.678786210916478,
    -1.5465346308981236,
    -1.8240859791481903,
    -1.8220195349266899,
    -1.725230286350661,
    -1.7179619270717275,
    -1.8133671951669992,
    -1.8157797492619014,
    -1.819354303035224,
    -1.7373188955883507,
    -1.7815414075493246,
    -1.7744072664721346,
    -1.7953032492761714,
    -1.8240437520992527,
    -1.8217084897847535,
    -1.721583036812025,
    -1.7928000191535185,
    -1.7671076294189512,
    -1.8238563621952035,
    -1.8188825954371952,
    -1.7668541945022185,
    -1.8151296657280385,
    -1.768992422175435,
    -1.7746293993824864,
    -1.7229643653486084,
    -1.7261017504102747,
    -1.2615468332778605,
    -1.780522006907674,
    -1.750364716877702,
    -1.7355201613223337,
    -1.696890787873579,
    -1.6727916851998401,
    -1.2265858573372732,
    -1.081455960275572,
    -1.5142771570345794,
    -1.5063411291628865,
    -1.0960945121779342,
    -1.2910420772225515,
    -0.836416519895818,
    -0.8633523863065216,
    -1.2691461859327249,
    -0.09386181528154536,
    0.16774334950473468,
    -0.6209227791114222,
    -0.3854928545301506,
    0.05115839919852272,
    0.2538527864868365,
    0.5873049379139803,
    1.4014092595642116,
    0.6291231562962671,
    0.5685598995697025,
    0.5312661483529912,
    1.0462371684201717,
    1.6002518530896306,
    2.658031035800146,
    1.870283830376826,
    2.4529750640312318,
    2.5973096276366605,
    3.3410769217669287,
    4.034213335482363,
    3.133034770896086,
    3.3959191810830642,
    4.1500619441044115,
    4.2330377975157685,
    4.6687857878519985,
    4.547116964532465,
    4.486469978006983,
    4.794252331148245,
    4.904132830797023,
    4.91567915606449,
    4.912627885497326,
    4.806385201972951,
    4.650634786387368,
    4.382166881073715,
    4.367710424906708,
    4.376310722921993,
    3.94149159501157
  ],
  "residuals": [
    -4.616743453232022,
    -4.367017589031968,
    -4.463243533679343,
    -3.718180687132022,
    -3.6975534312175795,
    -3.319894918017793,
    -3.133946637217059,
    -2.980853362452633,
    -2.937263961433615,
    -2.5958143145560406,
    -2.8598710842072923,
    -2.2169908141178185,
    -2.188639052027832,
    -2.0062643508155555,
    -2.23047807404654,
    -1.8299739029066568,
    -1.838535875692315,
    -1.458615270496502,
    -1.4530588460401115,
    -1.4120702311907776,
    -1.1980855341709913,
    -1.1893489766747605,
    -0.9543552746601058,
    -0.997981465851199,
    -1.0292229448594525,
    -0.6506614955992847,
    -0.5517178388106838,
    -0.5474969863766119,
    -0.4537552446454447,
    -0.25733987554007176,
    -0.15391722043506806,
    -0.04933256565164501,
    -0.030357872088416782,
    0.11487474088265826,
    0.20875070081556912,
    0.33065678462970705,
    0.460407388462889,
    0.5590822271584912,
    0.5599668751958633,
    0.732193958547458,
    0.8075116698229919,
    0.9652705036093445,
    1.0613068378614374,
    1.110288537936562,
    1.259574110172483,
    1.31444696762998,
    1.4210940458471326,
    1.4704391128233558,
    1.5745865988951233,
    1.2110417827728104,
    1.831027057412724,
    1.9018798683928533,
    1.9880454138475863,
    2.050426141408933,
    2.1273371397452943,
    1.7821414128928286,
    1.7380216168412286,
    2.2718529146103372,
    2.3649269877487447,
    2.0556904717738935,
    2.351648137828612,
    1.9980326815119798,
    2.125978648932784,
    2.6327825495690877,
    1.5585082799280097,
    1.3979132161518308,
    2.287589445778089,
    2.153169622206918,
    1.8175284694883458,
    1.715844183210133,
    1.4834021327930906,
    0.7703079121529601,
    1.6436041164310053,
    1.8051774741676712,
    1.9434813263944837,
    1.5295204073374036,
    1.0765158236780459,
    0.11974674197763147,
    1.0085040484110528,
    0.5268229157667474,
    0.4834984531714208,
    -0.15925873994874706,
    -0.7513850526540811,
    0.25080361294229814,
    0.08892930376542019,
    -0.564203358245825,
    -0.5461691106470816,
    -0.8809069999732113,
    -0.6582280756435765,
    -0.4965709881079938,
    -0.7033432402391551,
    -0.7122136388778308,
    -0.6227498631351978,
    -0.5186884915579313,
    -0.31143570702345613,
    -0.05467519042777269,
    0.31480281589598214,
    0.43026937307308977,
    0.522679176067907,
    1.0585084049884301
  ]
}