{
  "test": "polynomial",
  "method": "statsmodels",
  "dataset": "synthetic_outliers",
  "formula": "x ~ poly(y, 2, raw=True)",
  "degree": 2,
  "n": 100,
  "k": 2,
  "df_residual": 97,
  "df_model": 2,
  "variable_names": [
    "Intercept",
    "x^1",
    "x^2"
  ],
  "coefficients": [
    -2.5468871355939804,
    1.0061294077976224,
    -0.01971185309206992
  ],
  "std_errors": [
    0.15947674551021424,
    0.028566156418016245,
    0.001138909422674106
  ],
  "t_stats": [
    -15.970272828466118,
    35.221028446202574,
    -17.307656517396627
  ],
  "p_values": [
    6.666728428156473e-29,
    4.5320300665645325e-57,
    2.030734358438837e-31
  ],
  "r_squared": 0.9779361939006517,
  "adj_r_squared": 0.9774812700635517,
  "f_statistic": 2149.67015167807,
  "f_p_value": 4.661234597353445e-81,
  "mse": 0.19338092401976634,
  "rmse": 0.4397509795552096,
  "mae": 0.3543176423591733,
  "residual_std_error": 0.4397509795552096,
  "log_likelihood": -58.216226162284855,
  "aic": 122.43245232456971,
  "bic": 130.24796288253398,
  "conf_int_lower": [
    -2.863404330038154,
    0.9494334948194834,
    -0.021972273030021017
  ],
  "conf_int_upper": [
    -2.2303699411498066,
    1.0628253207757614,
    -0.01745143315411882
  ],
  "fitted_values": [
    -0.6910978468610152,
    -0.34365280276914123,
    -0.44841395486721847,
    0.5220412965153114,
    0.16185573464644298,
    0.40478163387673555,
    0.5065118970184553,
    0.8605829389417198,
    0.5609834000030824,
    0.039651852340130155,
    0.9188320184535534,
    0.5945516718038723,
    0.7798084479195221,
    1.383914268472336,
    1.7795779617135115,
    1.4010731108785683,
    1.646594656319385,
    2.332710271892639,
    1.8672526899476645,
    2.917867072082807,
    2.2422989198701764,
    1.416199153059118,
    2.555427789988668,
    2.5283993159720035,
    2.995142178428419,
    2.875747313351926,
    2.680011698312724,
    2.3737674257147097,
    2.8860234608613964,
    2.7561391512766007,
    2.9753720182132057,
    3.5237539788991254,
    4.019951582723413,
    3.6734576760201083,
    3.200245181999869,
    3.9082759399501676,
    4.277047778980706,
    3.7482527088565876,
    4.024964589821997,
    4.182730215447311,
    4.009201642891781,
    4.6053379566124315,
    4.448184110713213,
    4.73096033976613,
    4.393590082278649,
    4.647571993624541,
    5.124971686637747,
    4.869064918695488,
    5.626201286150434,
    5.056795790958722,
    5.350454771362364,
    5.660925922373399,
    5.021516872764907,
    5.008805896929187,
    5.1810518949294915,
    6.115126601643585,
    5.6701974526670185,
    6.642956172079904,
    5.847647181981898,
    6.15351220345781,
    6.614203970036431,
    6.817818063885123,
    6.910983114681135,
    6.7674811330876325,
    6.798704774132156,
    6.764903268720955,
    6.892624040131673,
    6.621716450374698,
    6.631397524335465,
    6.92551017751573,
    6.9605084689034875,
    6.9656282016215,
    7.327188315808702,
    7.461476930843999,
    7.326724169507075,
    7.721705132038419,
    7.173939584958452,
    7.476374884168395,
    7.424277679628913,
    7.2194477950875005,
    7.711553179456235,
    7.770740004825802,
    8.18430198468296,
    8.06451097652192,
    7.77222257813167,
    8.431325684945193,
    8.367587666469257,
    8.301612265117043,
    8.200220291558479,
    8.112013836648494,
    8.292646928047175,
    8.627484200726851,
    8.820566898487238,
    8.814035228031475,
    8.504198042656169,
    10.06521696923996,
    10.23095531769223,
    10.289449204325734,
    10.282162853203983,
    10.151873035168915
  ],
  "residuals": [
    0.6910978468610152,
    0.4446629037792422,
    0.6504341568874205,
    -0.2190109934850084,
    0.242184669393961,
    0.10026887117376954,
    0.09954870904215074,
    -0.1535122318710127,
    0.24709740807772562,
    0.869439056750779,
    0.09126899164745672,
    0.5165594393072389,
    0.43231276420169007,
    -0.07078295534102286,
    -0.36543654757209754,
    0.1140784042729468,
    -0.030433040157769042,
    -0.615538554720922,
    -0.04907087176584657,
    -0.9986751528908879,
    -0.22209689966815604,
    0.7050129681530031,
    -0.33320556776644583,
    -0.20516699273968042,
    -0.5708997541859948,
    -0.3504947880994007,
    -0.05374907205009771,
    0.3535053015580174,
    -0.057740632578568096,
    0.17315377801632836,
    0.05493101208982454,
    -0.3924408475859944,
    -0.7876283504001811,
    -0.34012434268677527,
    0.23409825234356507,
    -0.3729224045966322,
    -0.6406841426170704,
    -0.010878971482850108,
    -0.186580751438159,
    -0.24333627605337194,
    0.03120239751225995,
    -0.4639238151982905,
    -0.20575986828897097,
    -0.38752599633178697,
    0.05085436216579531,
    -0.10211744816999602,
    -0.47850704017310086,
    -0.121590171220741,
    -0.7777164376655854,
    -0.10730084146377195,
    -0.2999497208573141,
    -0.5094107708582474,
    0.23100837976034594,
    0.34472945660616716,
    0.27349355961596267,
    -0.5595710460880294,
    -0.013631796101361893,
    -0.8853804145041462,
    0.010938676603959863,
    -0.19391624386185047,
    -0.55359790943037,
    -0.6562019022689611,
    -0.6483568520548726,
    -0.40384476945126924,
    -0.33405830948569104,
    -0.1992467030643894,
    -0.22595737346500577,
    0.1459603173020696,
    0.23728934435140392,
    0.044186792181239554,
    0.11019860180358343,
    0.20608897009567162,
    -0.05446104308143074,
    -0.08773955710662573,
    0.1480233052404003,
    -0.1459475562808441,
    0.5028280918092243,
    0.30140289360938244,
    0.45451019915896573,
    0.7603501847104788,
    0.36925490135184624,
    0.4110781769923797,
    0.09852629814532143,
    0.3193274073164645,
    0.7126259067168146,
    0.15453290091339333,
    0.31928102039942985,
    0.48626652276174376,
    0.6886685973304107,
    0.8778851532504959,
    0.7982621628619153,
    0.564434991192341,
    0.4723623944420545,
    0.5799041659079194,
    0.9907514522933276,
    -0.46925737328036554,
    -0.5339856207225342,
    -0.49146940634593683,
    -0.3831729542140838,
    -0.15187303516891504
  ]
}