{
  "test": "wls",
  "method": "statsmodels",
  "dataset": "synthetic_outliers",
  "formula": "x ~ y",
  "n": 100,
  "k": 1,
  "df_residual": 98,
  "df_model": 1,
  "variable_names": [
    "Intercept",
    "y"
  ],
  "coefficients": [
    -0.3308144961531263,
    0.5337893151786436
  ],
  "std_errors": [
    0.19124448425575288,
    0.01697814341517936
  ],
  "t_stats": [
    -1.7297988877458303,
    31.439793040115777
  ],
  "p_values": [
    0.0868144964292986,
    5.379102283753385e-53
  ],
  "r_squared": 0.909798844775175,
  "adj_r_squared": 0.9088784248239014,
  "f_statistic": 988.4605864053124,
  "f_p_value": 5.379102283753385e-53,
  "mse": 0.7825119114364157,
  "rmse": 0.8845970333640147,
  "mae": 0.6338756823993764,
  "residual_std_error": 0.8845970333640147,
  "log_likelihood": -128.6214112345549,
  "aic": 261.2428224691098,
  "bic": 266.453162841086,
  "conf_int_lower": [
    -0.7103329510129276,
    0.5000967421332426
  ],
  "conf_int_upper": [
    0.04870395870667499,
    0.5674818882240446
  ],
  "fitted_values": [
    0.692160241627396,
    0.8930603822978043,
    0.8321441391688227,
    1.4083875882431114,
    1.1913114016724307,
    1.3372849341142317,
    1.3989466172262923,
    1.6160982203529553,
    1.432095172862361,
    1.1185411362017423,
    1.6522104028943712,
    1.4525693176982195,
    1.56620519353009,
    1.944664754776495,
    2.1995356360835507,
    1.955598938890435,
    2.1132247188174182,
    2.5659880814258487,
    2.256808913003603,
    2.9678056684820193,
    2.5052390167676735,
    1.9652465087989235,
    2.7171247054787853,
    2.698668157053355,
    3.0220443090750275,
    2.9383618646084018,
    2.802617364895609,
    2.593689037736951,
    2.9455376745835142,
    2.855202668832628,
    3.0081405958397918,
    3.401044803876764,
    3.770522132026652,
    3.5110464329097373,
    3.16741307870509,
    3.686127124928214,
    3.9677167678856544,
    3.5664715865110796,
    3.7743280891194257,
    3.894893924599,
    3.7623657263500863,
    4.22575064624168,
    4.101324816086793,
    4.3264533677261685,
    4.058492647820758,
    4.259481454420488,
    4.649913631807726,
    4.438483899162355,
    5.079785670338373,
    4.593084650640845,
    4.840589735472317,
    5.110403262237389,
    4.5638226838325515,
    4.553303624472733,
    4.696941738716891,
    5.521985379321443,
    5.118597605440142,
    6.029532487686124,
    5.277045264619645,
    5.557772860099805,
    6.000975179947519,
    6.205686915635894,
    6.301352901330285,
    6.15453227044787,
    6.186219765234181,
    6.1519223942436305,
    6.282397698894949,
    6.008425931929429,
    6.018038713092556,
    6.316388168234736,
    6.352744595300681,
    6.358078985787824,
    6.745782389127825,
    6.895763325290547,
    6.7452699633676865,
    7.196896691749915,
    6.578718250465091,
    6.912619469548277,
    6.853867265778462,
    6.6278918312629465,
    7.184870618183815,
    7.255321060925205,
    7.77262364045523,
    7.617929426973026,
    7.257096335600059,
    8.106170896984029,
    8.018088035392084,
    7.928436601537067,
    7.793507607240793,
    7.67876296565613,
    7.9163693411337555,
    8.387167700208922,
    8.68044969593853,
    8.670224301140191,
    8.208746718011122,
    11.482271047137498,
    12.354251796674836,
    13.108079494614044,
    13.665000715450406,
    11.869850837977246
  ],
  "residuals": [
    -0.692160241627396,
    -0.7920502812877033,
    -0.6301239371486207,
    -1.1053572852128084,
    -0.7872709976320267,
    -0.8322344290637266,
    -0.7928860111656862,
    -0.9090275132822482,
    -0.6240143647815529,
    -0.20945022711083316,
    -0.642109392793361,
    -0.34145820658710835,
    -0.35408398140887787,
    -0.6315334416451819,
    -0.7853942219421368,
    -0.44044742373891976,
    -0.49706310265580234,
    -0.8488163642541315,
    -0.43862709482178497,
    -1.0486137492901002,
    -0.48503699656565313,
    0.15596561241319762,
    -0.49490248325656294,
    -0.37543583382103174,
    -0.5978018848326032,
    -0.4131093393558767,
    -0.17635473863298268,
    0.13358368953577626,
    -0.11725484630068594,
    0.07409026046030087,
    0.022162434463238512,
    -0.26973167256363295,
    -0.5381988997034197,
    -0.17771309957640424,
    0.26693035563834444,
    -0.15077358957467846,
    -0.3313531315220186,
    0.1709021508626578,
    0.06405574926441249,
    0.044500014794938814,
    0.2780383140539544,
    -0.0843365048275393,
    0.14109942633744943,
    0.016980975708174917,
    0.3859517966236865,
    0.285973091034057,
    -0.0034489853430796913,
    0.30899084831239243,
    -0.23130082185352396,
    0.35641029885410447,
    0.20991531503273286,
    0.04111188927776244,
    0.6887025686927011,
    0.8002317290626211,
    0.7576037158285631,
    0.033570176234112736,
    0.5379680511255147,
    -0.27195673011036625,
    0.5815405939662135,
    0.4018230994961547,
    0.05963088065854194,
    -0.04407075401973248,
    -0.0387266387040226,
    0.20910409318849332,
    0.27842669941228326,
    0.4137341714129352,
    0.3842689677717184,
    0.7592508357473386,
    0.8506481555943122,
    0.6533088014622335,
    0.7179624754063898,
    0.8136381859293476,
    0.5269448835994464,
    0.47797404844682667,
    0.7294775113797884,
    0.3788608840076604,
    1.0980494263025857,
    0.8651583082295007,
    1.0249206130094173,
    1.3519061485350328,
    0.895937462624266,
    0.9264971208929769,
    0.5102046423730524,
    0.7659089568653581,
    1.2277521492484258,
    0.4796876888745576,
    0.6687806514766024,
    0.8594421863417203,
    1.0953812816480966,
    1.3111360242428596,
    1.1745397497753345,
    0.8047514917102703,
    0.612479596990763,
    0.7237150927992033,
    1.2862027769383744,
    -1.886311451177903,
    -2.6572820997051405,
    -3.3100996966342464,
    -3.766010816460506,
    -1.8698508379772463
  ],
  "weights": [
    1.0,
    1.0,
    1.0,
    1.0,
    1.0,
    1.0,
    1.0,
    1.0,
    1.0,
    1.0,
    1.0,
    1.0,
    1.0,
    1.0,
    1.0,
    1.0,
    1.0,
    1.0,
    1.0,
    1.0,
    1.0,
    1.0,
    1.0,
    1.0,
    1.0,
    1.0,
    1.0,
    1.0,
    1.0,
    1.0,
    1.0,
    1.0,
    1.0,
    1.0,
    1.0,
    1.0,
    1.0,
    1.0,
    1.0,
    1.0,
    1.0,
    1.0,
    1.0,
    1.0,
    1.0,
    1.0,
    1.0,
    1.0,
    1.0,
    1.0,
    1.0,
    1.0,
    1.0,
    1.0,
    1.0,
    1.0,
    1.0,
    1.0,
    1.0,
    1.0,
    1.0,
    1.0,
    1.0,
    1.0,
    1.0,
    1.0,
    1.0,
    1.0,
    1.0,
    1.0,
    1.0,
    1.0,
    1.0,
    1.0,
    1.0,
    1.0,
    1.0,
    1.0,
    1.0,
    1.0,
    1.0,
    1.0,
    1.0,
    1.0,
    1.0,
    1.0,
    1.0,
    1.0,
    1.0,
    1.0,
    1.0,
    1.0,
    1.0,
    1.0,
    1.0,
    1.0,
    1.0,
    1.0,
    1.0,
    1.0
  ]
}