{
  "test": "lasso",
  "method": "sklearn",
  "alpha": 1,
  "n": 100,
  "p": 2,
  "lambda_sequence": [
    0.004762438396315889,
    0.007733136689756976,
    0.012556887477794262,
    0.020389581803052448,
    0.03310812865358218,
    0.053760209185754394,
    0.08729457716974788,
    0.1417469038655514,
    0.2301653253489021,
    0.3737371014693517,
    0.6068656119377484,
    0.9854142644780453,
    1.6000927611242128,
    2.598193406057753,
    4.218886016670096,
    6.850528979157464,
    11.12372960749415,
    18.06245338967389,
    29.329391666832944,
    47.62438396315887
  ],
  "coefficients": [
    [
      2.71770704368935,
      -0.763467682176796,
      0.19156720876235478
    ],
    [
      2.715331967978302,
      -0.7596318112897983,
      0.19103208801617352
    ],
    [
      2.711475375284892,
      -0.7534032133689601,
      0.19016317139586703
    ],
    [
      2.7052131297768063,
      -0.7432893609473435,
      0.1887522447995188
    ],
    [
      2.695044641185691,
      -0.7268667226415356,
      0.1864612150116659
    ],
    [
      2.678533285938727,
      -0.700200024564455,
      0.18274109413336198
    ],
    [
      2.651722531356228,
      -0.6568992605159225,
      0.17670044838420165
    ],
    [
      2.6081878517050683,
      -0.5865884870648164,
      0.1668917883270359
    ],
    [
      2.537497251539483,
      -0.47241948862054234,
      0.15096471428360067
    ],
    [
      2.4227114142811685,
      -0.28703448010215116,
      0.12510269740777782
    ],
    [
      2.2630507470334242,
      -0.0,
      0.084529479107964
    ],
    [
      2.8942160266401724,
      -0.0,
      0.06598807883616824
    ],
    [
      3.9190875262491556,
      0.0,
      0.03588098436283882
    ],
    [
      5.14050722465164,
      0.0,
      0.0
    ],
    [
      5.14050722465164,
      0.0,
      0.0
    ],
    [
      5.14050722465164,
      0.0,
      0.0
    ],
    [
      5.14050722465164,
      0.0,
      0.0
    ],
    [
      5.14050722465164,
      0.0,
      0.0
    ],
    [
      5.14050722465164,
      0.0,
      0.0
    ],
    [
      5.14050722465164,
      0.0,
      0.0
    ]
  ],
  "nonzero_counts": [
    2,
    2,
    2,
    2,
    2,
    2,
    2,
    2,
    2,
    2,
    1,
    1,
    1,
    0,
    0,
    0,
    0,
    0,
    0,
    0
  ],
  "degrees_of_freedom": [
    2.0,
    2.0,
    2.0,
    2.0,
    2.0,
    2.0,
    2.0,
    2.0,
    2.0,
    2.0,
    1.0,
    1.0,
    1.0,
    0.0,
    0.0,
    0.0,
    0.0,
    0.0,
    0.0,
    0.0
  ],
  "test_lambdas": [
    0.004762438396315889,
    0.6068656119377484,
    47.62438396315887
  ],
  "test_predictions": [
    [
      2.58600073560592,
      6.896746073868414,
      10.365789565131728,
      5.339375599119065,
      10.538694742640322
    ],
    [
      2.486110426724971,
      7.079762535638639,
      8.344979923191971,
      5.121818315146751,
      8.97215439748802
    ],
    [
      5.14050722465164,
      5.14050722465164,
      5.14050722465164,
      5.14050722465164,
      5.14050722465164
    ]
  ],
  "fitted_values": [
    5.14050722465164,
    5.14050722465164,
    5.14050722465164,
    5.14050722465164,
    5.14050722465164,
    5.14050722465164,
    5.14050722465164,
    5.14050722465164,
    5.14050722465164,
    5.14050722465164,
    5.14050722465164,
    5.14050722465164,
    5.14050722465164,
    5.14050722465164,
    5.14050722465164,
    5.14050722465164,
    5.14050722465164,
    5.14050722465164,
    5.14050722465164,
    5.14050722465164,
    5.14050722465164,
    5.14050722465164,
    5.14050722465164,
    5.14050722465164,
    5.14050722465164,
    5.14050722465164,
    5.14050722465164,
    5.14050722465164,
    5.14050722465164,
    5.14050722465164,
    5.14050722465164,
    5.14050722465164,
    5.14050722465164,
    5.14050722465164,
    5.14050722465164,
    5.14050722465164,
    5.14050722465164,
    5.14050722465164,
    5.14050722465164,
    5.14050722465164,
    5.14050722465164,
    5.14050722465164,
    5.14050722465164,
    5.14050722465164,
    5.14050722465164,
    5.14050722465164,
    5.14050722465164,
    5.14050722465164,
    5.14050722465164,
    5.14050722465164,
    5.14050722465164,
    5.14050722465164,
    5.14050722465164,
    5.14050722465164,
    5.14050722465164,
    5.14050722465164,
    5.14050722465164,
    5.14050722465164,
    5.14050722465164,
    5.14050722465164,
    5.14050722465164,
    5.14050722465164,
    5.14050722465164,
    5.14050722465164,
    5.14050722465164,
    5.14050722465164,
    5.14050722465164,
    5.14050722465164,
    5.14050722465164,
    5.14050722465164,
    5.14050722465164,
    5.14050722465164,
    5.14050722465164,
    5.14050722465164,
    5.14050722465164,
    5.14050722465164,
    5.14050722465164,
    5.14050722465164,
    5.14050722465164,
    5.14050722465164,
    5.14050722465164,
    5.14050722465164,
    5.14050722465164,
    5.14050722465164,
    5.14050722465164,
    5.14050722465164,
    5.14050722465164,
    5.14050722465164,
    5.14050722465164,
    5.14050722465164,
    5.14050722465164,
    5.14050722465164,
    5.14050722465164,
    5.14050722465164,
    5.14050722465164,
    5.14050722465164,
    5.14050722465164,
    5.14050722465164,
    5.14050722465164,
    5.14050722465164
  ],
  "residuals": [
    -4.922273256896744,
    1.4973896371042512,
    4.493437117483864,
    0.46117460996677995,
    4.227717395679281,
    -4.617928431791402,
    -0.9525740339100262,
    -2.538929315031128,
    2.1677024251556576,
    4.672463680320829,
    -2.575206600209162,
    1.4012387900891046,
    -3.1595308970542386,
    0.5127953210644591,
    -0.5011823577682781,
    4.579546071663731,
    0.9447655023130261,
    -1.645443503783452,
    -3.9995493757723066,
    -3.6280389373022945,
    -2.887337925139289,
    -2.6308406112486598,
    3.365653353759739,
    0.4717206581736093,
    0.09340188909202407,
    -3.992818505959465,
    3.4608897088427097,
    2.0876358074331973,
    -4.4638236056516245,
    1.9378437476460464,
    0.29487494877482057,
    -4.323253767183857,
    -0.5575008093650755,
    -0.29354435335117035,
    -3.4827618230188824,
    4.316474245351183,
    3.3592464901549794,
    1.549716148639443,
    -0.5175516146455683,
    -1.0228518088065544,
    1.3692274468579013,
    0.31381146941741545,
    -4.5177761658327835,
    -0.01548073694832297,
    2.923528947676755,
    -0.5481084486820595,
    -4.6209414491089555,
    2.722274769188691,
    -3.126869403291896,
    -2.5542988757712517,
    -3.493443690328681,
    -1.8383565759366647,
    2.42700783223471,
    0.05335137038773308,
    -3.091694483144514,
    3.637793556868769,
    3.6553113248636526,
    3.56527702580843,
    -2.7525451108362473,
    -0.6281137828417593,
    4.709389336757112,
    2.5796175384482627,
    -4.868833012396042,
    -4.488461312046719,
    -0.5011934565283118,
    3.9516948339639617,
    0.24651075487550234,
    -0.16238214430873654,
    -4.085770225085334,
    1.4272938225913006,
    3.0805243813506147,
    -1.3363071495760166,
    2.615611284601635,
    4.504259314356475,
    -3.102842633374749,
    0.09278908729577307,
    -2.269127643805884,
    2.7880369656867536,
    0.6354264341599354,
    1.2053169508513975,
    2.8386343715073012,
    -1.180802498027091,
    4.010393459418792,
    0.18978144780975992,
    -3.56095899629816,
    1.8184839570363849,
    2.7921062797309038,
    -1.9728904539763734,
    3.4312853453358896,
    3.9209253230060233,
    -2.371462350873551,
    4.69470750250058,
    -3.7333919441640555,
    -3.12035054062674,
    -3.2982588322713786,
    3.7993898754270647,
    1.4024182985979783,
    -3.6194643924289114,
    -0.7372730409681498,
    1.0124730260463801
  ],
  "sklearn_version": "1.8.0"
}