{
  "test": "ols",
  "method": "statsmodels",
  "dataset": "synthetic_multiple",
  "formula": "x1 ~ x2 + x3 + y",
  "n": 100,
  "k": 3,
  "df_residual": 96,
  "variable_names": [
    "Intercept",
    "x2",
    "x3",
    "y"
  ],
  "coefficients": [
    -0.49012316871300565,
    0.7552223462611141,
    -0.2508121081805419,
    0.5002532026507623
  ],
  "std_errors": [
    0.07345925719900491,
    0.013554792888533928,
    0.0024433858096751834,
    0.004711265786185089
  ],
  "t_stats": [
    -6.672040902690273,
    55.716258630551316,
    -102.6494085327786,
    106.1823351417918
  ],
  "p_values": [
    1.615660681303566e-09,
    6.546458664685537e-75,
    6.044169421881136e-100,
    2.4139698643588935e-101
  ],
  "r_squared": 0.9925245026790348,
  "adj_r_squared": 0.9922908933877547,
  "f_statistic": 4248.651657817494,
  "f_p_value": 6.7541942342879274e-102,
  "mse": 0.06400633858817224,
  "std_error": 0.25299474023815643,
  "log_likelihood": -2.4140955901317653,
  "aic": 12.82819118026353,
  "bic": 23.248871924215898,
  "conf_int_lower": [
    -0.6359386417891235,
    0.728316295031438,
    -0.2556621906797437,
    0.4909014139777724
  ],
  "conf_int_upper": [
    -0.3443076956368878,
    0.7821283974907901,
    -0.24596202568134007,
    0.5096049913237523
  ],
  "residuals": [
    -0.10540315751349905,
    0.18157087485075607,
    0.19218473495153665,
    -0.06447319614430569,
    -0.0582661347082869,
    0.10705287237434957,
    0.17432059384337695,
    -0.00046059228768058347,
    0.3756933248446037,
    0.3593355911123588,
    0.17706930529477738,
    0.05245886896274943,
    -0.09863125604943868,
    -0.3446510861286436,
    -0.17531397698974738,
    0.05116348841493096,
    0.038553377530487154,
    0.21859129953416723,
    -0.002531139174098973,
    0.08646858399943547,
    -0.05100580246580577,
    0.25984643319925294,
    -0.11261620957268548,
    -0.3759525277073701,
    0.03292487570821301,
    -0.07054694566964059,
    -0.20546074591018115,
    0.11703148882748238,
    -0.0063242481110532545,
    0.04198859346936512,
    -0.015383856826201026,
    0.20038502928951285,
    0.029373724970381154,
    -0.10089106162692563,
    -0.3272932773221888,
    -0.23949092316134646,
    -0.49397298982784354,
    0.23311649412885127,
    -0.2083013006211472,
    -0.044230892959511436,
    -0.5693617647334115,
    0.17819461376123344,
    0.186011967567965,
    0.16545625874687397,
    0.522176366130676,
    0.1422848528326106,
    0.2197220048828381,
    -0.05537272851818198,
    -0.054303903585607216,
    -0.4751092298750683,
    -0.2603693901391,
    0.1892012441612798,
    0.2590440883069576,
    -0.057802093135091326,
    0.3653880560409286,
    -0.3940174245117749,
    -0.28827824553982495,
    0.11451022889953943,
    0.47748029073866505,
    -0.29908384691597556,
    0.10868348133545747,
    -0.2735950350808576,
    0.3939989988822816,
    0.19657751213976749,
    0.02826358112057825,
    0.03907736746187185,
    0.14453726539181133,
    -0.12729506300118487,
    0.29793968606322707,
    0.09333768725271341,
    -0.0146912396203005,
    -0.07887870115867623,
    -0.1562747176802639,
    0.31662166891266175,
    0.3815127918369692,
    -0.2914121763013203,
    -0.06787377497747582,
    0.1830426875534501,
    -0.3503699990069316,
    -0.022522368162319673,
    -0.283037944031145,
    0.05501883092555282,
    -0.44072961242437536,
    -0.4334175694782898,
    0.07557890366382747,
    -0.23309610165283745,
    -0.14869477654069296,
    -0.31789042535302325,
    0.2906719990254878,
    -0.12235988331013203,
    -0.2263208761094342,
    0.4706365182076091,
    0.28385463751445394,
    0.5426236925932044,
    0.03783143198681227,
    -0.16469169336805312,
    -0.36320177382047625,
    0.02478882862809506,
    -0.39405861062232006,
    0.3521151915604346
  ],
  "vif": [
    {
      "variable": "x2",
      "vif": 2.352144654190659,
      "rsquared": 0.5748560794429174
    },
    {
      "variable": "x3",
      "vif": 8.397943488507256,
      "rsquared": 0.8809232282440911
    },
    {
      "variable": "y",
      "vif": 10.112172231428303,
      "rsquared": 0.9011092792810597
    }
  ]
}