{
  "test": "polynomial",
  "method": "statsmodels",
  "dataset": "synthetic_autocorrelated",
  "formula": "x ~ poly(y, 3, raw=True)",
  "degree": 3,
  "n": 100,
  "k": 3,
  "df_residual": 96,
  "df_model": 3,
  "variable_names": [
    "Intercept",
    "x^1",
    "x^2",
    "x^3"
  ],
  "coefficients": [
    0.06441539954637335,
    0.1898567017808458,
    0.039920767755021486,
    -0.0009538429490213319
  ],
  "std_errors": [
    0.22528673788050466,
    0.10280636846092399,
    0.013156610836070582,
    0.0004903446836493292
  ],
  "t_stats": [
    0.2859262828890541,
    1.8467406700880507,
    3.0342744231343715,
    -1.945249904460011
  ],
  "p_values": [
    0.7755506522273566,
    0.06786529553937323,
    0.0031022163011495915,
    0.054670495086097136
  ],
  "r_squared": 0.9825042016806589,
  "adj_r_squared": 0.9819574579831795,
  "f_statistic": 1797.010566761333,
  "f_p_value": 3.576942736895392e-84,
  "mse": 0.15494139575033747,
  "rmse": 0.3936259591926547,
  "mae": 0.31553188096601104,
  "residual_std_error": 0.3936259591926547,
  "log_likelihood": -46.61733731990584,
  "aic": 101.23467463981169,
  "bic": 111.65535538376406,
  "conf_int_lower": [
    -0.3827752407405004,
    -0.014212326738685443,
    0.013805101652615025,
    -0.0019271694533036926
  ],
  "conf_int_upper": [
    0.5116060398332472,
    0.39392573030037703,
    0.06603643385742794,
    1.9483555261028823e-05
  ],
  "fitted_values": [
    0.5224678439811086,
    0.30683047154888876,
    0.37839829655276785,
    0.1795533081743828,
    0.16402844459687266,
    0.48134490108662503,
    0.7829871198736371,
    0.9693384521656723,
    0.8451897052316382,
    0.9569854449081936,
    1.0663903663822438,
    0.9255750140518015,
    1.4153987605809233,
    1.668117007333882,
    1.6018728325537337,
    1.6384777146914362,
    1.7320395785723055,
    1.2818204572283713,
    1.4093452450765382,
    1.4203441465835507,
    1.3750630839678737,
    1.5334738525430751,
    2.212489654362722,
    2.430452738166302,
    2.2703793151339218,
    2.504635179044401,
    2.945808180629959,
    3.1493091026277362,
    3.055072093159484,
    2.8049238022781875,
    3.062393321599582,
    3.1805745948118807,
    3.4505766781701865,
    3.589137416604084,
    3.851727812221533,
    3.551200050250936,
    3.972536599424349,
    3.9319513774533186,
    4.566051754063691,
    4.106782148104681,
    4.638756829838919,
    4.518404868090441,
    4.178150721561838,
    4.029920305089735,
    4.011202709309461,
    4.277597439029498,
    4.531651646219526,
    4.366917762992047,
    4.4698284940548385,
    5.331920302998844,
    5.836570043768328,
    5.757992791510867,
    5.592391142447237,
    5.539007249111237,
    5.71186913527395,
    5.278767259567742,
    5.2822893744758606,
    4.820266357595255,
    5.256010719670961,
    5.687767841656045,
    5.617539065691942,
    6.349237044121308,
    5.874375358502737,
    5.492851199998772,
    5.867407565486265,
    6.467231941949816,
    7.162008621033343,
    6.887714285808212,
    7.300891674077056,
    7.208476555739988,
    7.1277629310590624,
    7.498523602510751,
    7.706118095192669,
    7.0546214469154656,
    7.77017194028425,
    8.269807475397222,
    7.904812244170076,
    8.06453354136364,
    8.24687834223681,
    8.32131532648216,
    8.104766040484801,
    7.941737520606994,
    8.102763921239191,
    8.695702660085763,
    8.90937845827974,
    8.753354270144541,
    9.10132766129231,
    8.032990653575709,
    8.807057590400774,
    8.307136817827285,
    8.503921836610305,
    8.393361300089623,
    8.284550143510506,
    9.154577385041897,
    9.1921884434476,
    9.551216674118473,
    9.69051335102453,
    10.010832061855568,
    10.121940785917541,
    9.740077306371884
  ],
  "residuals": [
    -0.5224678439811086,
    -0.20582037053878777,
    -0.17637809453256587,
    0.12347699485592017,
    0.24001195944353132,
    0.02370560396388005,
    -0.17692651381303104,
    -0.2622677450949652,
    -0.0371088971508301,
    -0.04789453581728442,
    -0.05628935628123366,
    0.18553609705930962,
    -0.20327754845971113,
    -0.35498569420256887,
    -0.18773141841231977,
    -0.12332619953992108,
    -0.1158779624106896,
    0.4353512599433458,
    0.40883657310527965,
    0.49884777260836843,
    0.6451389362341466,
    0.587738268669046,
    0.009732567859500385,
    -0.10722041493397905,
    0.15386310910850254,
    0.020617346208124054,
    -0.3195455543673327,
    -0.42203637535500915,
    -0.22678926487665585,
    0.12436912701474157,
    -0.03209029129655194,
    -0.0492614634987496,
    -0.21825344584695427,
    -0.2558040832707511,
    -0.4173843778780988,
    -0.01584651489740052,
    -0.3361729630607133,
    -0.19457764007958112,
    -0.7276679156798531,
    -0.16738820871074234,
    -0.5983527894348786,
    -0.37699072667629974,
    0.0642735208624039,
    0.313514038344608,
    0.43324173513498376,
    0.2678571064250468,
    0.1148130002451202,
    0.38055698448270014,
    0.3786563544300101,
    -0.38242535350389417,
    -0.7860649932632775,
    -0.6064776399957159,
    -0.33986588992198463,
    -0.1854718955758834,
    -0.2573236807284962,
    0.2767882959878136,
    0.374276282089796,
    0.9373093999805029,
    0.6025751389148972,
    0.271828117939914,
    0.44306699491411816,
    -0.1876208825051462,
    0.3882509041235247,
    0.8707851636375912,
    0.5972388991601996,
    0.09842462370674987,
    -0.49534195436667616,
    -0.12003751813144437,
    -0.4322048053901879,
    -0.23877958604301863,
    -0.057055860351991505,
    -0.32680643079357985,
    -0.4333908224653973,
    0.31911592682190815,
    -0.29542446553677504,
    -0.6940498996396469,
    -0.22804456740239942,
    -0.2867557635858615,
    -0.36809046344893126,
    -0.34151734668418143,
    -0.023957959676719653,
    0.24008066121118787,
    0.1800643615890909,
    -0.31186427624737867,
    -0.4245299734312553,
    -0.16749568428595474,
    -0.41445897442362245,
    0.7548881343030782,
    0.08183129848811532,
    0.6827621720717048,
    0.5869872542987853,
    0.798557891829569,
    1.0083791494187864,
    0.2393620088974977,
    0.30276105150189636,
    0.04474292184112194,
    0.0064563459451658645,
    -0.21285226387577083,
    -0.22295088692764153,
    0.25992269362811626
  ]
}