{
  "dataset": "synthetic_outliers",
  "alpha": 0.05,
  "n": 100,
  "p": 1,
  "df_residuals": 98,
  "mse": 0.7825119114364157,
  "train": {
    "predicted": [
      0.692160241627396,
      0.8930603822978043,
      0.8321441391688227,
      1.4083875882431114,
      1.1913114016724307,
      1.3372849341142317,
      1.3989466172262923,
      1.6160982203529553,
      1.432095172862361,
      1.1185411362017423,
      1.6522104028943712,
      1.4525693176982195,
      1.56620519353009,
      1.944664754776495,
      2.1995356360835507,
      1.955598938890435,
      2.1132247188174182,
      2.5659880814258487,
      2.256808913003603,
      2.9678056684820193,
      2.5052390167676735,
      1.9652465087989235,
      2.7171247054787853,
      2.698668157053355,
      3.0220443090750275,
      2.9383618646084018,
      2.802617364895609,
      2.593689037736951,
      2.9455376745835142,
      2.855202668832628,
      3.0081405958397918,
      3.401044803876764,
      3.770522132026652,
      3.5110464329097373,
      3.16741307870509,
      3.686127124928214,
      3.9677167678856544,
      3.5664715865110796,
      3.7743280891194257,
      3.894893924599,
      3.7623657263500863,
      4.22575064624168,
      4.101324816086793,
      4.3264533677261685,
      4.058492647820758,
      4.259481454420488,
      4.649913631807726,
      4.438483899162355,
      5.079785670338373,
      4.593084650640845,
      4.840589735472317,
      5.110403262237389,
      4.5638226838325515,
      4.553303624472733,
      4.696941738716891,
      5.521985379321443,
      5.118597605440142,
      6.029532487686124,
      5.277045264619645,
      5.557772860099805,
      6.000975179947519,
      6.205686915635894,
      6.301352901330285,
      6.15453227044787,
      6.186219765234181,
      6.1519223942436305,
      6.282397698894949,
      6.008425931929429,
      6.018038713092556,
      6.316388168234736,
      6.352744595300681,
      6.358078985787824,
      6.745782389127825,
      6.895763325290547,
      6.7452699633676865,
      7.196896691749915,
      6.578718250465091,
      6.912619469548277,
      6.853867265778462,
      6.6278918312629465,
      7.184870618183815,
      7.255321060925205,
      7.77262364045523,
      7.617929426973026,
      7.257096335600059,
      8.106170896984029,
      8.018088035392084,
      7.928436601537067,
      7.793507607240793,
      7.67876296565613,
      7.9163693411337555,
      8.387167700208922,
      8.68044969593853,
      8.670224301140191,
      8.208746718011122,
      11.482271047137498,
      12.354251796674836,
      13.108079494614044,
      13.665000715450406,
      11.869850837977246
    ],
    "lower": [
      -1.0928802643854354,
      -0.8900925531831885,
      -0.9515718267024578,
      -0.3703278012750997,
      -0.5892021723321803,
      -0.44200802538246586,
      -0.3798448205740461,
      -0.1609937699502324,
      -0.34643011477960783,
      -0.6625984252287469,
      -0.12460906643336789,
      -0.3257927926815505,
      -0.21126805536218551,
      0.16994597640702436,
      0.42649288317299083,
      0.18095502497601812,
      0.3396305501977468,
      0.7951017539351786,
      0.48412291615243985,
      1.1989392108512986,
      0.7340159102533452,
      0.19066842984201493,
      0.9470404834964998,
      0.9284887195568954,
      1.253422815887989,
      1.1693596660286931,
      1.0329642542192037,
      0.8229535429496009,
      1.176568736690743,
      1.085806606148052,
      1.2394569360466285,
      1.6339508739309798,
      2.004606669316135,
      1.7443354596112337,
      1.3994156051746311,
      1.9199695470826392,
      2.20230449564424,
      1.7999432609512795,
      2.0084231671677033,
      2.1293060290588244,
      1.9964275642793288,
      2.460864439364057,
      2.336203678443652,
      2.5617317308694942,
      2.2932825605538643,
      2.4946529191210014,
      2.8855657900572584,
      2.67391845727138,
      3.3155690234747706,
      2.8286882381016976,
      3.076351583330137,
      3.3461800402769266,
      2.7993984179175593,
      2.7888688735253084,
      2.932628577480278,
      3.7574682912783564,
      3.3543722646497875,
      4.264126615052277,
      3.5127491414736003,
      3.793212148102749,
      4.235634738378122,
      4.439836807639233,
      4.535232254079869,
      4.388818369296884,
      4.420422186082108,
      4.386215284252264,
      4.516332292964923,
      4.243068596269948,
      4.252659396234716,
      4.550223128381245,
      4.586470108099526,
      4.591788189694301,
      4.978134931294485,
      5.127500479219163,
      4.977624521534307,
      5.427245984794562,
      4.811696814527523,
      5.144284306253971,
      5.085781404186705,
      4.860692643963833,
      5.415279229911572,
      5.485377571170332,
      5.999755219567711,
      5.8459982320447486,
      5.487143829865494,
      6.33110057328335,
      6.24362319486872,
      6.154570344773308,
      6.020508577521778,
      5.906469565093779,
      6.142582291853174,
      6.6100509215021805,
      6.901010942740289,
      6.890869693865237,
      6.432949607835821,
      9.671236639713417,
      10.52999459585059,
      11.271138405205248,
      11.817957392344406,
      10.053133106624692
    ],
    "upper": [
      2.4772007476402274,
      2.676213317778797,
      2.6158601050401034,
      3.1871029777613225,
      2.9718249756770416,
      3.116577893610929,
      3.177738055026631,
      3.393190210656143,
      3.21062046050433,
      2.8996806976322316,
      3.4290298722221104,
      3.2309314280779895,
      3.3436784424223656,
      3.7193835331459657,
      3.9725783889941106,
      3.7302428528048517,
      3.88681888743709,
      4.336874408916518,
      4.029494909854765,
      4.73667212611274,
      4.276462123282002,
      3.739824587755832,
      4.4872089274610705,
      4.468847594549814,
      4.790665802262066,
      4.707364063188111,
      4.572270475572014,
      4.364424532524301,
      4.714506612476286,
      4.624598731517205,
      4.776824255632955,
      5.168138733822548,
      5.536437594737169,
      5.277757406208241,
      4.935410552235549,
      5.452284702773788,
      5.733129040127069,
      5.33299991207088,
      5.540233011071148,
      5.660481820139176,
      5.528303888420844,
      5.9906368531193035,
      5.866445953729933,
      6.091175004582842,
      5.823702735087652,
      6.024309989719974,
      6.414261473558193,
      6.20304934105333,
      6.844002317201975,
      6.357481063179993,
      6.604827887614498,
      6.874626484197851,
      6.328246949747544,
      6.3177383754201575,
      6.461254899953504,
      7.286502467364529,
      6.882822946230496,
      7.794938360319971,
      7.041341387765689,
      7.32233357209686,
      7.766315621516915,
      7.971537023632555,
      8.0674735485807,
      7.920246171598856,
      7.952017344386254,
      7.917629504234997,
      8.048463104824975,
      7.773783267588909,
      7.783418029950397,
      8.082553208088228,
      8.119019082501836,
      8.124369781881347,
      8.513429846961165,
      8.66402617136193,
      8.512915405201067,
      8.966547398705268,
      8.345739686402657,
      8.680954632842582,
      8.621953127370219,
      8.395091018562061,
      8.954462006456058,
      9.025264550680077,
      9.545492061342747,
      9.389860621901303,
      9.027048841334624,
      9.881241220684707,
      9.79255287591545,
      9.702302858300826,
      9.566506636959808,
      9.45105636621848,
      9.690156390414337,
      10.164284478915663,
      10.45988844913677,
      10.449578908415146,
      9.984543828186425,
      13.29330545456158,
      14.178508997499081,
      14.94502058402284,
      15.512044038556406,
      13.6865685693298
    ],