{
  "test": "polynomial",
  "method": "statsmodels",
  "dataset": "synthetic_interaction",
  "formula": "x1 ~ poly(x2, 3, raw=True)",
  "degree": 3,
  "n": 100,
  "k": 3,
  "df_residual": 96,
  "df_model": 3,
  "variable_names": [
    "Intercept",
    "x^1",
    "x^2",
    "x^3"
  ],
  "coefficients": [
    3.666549556607842,
    0.8100066573304031,
    -0.19156301054923794,
    0.014951489015376958
  ],
  "std_errors": [
    1.2826127953958133,
    1.0598392222288369,
    0.2401132589768191,
    0.015656339817677677
  ],
  "t_stats": [
    2.8586566185598885,
    0.7642731466636637,
    -0.7978027176239015,
    0.9549798477480115
  ],
  "p_values": [
    0.005218266481281548,
    0.4465789718523684,
    0.42695400868881433,
    0.34198646617238104
  ],
  "r_squared": 0.06897075895586091,
  "adj_r_squared": 0.03987609517323154,
  "f_statistic": 2.3705638762885144,
  "f_p_value": 0.07528865009867677,
  "mse": 8.136573747824995,
  "rmse": 2.852468009956465,
  "mae": 2.4302650155738394,
  "residual_std_error": 2.852468009956465,
  "log_likelihood": -244.67121238965646,
  "aic": 497.3424247793129,
  "bic": 507.76310552326527,
  "conf_int_lower": [
    1.1205832799891895,
    -1.293757571530001,
    -0.6681840626067526,
    -0.016126099898577596
  ],
  "conf_int_upper": [
    6.212515833226494,
    2.913770886190807,
    0.28505804150827674,
    0.046029077929331516
  ],
  "fitted_values": [
    4.217859826308384,
    6.171146503839562,
    5.564136831887295,
    4.797353947458113,
    7.107714057121639,
    4.797306825320372,
    7.335576810086943,
    4.985895461313014,
    4.913479559037192,
    4.5515478485650736,
    6.166647019378614,
    4.796529481232501,
    4.540305095688266,
    3.7656563842952284,
    4.820718078033966,
    4.8035190907005365,
    5.1461546207311315,
    6.244699906315761,
    4.196446000958917,
    5.193657262208074,
    4.61018586955827,
    5.959478173733659,
    5.66528616175246,
    4.809322177645392,
    5.113060637680006,
    4.784292871095233,
    4.794266783393306,
    5.682929927459085,
    4.794449702913006,
    4.797213152597962,
    4.795639512121943,
    5.729344511554213,
    4.792424865243905,
    4.5740835696895825,
    5.119327157419024,
    5.71322713421001,
    4.3029459443238665,
    4.713664441349842,
    4.473201932668353,
    4.795574773928582,
    4.794862907266385,
    5.268465047723039,
    4.946586378578809,
    4.889749507297823,
    4.796391913969534,
    5.8267189887682935,
    4.794267533559649,
    7.266943535738806,
    4.912502269479452,
    4.413995101919093,
    5.007455004264067,
    4.788983601594216,
    5.036047275409727,
    4.142791442727421,
    4.577201660676392,
    5.939452696383956,
    4.693355985089308,
    5.793499374019159,
    4.760282168281183,
    4.929320682045086,
    5.059716500599274,
    4.79898945676101,
    4.77944988223689,
    4.666543290104986,
    3.9148308495547166,
    4.778643062170426,
    4.951002119236167,
    6.75277121983037,
    6.07033364384589,
    5.351477461940808,
    5.472814046494049,
    4.978589772562808,
    4.740723565408777,
    6.412341450127814,
    4.993070118254563,
    4.8212061324065285,
    4.350033943580824,
    4.795061046683166,
    4.7944135493158235,
    6.0129914421069,
    4.812420756476726,
    4.79883006471136,
    7.235760784700391,
    4.3488497788392,
    4.796929048697058,
    3.974230470398143,
    5.228897337065007,
    6.526537862284377,
    4.760962462856314,
    5.960837656742697,
    4.770835284382105,
    6.449292575288407,
    5.292277770824507,
    5.572347274350472,
    3.806279984834537,
    7.052049193686704,
    5.174306830981786,
    4.779121423286763,
    5.737543757449824,
    4.762266608461786
  ],
  "residuals": [
    -3.999625858553489,
    0.4667503579163288,
    4.069807510248209,
    0.8043278871603068,
    2.260510563209282,
    -4.274728032460134,
    -3.147643619345329,
    -2.3843175516925017,
    2.3947300907701052,
    5.261423056407395,
    -3.6013463949361357,
    1.745216533508244,
    -2.559328768090865,
    1.8876461614208706,
    -0.18139321115060447,
    4.916534205614834,
    0.9391181062335345,
    -2.749636185447573,
    -3.055488152079584,
    -3.6811889748587285,
    -2.3570165700459196,
    -3.449811560330679,
    2.8408744166589184,
    0.8029057051798576,
    0.12084847606365834,
    -3.6366041524030583,
    3.8071301501010435,
    1.545213104625752,
    -4.11776608391299,
    2.2811378196997243,
    0.6397426613045178,
    -4.912091054086431,
    -0.20941844995734105,
    0.272879301610887,
    -3.4615817557862663,
    3.743754335792813,
    4.196807770482753,
    1.9765589319412413,
    0.14975367733771883,
    -0.6779193580834963,
    1.7148717642431563,
    0.18585364634601653,
    -4.323855319759953,
    0.2352769804054935,
    3.267644258358861,
    -1.2343202127987132,
    -4.274701758016965,
    0.5958384581015252,
    -2.898864448119708,
    -1.8277867530387044,
    -3.3603914699411077,
    -1.486832952879241,
    2.531467781476623,
    1.0510671523119521,
    -2.5283889191692666,
    2.838848085136453,
    4.102462564425984,
    2.9122848764409106,
    -2.3723200544657903,
    -0.41692724023520533,
    4.790180060809478,
    2.9211353063388925,
    -4.507775669981292,
    -4.014497377500065,
    0.7244829185686115,
    4.313558996445176,
    0.4360158602909756,
    -1.7746461394874666,
    -5.015596644279585,
    1.2163235853021321,
    2.7482175595082055,
    -1.1743896974871846,
    3.0153949438444982,
    3.2324250888803014,
    -2.955405526977672,
    0.41209017954088445,
    -1.478654362735068,
    3.1334831436552273,
    0.9815201094957517,
    0.3328327333961374,
    3.166720839682215,
    -0.8391253380868116,
    1.9151398993700415,
    0.9814388936222,
    -3.2173808203435783,
    2.9847607112898817,
    2.7037161673175367,
    -3.35892109160911,
    3.810830107131215,
    3.100594890914966,
    -2.0017904106040163,
    3.385922151863813,
    -3.8851624903369224,
    -3.552190590325572,
    -1.9640315924542757,
    1.8878479063920004,
    1.368618692267832,
    -3.2580785910640344,
    -1.3343095737663342,
    1.3907136422362338
  ]
}