{
  "test": "polynomial",
  "method": "statsmodels",
  "dataset": "synthetic_outliers",
  "formula": "x ~ poly(y, 3, raw=True)",
  "degree": 3,
  "n": 100,
  "k": 3,
  "df_residual": 96,
  "df_model": 3,
  "variable_names": [
    "Intercept",
    "x^1",
    "x^2",
    "x^3"
  ],
  "coefficients": [
    -1.042688934209212,
    0.4783357157271283,
    0.027929294309436924,
    -0.0011879483981358672
  ],
  "std_errors": [
    0.2334297757695221,
    0.072504801023371,
    0.006283042238102503,
    0.0001550475641891947
  ],
  "t_stats": [
    -4.4668206134881245,
    6.5972971303368295,
    4.445186463981444,
    -7.661832060039907
  ],
  "p_values": [
    2.1685583177986133e-05,
    2.2864766209775926e-09,
    2.3574331715146164e-05,
    1.465911390943554e-11
  ],
  "r_squared": 0.9863084994785888,
  "adj_r_squared": 0.9858806400872947,
  "f_statistic": 2305.216432191443,
  "f_p_value": 2.774363655737335e-89,
  "mse": 0.12125083760017998,
  "rmse": 0.34821090965129164,
  "mae": 0.27256818073470357,
  "residual_std_error": 0.34821090965129164,
  "log_likelihood": -34.35806153717034,
  "aic": 76.71612307434069,
  "bic": 87.13680381829306,
  "conf_int_lower": [
    -1.5060433769539183,
    0.3344148231856795,
    0.01545755403817051,
    -0.00149571538059119
  ],
  "conf_int_upper": [
    -0.5793344914645058,
    0.6222566082685771,
    0.040401034580703335,
    -0.0008801814156805446
  ],
  "fitted_values": [
    -0.03177210763236682,
    0.18654615128918273,
    0.11973969719439903,
    0.7712400371719601,
    0.5208657652366937,
    0.6886129395326708,
    0.7602351521970947,
    1.015871530175162,
    0.7989197441205598,
    0.43822443754352236,
    1.0588758971367231,
    0.8228755840858348,
    0.9566814968457754,
    1.4119081399924194,
    1.725848802948146,
    1.425262775029158,
    1.6189319233834385,
    2.185851416724233,
    1.7971159278726214,
    2.699467522409666,
    2.108972202312189,
    1.4370548112600554,
    2.3780606759763248,
    2.3545200198426786,
    2.7693769682021285,
    2.6615673137146008,
    2.4873352087896494,
    2.2209820457354716,
    2.670800674807756,
    2.554728874874064,
    2.7514449386084694,
    3.2606578301269526,
    3.742539662884753,
    3.40392979941581,
    2.9572900839524854,
    3.632338067843749,
    4.0000907573942905,
    3.476195713661616,
    3.7475102736922103,
    3.9049839914039333,
    3.731887521498378,
    4.336729303657094,
    4.174495496347285,
    4.467837380031286,
    4.1186020140052095,
    4.38066664999883,
    4.887197883857383,
    4.6134266554741785,
    5.438198636691236,
    4.8137582635830505,
    5.132675783433137,
    5.477082087893158,
    4.7758990026784485,
    4.7622823606665134,
    4.947881017889467,
    5.993872927639119,
    5.487479346211641,
    6.612559447316732,
    5.687708689110597,
    6.038229061973398,
    6.578389374308081,
    6.821454762942267,
    6.933484114183479,
    6.76113351850252,
    6.798532893284118,
    6.758048345993082,
    6.911368822040317,
    6.587312487807932,
    6.598816584990612,
    6.950996653702687,
    6.993235129641464,
    6.9994195869691636,
    7.4395039481137175,
    7.6044305507416405,
    7.43893514055184,
    7.925724209601662,
    7.252207840134659,
    7.622768795986383,
    7.558675667559093,
    7.307716615869719,
    7.913156981514842,
    7.986453527902546,
    8.49934951978149,
    8.350831287126743,
    7.988290366157231,
    8.804393509230449,
    8.725921636606945,
    8.644497205065917,
    8.519066727861492,
    8.409749535199555,
    8.633419337019852,
    9.04423640322551,
    9.276652432512893,
    9.268869734130996,
    8.893825432565905,
    10.346028156614363,
    10.15439746172417,
    9.745709724128277,
    9.286579505629701,
    10.296264195376606
  ],
  "residuals": [
    0.03177210763236682,
    -0.08553605027908173,
    0.08228050482580296,
    -0.4682097341416571,
    -0.11682536119628972,
    -0.1835624344821657,
    -0.15417454613648862,
    -0.3088008231044549,
    0.009161063960248295,
    0.4708664715473868,
    -0.04877488703571298,
    0.28823552702527633,
    0.25543971527543674,
    -0.09877682686110623,
    -0.3117073888067321,
    0.08988874012235715,
    -0.0027703072218225877,
    -0.46867969955251576,
    0.021065890309196478,
    -0.7802756032177469,
    -0.08877018211016852,
    0.6841573099520657,
    -0.15583845375410244,
    -0.031287696610355464,
    -0.3451345439597042,
    -0.13631478846207568,
    0.13892741747297688,
    0.5062906815372554,
    0.1574821534750721,
    0.37456405441886487,
    0.2788580916945609,
    -0.1293446988138216,
    -0.5102164305615209,
    -0.07059646608247716,
    0.47705335039094887,
    -0.09698453249021366,
    -0.36372712103065474,
    0.2611780237121213,
    0.09087356469162788,
    0.03440994799000574,
    0.30851651890566245,
    -0.1953151622429532,
    0.06792874607695687,
    -0.1244030365969424,
    0.3258424304392351,
    0.16478789545571537,
    -0.2407332373927371,
    0.13404809200056889,
    -0.589713788206387,
    0.13573668591189936,
    -0.08217073292808674,
    -0.3255669363780065,
    0.47662624984680413,
    0.5912529928688404,
    0.5066644366559867,
    -0.4383173720835636,
    0.16908631035401545,
    -0.8549836897409744,
    0.17087716947526133,
    -0.07863310237743892,
    -0.5177833137020205,
    -0.6598386013261051,
    -0.6708578515572166,
    -0.3974971548661568,
    -0.33388642863765305,
    -0.19239178033651605,
    -0.24470215537365014,
    0.18036427986883563,
    0.26987028369625676,
    0.018700315994283123,
    0.07747194106560684,
    0.17229758474800771,
    -0.16677667538644592,
    -0.23069317700426684,
    0.035812334195634676,
    -0.34996663384408677,
    0.42455983663301744,
    0.15500898179139444,
    0.3201122112287855,
    0.6720813639282603,
    0.16765109929323962,
    0.19536465391563596,
    -0.21652123695320746,
    0.033007096711640926,
    0.49655811869125355,
    -0.21853492337186253,
    -0.03905294973825768,
    0.14338158281286972,
    0.36982216102739685,
    0.5801494546994341,
    0.45748975388923796,
    0.14768278869368245,
    0.016276860416398975,
    0.12506965980839801,
    0.6011240623835921,
    -0.7500685606547677,
    -0.457427764754474,
    0.05227007385152049,
    0.6124103933601983,
    -0.2962641953766063
  ]
}