{
  "dataset": "synthetic_autocorrelated",
  "alpha": 0.05,
  "n": 100,
  "p": 1,
  "df_residuals": 98,
  "mse": 0.23929659816073906,
  "train": {
    "predicted": [
      4.0008268000546465e-05,
      -0.464019941305409,
      -0.30068680421704275,
      -0.7871435846481476,
      -0.8302860435052026,
      -0.08253724290266562,
      0.4780379605209433,
      0.7843683662644627,
      0.5830193849888547,
      0.7647815290211406,
      0.9351473540329773,
      0.7145488468276422,
      1.4394883888549583,
      1.7759963908819536,
      1.689726144130987,
      1.737555708497235,
      1.8580582413421367,
      1.2526371826614429,
      1.4311666581833151,
      1.4462769730753409,
      1.3837860125984043,
      1.599258402254232,
      2.443212149008496,
      2.693460233744678,
      2.51048733492177,
      2.776829717375242,
      3.2564286198557264,
      3.4695364702698193,
      3.371422673018669,
      3.1060671569538147,
      3.3790796738225026,
      3.501879461880338,
      3.7771545364971875,
      3.9158230867163857,
      4.174309157921447,
      3.8780203703295877,
      4.291493836431931,
      4.252241327334043,
      4.853636816058608,
      4.420534532711446,
      4.9211344336913365,
      4.809255088465897,
      4.488657580654459,
      4.346800019532971,
      4.328784626369345,
      4.583054800397546,
      4.82160601477004,
      4.667338154125396,
      4.763883999778355,
      5.55264961197528,
      6.001339802276685,
      5.931976187622395,
      5.785217238035161,
      5.737731771823867,
      5.891180857787273,
      5.504906956735821,
      5.508073698267619,
      5.0885127328829585,
      5.4844356210551295,
      5.869839610468953,
      5.807556082987674,
      6.450176088469579,
      6.034652965356136,
      5.696603040171107,
      6.028515940831998,
      6.552696074592124,
      7.152102825848897,
      6.916194211277486,
      7.271284554286184,
      7.191996093217047,
      7.122690546032923,
      7.440655781884993,
      7.618370844861434,
      7.059835766224935,
      7.673181282764172,
      8.100753386775509,
      7.788376476881191,
      7.925036023846919,
      8.081118315652631,
      8.144870220036967,
      7.959465694517527,
      7.819968140027169,
      7.957752256559837,
      8.46604172979914,
      8.649906652081519,
      8.515601984624034,
      8.815549323586609,
      7.8980449666398185,
      8.561798811938132,
      8.132724958788746,
      8.301393259420696,
      8.20660097782654,
      8.113379308582154,
      8.861593260565268,
      8.89414095027779,
      9.206068777460768,
      9.327777809341804,
      9.609398398721314,
      9.707721825974485,
      9.371188493873056
    ],
    "lower": [
      -0.9900597043292797,
      -1.456911026154904,
      -1.2925680939423405,
      -1.7821193828327302,
      -1.825548904713646,
      -1.0731161170887984,
      -0.5094382285379297,
      -0.20156173941708622,
      -0.40391501703306787,
      -0.22124425970484574,
      -0.05006073542502687,
      -0.2717243163359637,
      0.45650763471228506,
      0.7943402814131334,
      0.7077427962089786,
      0.7557548405190868,
      0.8767054856606122,
      0.2688650128458093,
      0.4481515048563508,
      0.463324222028064,
      0.4005734969371514,
      0.6169227342185938,
      1.4637979998158988,
      1.7147545725491722,
      1.5312707657032916,
      1.7983439999624635,
      2.279051671789225,
      2.4925664792383673,
      2.3942718807522736,
      2.1283713161806594,
      2.40194339445035,
      2.5249666172352248,
      2.8006787797927424,
      2.9395340742970237,
      3.1983083917287796,
      2.9016826715198767,
      3.3155980637937956,
      3.276312171001634,
      3.878021743823746,
      3.4447358308784066,
      3.9455282426885887,
      3.8336312758490645,
      3.5129022827696197,
      3.3709482315212957,
      3.3529189029890283,
      3.6073506883377795,
      3.8459848656060682,
      3.691670948579138,
      3.7882488731100152,
      4.5768686423745475,
      5.025151650127054,
      4.955866334419198,
      4.809254546712098,
      4.761811314258468,
      4.915114433897853,
      4.52915547897506,
      4.53232034675702,
      4.11290559855456,
      4.5086959735401715,
      4.893795132165674,
      4.831572613158473,
      5.473345716388976,
      5.058425213931538,
      4.7207170355683665,
      5.052295581724895,
      5.575686095297085,
      6.173798242079753,
      5.938448926454433,
      6.292672884612193,
      6.213590551552059,
      6.144459214934146,
      6.46157942213055,
      6.638771250955566,
      6.081757616831707,
      6.693412956713663,
      7.119549976589129,
      6.808242232742127,
      6.94444785177052,
      7.099985414781225,
      7.16350677183882,
      6.978759770707244,
      6.839730872395598,
      6.977052225064192,
      7.483445933545582,
      7.666552231746351,
      7.5328055059005905,
      7.8314784336314265,
      6.917548151973788,
      7.578812742119712,
      7.151405791604934,
      7.319443991060437,
      7.2250098452891995,
      7.132130324940481,
      7.877317661119924,
      7.909719189802475,
      8.220185229211067,
      8.341293990178697,
      8.621461489634662,
      8.719256555766856,
      8.384486520412763
    ],
    "upper": [
      0.9901397208652808,
      0.528871143544086,
      0.691194485508255,
      0.2078322135364351,
      0.16497681770324069,
      0.9080416312834672,
      1.4655141495798163,
      1.7702984719460115,
      1.5699537870107774,
      1.7508073177471268,
      1.9203554434909815,
      1.700822009991248,
      2.4224691429976315,
      2.757652500350774,
      2.6717094920529956,
      2.7193565764753833,
      2.839410997023661,
      2.2364093524770765,
      2.4141818115102796,
      2.4292297241226177,
      2.366998528259657,
      2.5815940702898703,
      3.4226262982010933,
      3.6721658949401834,
      3.489703904140248,
      3.7553154347880207,
      4.233805567922228,
      4.446506461301271,
      4.348573465285065,
      4.08376299772697,
      4.356215953194655,
      4.478792306525452,
      4.753630293201633,
      4.892112099135748,
      5.150309924114113,
      4.854358069139299,
      5.267389609070066,
      5.228170483666452,
      5.82925188829347,
      5.3963332345444845,
      5.896740624694084,
      5.78487890108273,
      5.464412878539298,
      5.322651807544646,
      5.304650349749661,
      5.5587589124573125,
      5.7972271639340125,
      5.643005359671654,
      5.7395191264466945,
      6.528430581576012,
      6.977527954426316,
      6.908086040825591,
      6.7611799293582235,
      6.713652229389266,
      6.8672472816766925,
      6.480658434496583,
      6.483827049778219,
      6.064119867211357,
      6.4601752685700875,
      6.845884088772233,
      6.783539552816874,
      7.427006460550182,
      7.010880716780734,
      6.672489044773847,
      7.0047362999391005,
      7.529706053887162,
      8.13040740961804,
      7.893939496100539,
      8.249896223960175,
      8.170401634882035,
      8.1009218771317,
      8.419732141639436,
      8.597970438767302,
      8.037913915618162,
      8.65294960881468,
      9.081956796961888,
      8.768510721020256,
      8.905624195923316,
      9.062251216524038,
      9.126233668235114,
      8.94017161832781,
      8.800205407658739,
      8.938452288055482,
      9.4486375260527,
      9.633261072416687,
      9.498398463347478,
      9.799620213541791,
      8.878541781305849,
      9.544784881756552,
      9.114044125972558,
      9.283342527780954,
      9.18819211036388,
      9.094628292223826,
      9.845868860010613,
      9.878562710753107,
      10.191952325710469,
      10.31426162850491,
      10.597335307807967,
      10.696187096182113,
      10.35789046733335
    ],