{
  "test": "polynomial",
  "method": "statsmodels",
  "dataset": "synthetic_small",
  "formula": "x ~ poly(y, 2, raw=True)",
  "degree": 2,
  "n": 15,
  "k": 2,
  "df_residual": 12,
  "df_model": 2,
  "variable_names": [
    "Intercept",
    "x^1",
    "x^2"
  ],
  "coefficients": [
    -0.865782192294885,
    0.6290071683985371,
    -0.0006592219158871523
  ],
  "std_errors": [
    0.36387440874965105,
    0.10035236874438484,
    0.005847191440641015
  ],
  "t_stats": [
    -2.3793434533357116,
    6.267985263015855,
    -0.11274163375346631
  ],
  "p_values": [
    0.03480439535101953,
    4.1412699643618176e-05,
    0.9120994683177782
  ],
  "r_squared": 0.9907662980003759,
  "adj_r_squared": 0.9892273476671052,
  "f_statistic": 643.7935497858019,
  "f_p_value": 6.198050728206533e-13,
  "mse": 0.0717089196455236,
  "rmse": 0.26778521177526515,
  "mae": 0.20746287437494365,
  "residual_std_error": 0.26778521177526515,
  "log_likelihood": 0.15304966282645616,
  "aic": 5.693900674347088,
  "bic": 7.818051277653717,
  "conf_int_lower": [
    -1.6585964224662018,
    0.41035813989077485,
    -0.0133991576442762
  ],
  "conf_int_upper": [
    -0.07296796212356804,
    0.8476561969062993,
    0.012080713812501895
  ],
  "fitted_values": [
    7.80474416523157,
    4.600504718974914,
    4.621852250998962,
    1.3830829547538297,
    1.0751697705318755,
    7.2627785856402856,
    5.299063369935213,
    4.217563085668064,
    7.6211464589791005,
    7.412221617259466,
    1.8722216692825377,
    5.838167418522454,
    0.9016445410314953,
    7.635614377771365,
    6.723929876425109
  ],
  "residuals": [
    0.22168893272553447,
    -0.01863585159598813,
    0.20783646985459026,
    -0.04828323059439188,
    -0.2691546329606289,
    0.016614484097366322,
    -0.3344518463822155,
    0.1509439404837325,
    -0.3260641724551334,
    0.2429073726516311,
    -0.28313999258900213,
    0.26408407625395824,
    0.45189628174536,
    -0.12186351748090818,
    -0.15437831375371402
  ]
}