{
  "test": "polynomial",
  "method": "statsmodels",
  "dataset": "synthetic_small",
  "formula": "x ~ poly(y, 3, raw=True)",
  "degree": 3,
  "n": 15,
  "k": 3,
  "df_residual": 11,
  "df_model": 3,
  "variable_names": [
    "Intercept",
    "x^1",
    "x^2",
    "x^3"
  ],
  "coefficients": [
    0.001784787375948227,
    0.20932558646970634,
    0.05428208843983562,
    -0.0021217547023372196
  ],
  "std_errors": [
    1.2900123452920766,
    0.6062899649335757,
    0.07845499002356637,
    0.0030210208207565024
  ],
  "t_stats": [
    0.0013835428648895033,
    0.34525655804420213,
    0.6918882842701315,
    -0.7023303804327654
  ],
  "p_values": [
    0.9989208652840648,
    0.7364132471118837,
    0.5033500405114812,
    0.49706624511597225
  ],
  "r_squared": 0.9911625899334822,
  "adj_r_squared": 0.9887523871880682,
  "f_statistic": 411.2361882499014,
  "f_p_value": 1.4247073927426414e-11,
  "mse": 0.0748705275554033,
  "rmse": 0.2736247933857663,
  "mae": 0.2021136499107883,
  "residual_std_error": 0.2736247933857663,
  "log_likelihood": 0.48204613779942385,
  "aic": 7.035907724401152,
  "bic": 9.868108528809993,
  "conf_int_lower": [
    -2.8375132409469237,
    -1.1251096290615739,
    -0.11839618033717153,
    -0.008770976697150143
  ],
  "conf_int_upper": [
    2.84108281569882,
    1.5437608020009865,
    0.22696035721684277,
    0.0045274672924757045
  ],
  "fitted_values": [
    7.744511475659907,
    4.5820333300670075,
    4.605261178237037,
    1.354045308032002,
    1.1070925234761837,
    7.290896074531523,
    5.338008262769507,
    4.165528654966293,
    7.596428429650338,
    7.420838874855413,
    1.7777419017258829,
    5.908224511602838,
    0.9753330827681941,
    7.608314176401903,
    6.795447076249956
  ],
  "residuals": [
    0.2819216222971974,
    -0.00016446268808145703,
    0.22442754261651476,
    -0.019245583872564254,
    -0.30107738590493716,
    -0.011503004793871341,
    -0.37339673921650895,
    0.20297837118550355,
    -0.30134614312637087,
    0.23429011505568464,
    -0.18866022503234725,
    0.19402698317357459,
    0.3782077400086612,
    -0.0945633161114463,
    -0.22589551357856053
  ]
}