{
  "test": "polynomial",
  "method": "statsmodels",
  "dataset": "synthetic_simple_linear",
  "formula": "x ~ poly(y, 3, raw=True)",
  "degree": 3,
  "n": 100,
  "k": 3,
  "df_residual": 96,
  "df_model": 3,
  "variable_names": [
    "Intercept",
    "x^1",
    "x^2",
    "x^3"
  ],
  "coefficients": [
    -0.7534032932428395,
    0.38121893117881417,
    -0.0034154066952116853,
    6.30139370934373e-05
  ],
  "std_errors": [
    0.1939938477354473,
    0.04655252281301642,
    0.003079270747852038,
    5.9501669632018216e-05
  ],
  "t_stats": [
    -3.8836452910108177,
    8.189006913975941,
    -1.109160893888308,
    1.0590280488453574
  ],
  "p_values": [
    0.00018903181378474894,
    1.129397814052524e-12,
    0.27013162355349357,
    0.29224438795235735
  ],
  "r_squared": 0.9896967419198271,
  "adj_r_squared": 0.9893747651048217,
  "f_statistic": 3073.8136902907786,
  "f_p_value": 3.288684285555876e-95,
  "mse": 0.091244832535201,
  "rmse": 0.3020675959701752,
  "mae": 0.23441609245429432,
  "residual_std_error": 0.3020675959701752,
  "log_likelihood": -20.142307700740375,
  "aic": 48.28461540148075,
  "bic": 58.70529614543312,
  "conf_int_lower": [
    -1.1384780375295787,
    0.2888129037331853,
    -0.009527710820628005,
    -5.5095943635511066e-05
  ],
  "conf_int_upper": [
    -0.3683285489561003,
    0.47362495862444304,
    0.0026968974302046334,
    0.00018112381782238565
  ],
  "fitted_values": [
    0.1780819070276889,
    0.05648041710131502,
    0.4529996101220073,
    0.874600038850433,
    0.35322976335837186,
    0.46284019528233944,
    1.2145966118534788,
    1.0359791953411466,
    0.7047091624283013,
    1.16992903687452,
    0.9223486364502923,
    1.0285636344468163,
    1.3823070552468706,
    0.7301775130193011,
    0.9048639383371506,
    1.4187243053299397,
    1.3674701129515638,
    1.9285416928691448,
    1.6135601377951896,
    1.5441203750760417,
    2.6227145826380878,
    2.156678479174957,
    2.3576749506289314,
    1.9555125575284154,
    2.355709307143161,
    2.676143426691313,
    2.3555244241120787,
    2.964788428164239,
    2.7418178178088315,
    2.9445331600642515,
    2.9422264145601997,
    3.8434882875840963,
    3.334839374630519,
    3.0916235849155633,
    3.8043981038699015,
    3.2371363231557946,
    3.801927957390585,
    3.1935729679004883,
    3.499292559117657,
    4.092005587647321,
    4.363990625950883,
    4.279060530248453,
    4.284213438900556,
    4.322036583481554,
    4.040292244597029,
    4.382260560583008,
    4.562780024046326,
    5.145610520047038,
    5.014384365628279,
    4.436534634841632,
    5.201877075888225,
    5.072061857459418,
    5.075639475430588,
    5.584259920294299,
    5.815194761061138,
    5.880233890038732,
    5.411132892994129,
    5.677343939316469,
    5.9791535813444305,
    6.282804155957191,
    5.913735629471101,
    6.104764828983225,
    5.906983328703095,
    5.975209815535827,
    6.71793308474526,
    6.991821186469473,
    6.628113839057022,
    7.074023236055961,
    6.964103572893964,
    6.7364958612779695,
    7.1607756313028865,
    7.644514875223885,
    7.228745474334794,
    7.853042442756423,
    6.588319350551108,
    7.807898117649753,
    7.665612930017968,
    7.638314624293644,
    7.867014233122445,
    7.283970950080885,
    7.964548085791948,
    8.257394772974832,
    8.736901991626478,
    8.16748805490244,
    8.17175795748171,
    8.375687807147663,
    8.958228950569843,
    8.861392160705247,
    8.6726622004406,
    9.13215149612076,
    9.093235171172541,
    9.499952216733162,
    9.026963146945105,
    9.260197665709839,
    9.342822603641174,
    9.07762314811027,
    9.795694559625822,
    9.890482722416007,
    9.907177374689507,
    9.929648188303716
  ],
  "residuals": [
    -0.1780819070276889,
    0.04452968390878598,
    -0.2509794081018053,
    -0.57156973582013,
    0.050810640682032115,
    0.042210309768165644,
    -0.6085360057928727,
    -0.3289084882704395,
    0.10337164565250678,
    -0.26083812778361093,
    0.08775237365071786,
    0.08254747666429485,
    -0.17018584312565843,
    0.582953800112012,
    0.5092774758042633,
    0.09642720982157549,
    0.24869150321005207,
    -0.21136997569742766,
    0.2046216803866283,
    0.3750715441158774,
    -0.6025125624360674,
    -0.035466357962835815,
    -0.13545272840670908,
    0.36771976570390774,
    0.06853311709926313,
    -0.15089090143878803,
    0.27073820215054756,
    -0.23751570089151208,
    0.0864650104739968,
    -0.015240230771322416,
    0.08807661574283054,
    -0.7121751562709653,
    -0.1025161423072869,
    0.2417097484177697,
    -0.37005466952646726,
    0.2982172121977409,
    -0.1655643210269493,
    0.5438007694732492,
    0.3390912792661811,
    -0.15261164825338236,
    -0.3235865855468427,
    -0.13764638883431157,
    -0.04178919647631396,
    0.02139775995278903,
    0.4041521998474158,
    0.1631939848715369,
    0.08368462241832031,
    -0.3981357725722905,
    -0.16589951714343076,
    0.5129603146533182,
    -0.15137202538317496,
    0.07945329405573354,
    0.17688577709466458,
    -0.23072456675894504,
    -0.3606493065156835,
    -0.32467833448317673,
    0.24543276357152788,
    0.08023181825928916,
    -0.12056772275857242,
    -0.32320819636123144,
    0.14687043113495957,
    0.05685133263293718,
    0.3556429339231668,
    0.38842654810053645,
    -0.25328662009879555,
    -0.42616462081290685,
    0.03855282760964496,
    -0.30634646837919366,
    -0.09541670420709547,
    0.2332011084190002,
    -0.09006856059581558,
    -0.47279770350671413,
    0.043981798392477955,
    -0.47930506901904923,
    0.8864281241963665,
    -0.2321405418921776,
    0.011154746749708622,
    0.13946315348413396,
    0.011773645665433818,
    0.6958270297170941,
    0.11625999501613293,
    -0.07557659115665061,
    -0.4540737087981963,
    0.21635032893594364,
    0.313090527366775,
    0.21017077871092305,
    -0.2713602637011565,
    -0.07351337282645964,
    0.2162266884482893,
    -0.1422525062217712,
    -0.002326080263451047,
    -0.30803302481396955,
    0.2659661459841871,
    0.13374172822955543,
    0.15212689130832224,
    0.5183364478493253,
    -0.09872486265612679,
    -0.092502924436209,
    -0.008187475699607205,
    0.07035181169628402
  ]
}