{
  "test": "polynomial",
  "method": "statsmodels",
  "dataset": "synthetic_heteroscedastic",
  "formula": "x ~ poly(y, 3, raw=True)",
  "degree": 3,
  "n": 100,
  "k": 3,
  "df_residual": 96,
  "df_model": 3,
  "variable_names": [
    "Intercept",
    "x^1",
    "x^2",
    "x^3"
  ],
  "coefficients": [
    -1.3786079066175505,
    0.7824774587517507,
    3.3786765062659985e-05,
    -0.0006876487322446138
  ],
  "std_errors": [
    0.758259183867986,
    0.2842527941498271,
    0.030748338163444328,
    0.0009845774164885428
  ],
  "t_stats": [
    -1.8181222673559707,
    2.752752039226442,
    0.0010988159712263066,
    -0.6984201757309104
  ],
  "p_values": [
    0.07216409092464714,
    0.0070672691889126895,
    0.9991255520143615,
    0.48660289455294625
  ],
  "r_squared": 0.8611633659976217,
  "adj_r_squared": 0.8568247211850474,
  "f_statistic": 198.4867172122008,
  "f_p_value": 5.068697465546956e-41,
  "mse": 1.229526167424261,
  "rmse": 1.1088400098410325,
  "mae": 0.8633020537106891,
  "residual_std_error": 1.1088400098410325,
  "log_likelihood": -150.18419686585034,
  "aic": 308.3683937317007,
  "bic": 318.789074475653,
  "conf_int_lower": [
    -2.8837404906633246,
    0.2182401218579214,
    -0.06100118209476157,
    -0.0026420194574536832
  ],
  "conf_int_upper": [
    0.12652467742822382,
    1.34671479564558,
    0.06106875562488689,
    0.0012667219929644556
  ],
  "fitted_values": [
    0.537804826467787,
    0.22236726221848557,
    0.18871534713923355,
    1.007388836366798,
    0.311351934171626,
    0.05693621860113751,
    0.06299430431513953,
    1.3250542946785846,
    0.38318375117389314,
    2.2428447140186156,
    0.059540103289459134,
    2.5073786124778454,
    1.7081510184279625,
    1.6201833271163402,
    1.4199498665273687,
    2.194249982565871,
    1.996844182555344,
    2.9522398113277397,
    2.3363240056349412,
    2.478248914001037,
    2.1753517243927685,
    2.5341595645303343,
    2.9498479114329976,
    1.2838753585920364,
    1.6941643269098572,
    3.6742756356745163,
    3.2816119046981598,
    3.0612231766626987,
    3.357446680426424,
    3.7778223470494137,
    3.015941918746292,
    2.8668113682058705,
    3.957207524896746,
    2.834992515626657,
    4.384832481766659,
    2.1885269357503754,
    5.221544509544307,
    4.7713056058004435,
    4.648204656109902,
    5.505219384858808,
    6.270393556375661,
    5.750111019777467,
    2.521884347787515,
    3.3158180598307503,
    4.215881295276696,
    5.082757126936895,
    5.733067004537856,
    4.3508500170142845,
    5.550272286331264,
    4.482330272392275,
    4.752913893765316,
    3.7619324085711816,
    4.506784125254435,
    3.9892090213907285,
    4.594287091370484,
    7.117804306751811,
    4.788407620327084,
    8.4523305674248,
    6.779637547667176,
    6.507777700725185,
    5.22720373702939,
    7.239120878201825,
    5.776085876727555,
    6.749001230701362,
    8.69975675279737,
    6.6350125649879,
    8.004349672832024,
    5.973751632979566,
    6.930375951161398,
    8.562763020132772,
    6.297508552182607,
    8.649198433420946,
    7.982615394009363,
    6.5964245156310275,
    8.028153461540107,
    8.3483459918597,
    8.125690303345538,
    5.298342917529941,
    6.697619126625216,
    7.396968304060007,
    7.658960293970276,
    8.359909394193142,
    8.030797448576383,
    6.072543023049362,
    8.303299427853595,
    8.507208867802092,
    8.509705900386717,
    8.76021679005397,
    8.703553187450163,
    8.545936490609645,
    8.17099907682138,
    5.976505118571841,
    8.616449018002832,
    8.511942033993535,
    8.582498216242678,
    6.866506268492191,
    7.227176409628997,
    8.765846147893045,
    8.497826627012584,
    8.793265827344124
  ],
  "residuals": [
    -0.537804826467787,
    -0.12135716120838458,
    0.013304854880968442,
    -0.704358533336495,
    0.09268846986877799,
    0.44811428644936757,
    0.5430663017454666,
    -0.6179835876078775,
    0.4248970569069149,
    -1.3337538049277065,
    0.950560906811551,
    -1.3962675013667343,
    -0.4960298063067503,
    -0.307052013985027,
    -0.005808452385954732,
    -0.6790984674143559,
    -0.3806825663937281,
    -1.2350680941560226,
    -0.5181421874531233,
    -0.5590569948091177,
    -0.15514970419074814,
    -0.4129474433182132,
    -0.7276256892107753,
    1.0393569646402867,
    0.7300780973325671,
    -1.1490231104219912,
    -0.6553492784355335,
    -0.33395044938997165,
    -0.5291638521435957,
    -0.8485294177564846,
    0.014361111556738138,
    0.2645017631072606,
    -0.7248842925735137,
    0.49834081770667593,
    -0.9504890474232246,
    1.34682659960316,
    -1.5851808731806711,
    -1.033931868426706,
    -0.809820817726064,
    -1.5658254454648692,
    -2.2299895159716208,
    -1.6086968783633262,
    1.7205398946367274,
    1.0276162836035931,
    0.22856314916774867,
    -0.5373025814823498,
    -1.0866023580732094,
    0.39662473046046287,
    -0.7017874378464155,
    0.46716467710267473,
    0.2975911567397338,
    1.3895827429439698,
    0.7457411272708176,
    1.3643263321446253,
    0.8602583631749701,
    -1.5622487511962557,
    0.8681580362385724,
    -2.6947548098490426,
    -0.9210516890813176,
    -0.548181741129226,
    0.8334023235766708,
    -1.077504716585663,
    0.4865403858987074,
    -0.3853648670649985,
    -2.2351102881509055,
    -0.06935599933133396,
    -1.3376830061653573,
    0.7939251346972016,
    -0.061689082474529755,
    -1.5930660504358025,
    0.7731985185244641,
    -1.4774812617037743,
    -0.7098881212820913,
    0.7773128581063462,
    -0.5534059867926322,
    -0.772588416102125,
    -0.4489226265778612,
    2.479434860247837,
    1.1811687521626633,
    0.5828296757379725,
    0.4218477868378052,
    -0.1780912123749605,
    0.2520308342518991,
    2.311295360789022,
    0.1815490569948892,
    0.07864971805649468,
    0.17716278648197026,
    0.02766199782481671,
    0.18533570143872602,
    0.44396249928934495,
    0.9199100140877103,
    3.2154140733473513,
    0.67648027492646,
    0.8819973599458599,
    0.9124512787068184,
    2.7294533274674038,
    2.469793287340698,
    1.0321336500867524,
    1.4011632719773157,
    1.2067341726558762
  ]
}