{
  "test": "polynomial",
  "method": "statsmodels",
  "dataset": "synthetic_collinear",
  "formula": "x1 ~ poly(x2, 2, raw=True)",
  "degree": 2,
  "n": 100,
  "k": 2,
  "df_residual": 97,
  "df_model": 2,
  "variable_names": [
    "Intercept",
    "x^1",
    "x^2"
  ],
  "coefficients": [
    3.297764528534421,
    0.2867484579837991,
    0.014461252454776377
  ],
  "std_errors": [
    0.9399677657506068,
    0.8580438932819909,
    0.1620304925865228
  ],
  "t_stats": [
    3.5083804452602765,
    0.3341885656769787,
    0.08925019126911683
  ],
  "p_values": [
    0.0006851324973562474,
    0.7389587295932606,
    0.929067096894511
  ],
  "r_squared": 0.035188709374385896,
  "adj_r_squared": 0.015295693072826966,
  "f_statistic": 1.7688976292463026,
  "f_p_value": 0.1759767490532725,
  "mse": 7.378375656678311,
  "rmse": 2.7163165604690316,
  "mae": 2.2804431111480334,
  "residual_std_error": 2.7163165604690316,
  "log_likelihood": -240.29856862951016,
  "aic": 486.5971372590203,
  "bic": 494.4126478169846,
  "conf_int_lower": [
    1.43218870974343,
    -1.4162311516306771,
    -0.30712442302296245
  ],
  "conf_int_upper": [
    5.163340347325412,
    1.9897280675982754,
    0.33604692793251517
  ],
  "fitted_values": [
    3.9470589270234084,
    5.055144504426927,
    3.4629376404206167,
    3.925413384000816,
    5.027528777195376,
    4.809502737050461,
    4.710596061287078,
    3.691577564352208,
    3.553330931930091,
    4.4180613662439665,
    4.942519144349498,
    4.208088287990411,
    4.235436941226823,
    3.727522217731748,
    4.615088782498962,
    3.578585365386583,
    3.7997141402538346,
    3.973166522522933,
    4.118702152405503,
    3.6665620892501294,
    3.467178633439902,
    4.308035727410917,
    3.7417046634019684,
    4.253249315292042,
    3.5276953944961735,
    4.071288419227092,
    4.163909421239727,
    3.3730370819294113,
    3.8213306968988503,
    3.497012431853345,
    3.390079953440165,
    5.0714207509671265,
    3.7975043105149844,
    4.696042935526704,
    3.686295967785074,
    4.442775559204927,
    4.596681080747386,
    4.280023050894735,
    4.054282068859463,
    3.94955865197112,
    3.841953354630774,
    4.942841657590054,
    4.7380894920310395,
    5.0180501940223845,
    3.4815603007350338,
    4.538758328340075,
    4.961425029809188,
    3.5694806891372863,
    3.3947016415479876,
    4.558915167205518,
    4.240723256512538,
    4.7609384979601,
    3.5052250862671603,
    4.666623418395371,
    3.6015436848016,
    3.542087964688483,
    3.5430346404296778,
    4.70554233822854,
    4.411458944153314,
    4.146619589180707,
    3.858785493020487,
    4.833635439287436,
    3.916110256066973,
    4.709639282337982,
    3.99708832365395,
    3.889574634581184,
    4.038522045985672,
    3.7627001231654105,
    4.571710716173007,
    4.109905021375021,
    3.650192447204307,
    4.880086215668531,
    3.901445369629534,
    4.1838935744414245,
    4.8944792021447014,
    4.333639960256902,
    3.4703065734009004,
    4.96457656446638,
    4.340185737230484,
    3.818482863456713,
    3.5044573070001097,
    4.664128837151412,
    4.325794315937235,
    4.165495103039716,
    4.868255534596916,
    4.653240802568487,
    3.5235443430469373,
    3.7798238714695254,
    3.676357337467499,
    4.564483494265382,
    3.346247912847138,
    4.232255531881211,
    4.601107577207385,
    4.832736120343152,
    3.8305279644257304,
    4.719075552637756,
    3.4608068479577367,
    4.770389465418432,
    3.4864265134068018,
    3.924435204990305
  ],
  "residuals": [
    4.676578160444044,
    4.440061732149495,
    -1.9922028311302373,
    5.340462867614129,
    -0.10636584639999391,
    -2.227058854060877,
    -0.11923849890446547,
    6.108748188502563,
    1.372850007998605,
    -1.1305452633688846,
    1.3914893988177601,
    -1.8066321002084802,
    -3.4768036601401837,
    -2.438724998625256,
    -3.3346303929212375,
    -2.05955843026364,
    -2.4114424137597332,
    2.4355809255092136,
    -2.2999013084140545,
    -0.20988925601149733,
    5.500705465620216,
    0.4315806752178064,
    2.933872721808303,
    -2.5300506032757433,
    -1.6048052064094656,
    -3.6626022565623035,
    -2.4745587905180813,
    -0.5871336916098251,
    -2.051225854131382,
    -2.609987094282789,
    -2.183721242434157,
    -0.4636330706398688,
    -1.7341671264570593,
    -1.0533443250459498,
    1.3478767407634948,
    2.4611727270887265,
    -4.2035596823363965,
    3.714080938195692,
    2.224721826049615,
    -3.131968332482401,
    4.893832886436999,
    4.265882347728078,
    -4.127309893482402,
    -2.2492737125503472,
    4.58045249719558,
    2.9438385754965086,
    -3.1162148362454154,
    -1.4759874557701833,
    0.31001938636583226,
    0.28631468470469557,
    1.941824458790422,
    -1.0718021022623763,
    1.120122075064319,
    2.8080859629421937,
    -3.234711655895621,
    -1.017718521248275,
    3.5904612184158466,
    4.246526038643454,
    0.7053154770033467,
    1.1745152634724496,
    -2.7870653796227263,
    -0.35951177105288945,
    1.4100624084832583,
    -2.284934245990685,
    -1.3046560141601407,
    -0.11673300353495764,
    -3.837810068208408,
    -0.5419084673336276,
    -2.4572306462075604,
    -0.834931499595875,
    -2.452571129011795,
    4.025186591730418,
    2.0344791659109527,
    2.607129617003472,
    2.9972331839286817,
    0.6507820290336701,
    -2.6011036925266637,
    0.4064888537190976,
    1.5282254429783073,
    3.635911878386587,
    0.8121381552966844,
    -3.3883258091957744,
    -1.4880352579499903,
    -0.5346721390533653,
    1.5909168787190966,
    1.0545422441206327,
    0.037422915931525136,
    6.085328616460271,
    2.381390856101372,
    -2.192215576905437,
    -2.3284231866431004,
    -2.703664140037891,
    -2.1415302933623037,
    -3.2259223877475955,
    -1.9648577239126728,
    -1.8681238656992853,
    -1.7270708950101885,
    4.19726478084582,
    -2.6840890567903797,
    1.3206786907122416
  ]
}