{
  "test": "polynomial",
  "method": "statsmodels",
  "dataset": "synthetic_collinear",
  "formula": "x1 ~ poly(x2, 3, raw=True)",
  "degree": 3,
  "n": 100,
  "k": 3,
  "df_residual": 96,
  "df_model": 3,
  "variable_names": [
    "Intercept",
    "x^1",
    "x^2",
    "x^3"
  ],
  "coefficients": [
    1.1332694641454344,
    4.575411274577455,
    -2.0046961805902854,
    0.2622625021786946
  ],
  "std_errors": [
    1.4311613658442903,
    2.321384200194286,
    1.0303347407168983,
    0.13221121199754032
  ],
  "t_stats": [
    0.7918530301276547,
    1.9709840681238893,
    -1.945674644723165,
    1.983663096466991
  ],
  "p_values": [
    0.4303986584935347,
    0.05160533028761782,
    0.05461867961821954,
    0.05014965720498099
  ],
  "r_squared": 0.07317797855737818,
  "adj_r_squared": 0.044214790387296254,
  "f_statistic": 2.526585751805069,
  "f_p_value": 0.062008560290259744,
  "mse": 7.161685263291037,
  "rmse": 2.6761325197551478,
  "mae": 2.2608799440871263,
  "residual_std_error": 2.6761325197551478,
  "log_likelihood": -238.29001985670152,
  "aic": 484.58003971340304,
  "bic": 495.0007204573554,
  "conf_int_lower": [
    -1.7075633943125337,
    -0.032499943824309874,
    -4.049894476529888,
    -0.00017467944379256917
  ],
  "conf_int_upper": [
    3.9741023226034025,
    9.183322492979219,
    0.04050211534931636,
    0.5246996838011818
  ],
  "fitted_values": [
    4.346880192096655,
    6.32064617432323,
    3.1133857207559177,
    4.366533531752762,
    6.0789186634654655,
    4.645303009332586,
    4.249216779139438,
    4.262184667582272,
    3.7427154613954703,
    3.8232590470724652,
    5.422304156252807,
    3.9926493524159383,
    3.957495272686529,
    4.3292363085253545,
    3.998404340328431,
    3.8734281712320344,
    4.399092945899652,
    4.319298974745048,
    4.120065790865034,
    4.200845624449175,
    3.149121516124941,
    3.8796311425672485,
    4.349392988784642,
    3.9361053437275473,
    3.591023602711944,
    4.189782520702833,
    4.053963537724659,
    2.188802935417155,
    4.405634023847763,
    3.3824085757025584,
    2.3901558349200123,
    6.469820853442741,
    4.3980840385532876,
    4.203007190285206,
    4.250281495321374,
    3.823674376378108,
    3.9636873297344906,
    3.9065965527631867,
    4.214198435835488,
    4.344412795474104,
    4.40657827225116,
    5.424551709002628,
    4.344749475635155,
    5.999214842650154,
    3.2654752271043,
    3.8808787288599653,
    5.5571424802345035,
    3.8283666147151103,
    2.4425406427390484,
    3.9052791273039382,
    3.9510128589882463,
    4.432535743667884,
    3.4412584661094883,
    4.118556572065426,
    3.9771738158789045,
    3.6786228028854007,
    3.6841641840850365,
    4.232832259916705,
    3.824044028692498,
    4.07900053832191,
    4.403828622766702,
    4.764692560819881,
    4.373967681742198,
    4.246087112127839,
    4.290901825675705,
    4.391424379757267,
    4.236299847860826,
    4.373201344304782,
    3.9231811968306367,
    4.133073954472611,
    4.1536362457635665,
    5.020955355495033,
    4.384332439759558,
    4.025661202038563,
    5.107598235816312,
    3.858972023235893,
    3.1750588164510525,
    5.580233126303419,
    3.8543566377043277,
    4.405107943238549,
    3.435851896336229,
    4.111937026697767,
    3.8648699097868793,
    4.0516900191872836,
    4.952325772359103,
    4.084017959196952,
    3.5645696297376013,
    4.387611240368493,
    4.226378074404763,
    3.9128360794882333,
    1.8452757079538615,
    3.961448485199355,
    3.971653698938283,
    4.760077122308076,
    4.40666655326759,
    4.277522409297944,
    3.0951819541194516,
    4.471120972675408,
    3.303188499556803,
    4.367345181029746
  ],
  "residuals": [
    4.276756895370798,
    3.1745600622531924,
    -1.6426509114655383,
    4.899342719862182,
    -1.1577557326700836,
    -2.0628591263430027,
    0.3421407832431749,
    5.5381410852725,
    1.183465478533226,
    -0.5357429441973833,
    0.911704386914451,
    -1.5911931646340074,
    -3.19886199159989,
    -3.0404390894188618,
    -2.717945950750707,
    -2.3544012361090907,
    -3.010821219405551,
    2.0894484732870984,
    -2.3012649468735855,
    -0.7441727912105431,
    5.818762582935177,
    0.8599852600614746,
    2.3261843964256297,
    -2.212906631711249,
    -1.6681334146252362,
    -3.7810963580380443,
    -2.3646129070030133,
    0.597100454902431,
    -2.6355291810802948,
    -2.4953832381320025,
    -1.1837971239140042,
    -1.862033173115483,
    -2.3347468544953625,
    -0.5603085798044511,
    0.7838912132271947,
    3.0802739099155456,
    -3.570565931323501,
    4.08750743632724,
    2.0648054590735896,
    -3.5268224759853846,
    4.329207968816613,
    3.7841722963155036,
    -3.7339698770865173,
    -3.230438361178117,
    4.796537570826313,
    3.601718174976618,
    -3.7119322866707307,
    -1.7348733813480073,
    1.2621803851747715,
    0.939950724606275,
    2.231534856314714,
    -0.7433993479701604,
    1.1840886952219911,
    3.356152809272139,
    -3.6103417869729255,
    -1.154253359445193,
    3.449331674760488,
    4.7192361169552886,
    1.292730392464163,
    1.2421343143312464,
    -3.3321085093689415,
    -0.2905688925853349,
    0.9522049828080332,
    -1.8213820757805421,
    -1.598469516181896,
    -0.6185827487110407,
    -4.035587870083562,
    -1.152409688472999,
    -1.8087011268651905,
    -0.8581004326934645,
    -2.9560149275710543,
    3.8843174519039163,
    1.5515920957809284,
    2.7653619894063333,
    2.7841141502570714,
    1.1254499660546795,
    -2.3058559355768153,
    -0.20916770811794105,
    2.0140545425044634,
    3.0492867986047516,
    0.8807435659605654,
    -2.8361339987421292,
    -1.0271108517996348,
    -0.4208670552009326,
    1.5068466409569092,
    1.623765087492167,
    -0.0036023707591388288,
    5.4775412475613035,
    1.8313701191641085,
    -1.5405681621282885,
    -0.8274509817498241,
    -2.4328570933560347,
    -1.512076415093202,
    -3.153263389712519,
    -2.5409963127545327,
    -1.4265707223594735,
    -1.3614460011719034,
    4.4965332735888435,
    -2.500851042940381,
    0.8777687146728006
  ]
}