{
  "test": "ols",
  "method": "statsmodels",
  "dataset": "synthetic_collinear",
  "formula": "x1 ~ x2 + x3 + y",
  "n": 100,
  "k": 3,
  "df_residual": 96,
  "variable_names": [
    "Intercept",
    "x2",
    "x3",
    "y"
  ],
  "coefficients": [
    -3.3306690738754696e-15,
    -0.5000000000000014,
    0.5000000000000006,
    2.7755575615628914e-16
  ],
  "std_errors": [
    2.970301180314795e-15,
    7.638523451085922e-16,
    4.628869250820446e-15,
    1.8546221749699035e-15
  ],
  "t_stats": [
    -1.1213236879643573,
    -654576768928973.5,
    108017741030679.97,
    0.14965622642832535
  ],
  "p_values": [
    0.2649471783895167,
    0.0,
    0.0,
    0.8813498078677942
  ],
  "r_squared": 1.0,
  "adj_r_squared": 1.0,
  "f_statistic": 2.581312635611427e+30,
  "f_p_value": 0.0,
  "mse": 9.579178320331081e-29,
  "std_error": 9.787327684476024e-15,
  "conf_int_lower": [
    -9.226670317296973e-15,
    -0.500000000000003,
    0.49999999999999134,
    -3.403840164960627e-15
  ],
  "conf_int_upper": [
    2.565332169546035e-15,
    -0.49999999999999994,
    0.5000000000000098,
    3.958951677273205e-15
  ],
  "residuals": [
    -1.5987211554602254e-14,
    -1.9539925233402755e-14,
    -6.661338147750939e-16,
    -2.1316282072803006e-14,
    -7.993605777301127e-15,
    -2.220446049250313e-15,
    -7.993605777301127e-15,
    -2.1316282072803006e-14,
    -9.769962616701378e-15,
    -4.440892098500626e-15,
    -1.1546319456101628e-14,
    -2.6645352591003757e-15,
    1.9984014443252818e-15,
    4.440892098500626e-16,
    4.440892098500626e-16,
    -6.661338147750939e-16,
    -4.440892098500626e-16,
    -1.3322676295501878e-14,
    -8.881784197001252e-16,
    -5.329070518200751e-15,
    -1.7763568394002505e-14,
    -7.105427357601002e-15,
    -1.3322676295501878e-14,
    -4.440892098500626e-16,
    -1.3322676295501878e-15,
    2.3869795029440866e-15,
    -6.661338147750939e-16,
    -3.9968028886505635e-15,
    -1.1102230246251565e-15,
    9.992007221626409e-16,
    2.220446049250313e-16,
    -6.217248937900877e-15,
    -1.7763568394002505e-15,
    -5.773159728050814e-15,
    -8.881784197001252e-15,
    -1.509903313490213e-14,
    2.831068712794149e-15,
    -1.7763568394002505e-14,
    -1.3322676295501878e-14,
    1.3322676295501878e-15,
    -1.9539925233402755e-14,
    -1.9539925233402755e-14,
    1.9984014443252818e-15,
    -2.6645352591003757e-15,
    -1.7763568394002505e-14,
    -1.5987211554602254e-14,
    -8.881784197001252e-16,
    -1.7763568394002505e-15,
    -5.773159728050814e-15,
    -7.105427357601002e-15,
    -1.1546319456101628e-14,
    -5.329070518200751e-15,
    -8.881784197001252e-15,
    -1.509903313490213e-14,
    2.3314683517128287e-15,
    -2.220446049250313e-15,
    -1.5987211554602254e-14,
    -1.5987211554602254e-14,
    -8.881784197001252e-15,
    -1.1546319456101628e-14,
    4.440892098500626e-16,
    -7.993605777301127e-15,
    -9.769962616701378e-15,
    -2.6645352591003757e-15,
    -3.552713678800501e-15,
    -6.217248937900877e-15,
    3.0253577421035516e-15,
    -4.440892098500626e-15,
    -8.881784197001252e-16,
    -5.329070518200751e-15,
    8.881784197001252e-16,
    -1.7763568394002505e-14,
    -1.2434497875801753e-14,
    -1.2434497875801753e-14,
    -1.4210854715202004e-14,
    -7.105427357601002e-15,
    1.1102230246251565e-15,
    -9.769962616701378e-15,
    -1.0658141036401503e-14,
    -1.4210854715202004e-14,
    -7.105427357601002e-15,
    4.440892098500626e-16,
    -3.552713678800501e-15,
    -4.884981308350689e-15,
    -1.3322676295501878e-14,
    -1.0658141036401503e-14,
    -5.329070518200751e-15,
    -1.9539925233402755e-14,
    -1.2434497875801753e-14,
    -2.6645352591003757e-15,
    2.220446049250313e-16,
    2.220446049250313e-16,
    -2.6645352591003757e-15,
    -2.220446049250313e-16,
    -1.3322676295501878e-15,
    -4.440892098500626e-15,
    -1.3322676295501878e-15,
    -1.7763568394002505e-14,
    8.881784197001252e-16,
    -9.769962616701378e-15
  ],
  "vif": [
    {
      "variable": "x2",
      "vif": 1.2147214544424074,
      "rsquared": 0.17676600150358823
    },
    {
      "variable": "x3",
      "vif": 772.7882886711502,
      "rsquared": 0.9987059845307444
    },
    {
      "variable": "y",
      "vif": 774.644865197502,
      "rsquared": 0.9987090858728599
    }
  ]
}