{
  "test": "polynomial",
  "method": "statsmodels",
  "dataset": "synthetic_multiple",
  "formula": "x1 ~ poly(x2, 3, raw=True)",
  "degree": 3,
  "n": 100,
  "k": 3,
  "df_residual": 96,
  "df_model": 3,
  "variable_names": [
    "Intercept",
    "x^1",
    "x^2",
    "x^3"
  ],
  "coefficients": [
    4.791988336120853,
    -0.40623165002064,
    0.02055223752567132,
    0.004809978923827646
  ],
  "std_errors": [
    0.4073107497033295,
    0.24479470911665388,
    0.036026018699039264,
    0.014606540811336683
  ],
  "t_stats": [
    11.764944430293493,
    -1.6594788812492485,
    0.5704831748788107,
    0.3293030831841062
  ],
  "p_values": [
    2.575546578327214e-20,
    0.10028282223729398,
    0.5696829060848597,
    0.7426439894835397
  ],
  "r_squared": 0.11286014559517099,
  "adj_r_squared": 0.08513702514502008,
  "f_statistic": 4.070975552629634,
  "f_p_value": 0.009072771555684608,
  "mse": 7.595825596358541,
  "rmse": 2.7560525387514914,
  "mae": 2.261574339526627,
  "residual_std_error": 2.7560525387514914,
  "log_likelihood": -241.23269523219057,
  "aic": 490.46539046438113,
  "bic": 500.8860712083335,
  "conf_int_lower": [
    3.9834828880452937,
    -0.8921453071609013,
    -0.0509588443985363,
    -0.02418377543228817
  ],
  "conf_int_upper": [
    5.600493784196412,
    0.07968200711962137,
    0.09206331944987894,
    0.03380373327994346
  ],
  "fitted_values": [
    3.896245399368722,
    4.781290010057831,
    4.493923137552861,
    4.822496878606314,
    6.084744641125127,
    4.042968463328607,
    5.730656872663995,
    6.671689091345622,
    4.259334440179299,
    6.156018081121137,
    3.8124430041827444,
    3.82135739760096,
    3.803856019573751,
    5.343564451546617,
    6.695693247600049,
    3.8070258052990096,
    5.0925453308732855,
    3.832647246675558,
    3.8296986711853895,
    3.825658731607775,
    5.672064111714403,
    5.278595144022853,
    3.8272065224564056,
    5.575079564877178,
    6.1854613162171095,
    4.568756059727016,
    3.8102415315275806,
    4.110864171161952,
    4.519120045157804,
    6.447475789563465,
    4.359293087660326,
    3.860877985820091,
    6.296056375297104,
    4.718247614475173,
    3.8101620194783155,
    4.000184401374703,
    4.108204865033578,
    4.093629192893225,
    5.390012470182014,
    5.675746637329791,
    3.874369220674075,
    3.8733124828871572,
    3.8156515293591386,
    3.803671733438307,
    4.746183345356447,
    4.785833409229183,
    3.8907606940771613,
    4.245229654656683,
    4.094995117556178,
    3.894684876020761,
    3.805606161171457,
    5.483592206557368,
    5.3199601404807355,
    6.45822402419264,
    4.488890855314114,
    6.639045772434001,
    4.9339765880589175,
    4.622862914269709,
    5.705988179550039,
    4.443556651673704,
    6.6544843656704,
    6.63501243274993,
    3.856859554014223,
    5.386966216569988,
    6.343342072183235,
    4.702698956126507,
    3.9396757607119204,
    6.0020011146905645,
    4.332733301555681,
    6.486883980057325,
    6.592863440599004,
    4.666784684260081,
    4.630631959853389,
    4.285006497144273,
    4.034181027172147,
    3.8425751875795275,
    4.726338070130319,
    5.548922818048027,
    3.895647828428487,
    5.7729861945279835,
    5.0464670868535695,
    6.509337818393108,
    6.668835773040365,
    3.8287888049767433,
    3.8415546511121024,
    4.1110143940782,
    5.175256919533334,
    6.170806850360027,
    6.235181898339193,
    5.859845662071147,
    4.5975681733131655,
    4.062412081555428,
    4.21373418245767,
    5.734236276769734,
    3.8220926192190365,
    4.006651450696067,
    4.5780292429380065,
    4.370502884728307,
    5.129383774642209,
    5.870357723210448
  ],
  "residuals": [
    0.27786463211906787,
    -2.5602119053505286,
    -3.295269464216033,
    -1.446345164570034,
    3.3443523980000656,
    -0.8109391431210544,
    -0.5427506552303338,
    0.35850049760615565,
    -0.6230384163863594,
    3.5618027460884703,
    5.812029945238367,
    -1.3035344393473185,
    1.1686290393501038,
    -2.3347813533789203,
    -3.847288303825373,
    -3.4381563317536816,
    1.003098008925683,
    1.1941429856130572,
    -3.3149111586854962,
    -1.0391940892416605,
    3.410594747952133,
    -2.8829762373531294,
    -2.3782578015441747,
    -0.6805519621015472,
    3.671043224888898,
    -2.1482033446120115,
    2.9111139425312054,
    3.505331982125224,
    -2.142744605233807,
    0.8346876965551306,
    -0.6814617604677942,
    2.4621803201157038,
    0.03924073231184355,
    0.6394992262724122,
    -2.9072643189342324,
    4.352840554517677,
    -0.9004042153162195,
    -2.2284440888946824,
    -4.982261054634375,
    0.23318279455262747,
    2.9012743977487494,
    -3.707434193608596,
    1.3052790536336714,
    -1.5387139814589275,
    1.705544558738052,
    -3.0421691191792686,
    3.0186166869474986,
    -0.3778761916513087,
    5.272304769811165,
    -2.519475434560829,
    -0.394942650668872,
    -4.348856994151477,
    3.9269760423048927,
    2.315169509617169,
    -1.9094745781625582,
    -0.039205312092210676,
    3.2382454139532415,
    0.9291452017249151,
    -0.4094823959899747,
    -2.0250337426691876,
    -5.7234566876114075,
    2.337145146783337,
    5.147321017619081,
    0.9440483561626918,
    -2.953044161696228,
    -1.2106032099998978,
    3.3198810279904736,
    2.969101484835207,
    4.538130941095492,
    1.3118714785189134,
    -0.17254697905612648,
    -3.825385034309593,
    -3.0143448189072513,
    4.70053538812652,
    2.030109569423753,
    -3.7506046714132313,
    -3.7116226414699973,
    1.0860948730325308,
    -3.8450319899663,
    -4.164905680352997,
    0.44087080681229196,
    0.40961415853382377,
    -0.14922317801435891,
    -1.5860957103711453,
    3.280237562363256,
    -1.7385235191101995,
    -1.9212599379406567,
    1.294107200820215,
    0.26114709213295395,
    2.6323884428706323,
    1.978560749690268,
    1.6206739517992874,
    -3.276986504176745,
    -2.0570782461753985,
    -1.170068942401782,
    -1.5667550169052307,
    5.1520763045864495,
    -0.43952563806070266,
    3.791081777128925,
    0.4410285367621807
  ]
}