{
  "dataset": "synthetic_simple_linear",
  "alpha": 0.05,
  "n": 100,
  "p": 1,
  "df_residuals": 98,
  "mse": 0.09059302297084497,
  "train": {
    "predicted": [
      0.27204822302956067,
      0.1630554480208778,
      0.5206151880141274,
      0.9075249887022931,
      0.4300643902002478,
      0.5295675895496654,
      1.224465683121803,
      1.0574220273835047,
      0.7507896726175878,
      1.1825816679015948,
      0.9517739613904845,
      1.0505126216519014,
      1.3823759892524412,
      0.7742155029829247,
      0.9355607475944518,
      1.416799809018233,
      1.3683648875979597,
      1.9035993097852224,
      1.601773140253466,
      1.535694380414944,
      2.5801470713308383,
      2.1242776897125557,
      2.320079911700903,
      1.9295995585631889,
      2.3181590003993175,
      2.6328215703003153,
      2.317978330829556,
      2.9187542850019703,
      2.6976789957349903,
      2.8986166414385863,
      2.8963239685507824,
      3.8015699397112703,
      3.2884538847893987,
      3.0450916747411227,
      3.7619578921199457,
      3.1905238428441223,
      3.7594556867584474,
      3.1469311302081833,
      3.453772168459147,
      4.054008225005107,
      4.331338231921354,
      4.244633415067819,
      4.249891410616497,
      4.288496275470703,
      4.001397301356538,
      4.350001473520178,
      4.534607513197395,
      5.132451169903007,
      4.997675120568555,
      4.405466862781185,
      5.190256785182372,
      5.056904983954433,
      5.060579331006022,
      5.58317906967742,
      5.820358629881079,
      5.88711429357589,
      5.405282004434591,
      5.678803170631073,
      5.988596579151957,
      6.29963962362842,
      5.921490848369308,
      6.117362270568514,
      5.914562773232647,
      5.984551875512972,
      6.743602457225079,
      7.021624893745707,
      6.652167093764323,
      7.104811675308178,
      6.99354728756111,
      6.762484116173718,
      7.192463964927949,
      7.678303324487264,
      7.261034727736899,
      7.886035187254401,
      6.611619205271123,
      7.841157118559749,
      7.69937045876832,
      7.6721100907605,
      7.899913788185423,
      7.31667872908371,
      7.9966527422906735,
      8.285533557299072,
      8.753031858000597,
      8.197103565826968,
      8.20130862487626,
      8.401521164708136,
      8.966332936082285,
      8.873208128542625,
      8.690819955637911,
      9.132788346436714,
      9.095633216395104,
      9.481303891820204,
      9.032240065842574,
      9.254666434734423,
      9.333003863210315,
      9.080712998445616,
      9.757974308851862,
      9.845958776756113,
      9.861419941112649,
      9.882213794423173
    ],
    "lower": [
      -0.33607387565583224,
      -0.44543003342952003,
      -0.08670840365371257,
      0.3013604041654374,
      -0.17754521903776688,
      -0.07772802838425386,
      0.61917401367449,
      0.45167889581149623,
      0.14416792280185886,
      0.5771786046045565,
      0.34573539307570456,
      0.4447504028502691,
      0.7774934197721322,
      0.16766315136159693,
      0.3294761618045008,
      0.8120041372344808,
      0.7634467149264047,
      1.299944698617101,
      0.9974303808198605,
      0.9311925420413598,
      1.9778047608416016,
      1.5210861771751214,
      1.7172709078231816,
      1.3260012691340135,
      1.715346373752912,
      2.030568028987053,
      1.715165363314495,
      2.3169487241758535,
      2.0955320884926674,
      2.2967814051177506,
      2.294485335646704,
      3.200785365778204,
      2.6871425629859425,
      2.4434658002897636,
      3.1611392566269796,
      2.5890909449147457,
      3.1586348625480283,
      2.545441946816693,
      2.8526507873058113,
      3.453414734317988,
      3.730902851340618,
      3.644154434467018,
      3.649415225157745,
      3.6880400147452583,
      3.4007676931292328,
      3.7495747838192934,
      3.934253542216849,
      4.532167502954136,
      4.397397648463418,
      3.805064550274287,
      4.589966529109823,
      4.4566263699455275,
      4.460300564516722,
      4.982781479506384,
      5.219843488593442,
      5.286558907439517,
      4.8049465181453614,
      5.078362964416717,
      5.387973990482809,
      5.698765825641886,
      5.320913511350792,
      5.516643957941384,
      5.313989927156725,
      5.383932104270971,
      6.1422520806524075,
      6.419905525037092,
      6.050926206377561,
      6.502971358588921,
      6.3918676463737025,
      6.16111039783892,
      6.590490959429824,
      7.075497367772182,
      6.658954167049835,
      7.282822787578717,
      6.010424990826509,
      7.238035072401044,
      7.096524653285328,
      7.069315789744975,
      7.2966731626787515,
      6.714508469547291,
      7.393211648938269,
      7.681455122421959,
      8.147799536502145,
      7.593226381549267,
      7.59742199348437,
      7.797170546092586,
      8.360524043897904,
      8.267654811654362,
      8.085749895150826,
      8.526507784516065,
      8.489459586266655,
      8.873974296452072,
      8.42624669334907,
      8.648028467454337,
      8.726130803950804,
      8.474582041944242,
      9.14975291966992,
      9.237442880869144,
      9.252851750191411,
      9.273575015910726
    ],
    "upper": [
      0.8801703217149536,
      0.7715409294712756,
      1.1279387796819673,
      1.5136895732391489,
      1.0376739994382624,
      1.1368632074835847,
      1.829757352569116,
      1.663165158955513,
      1.3574114224333167,
      1.787984731198633,
      1.5578125297052645,
      1.6562748404535337,
      1.9872585587327503,
      1.3807678546042526,
      1.541645333384403,
      2.0215954808019854,
      1.9732830602695146,
      2.5072539209533438,
      2.2061158996870716,
      2.140196218788528,
      3.182489381820075,
      2.7274692022499902,
      2.9228889155786244,
      2.5331978479923642,
      2.920971627045723,
      3.2350751116135776,
      2.920791298344617,
      3.520559845828087,
      3.299825902977313,
      3.500451877759422,
      3.498162601454861,
      4.402354513644337,
      3.889765206592855,
      3.646717549192482,
      4.362776527612912,
      3.791956740773499,
      4.360276510968866,
      3.7484203135996736,
      4.0548935496124825,
      4.654601715692225,
      4.93177361250209,
      4.84511239566862,
      4.850367596075249,
      4.888952536196147,
      4.602026909583843,
      4.950428163221064,
      5.134961484177941,
      5.732734836851877,
      5.597952592673693,
      5.005869175288083,
      5.790547041254921,
      5.657183597963338,
      5.660858097495322,
      6.183576659848455,
      6.420873771168717,
      6.487669679712264,
      6.005617490723821,
      6.279243376845429,
      6.5892191678211045,
      6.900513421614954,
      6.522068185387823,
      6.718080583195644,
      6.515135619308569,
      6.585171646754973,
      7.344952833797751,
      7.623344262454322,
      7.253407981151085,
      7.706651992027435,
      7.595226928748518,
      7.363857834508517,
      7.794436970426074,
      8.281109281202347,
      7.863115288423963,
      8.489247586930086,
      7.2128134197157365,
      8.444279164718452,
      8.302216264251314,
      8.274904391776026,
      8.503154413692096,
      7.918848988620129,
      8.600093835643078,
      8.889611992176183,
      9.358264179499049,
      8.800980750104669,
      8.80519525626815,
      9.005871783323686,
      9.572141828266666,
      9.478761445430889,
      9.295890016124996,
      9.739068908357362,
      9.701806846523553,
      10.088633487188336,
      9.638233438336078,
      9.86130440201451,
      9.939876922469827,
      9.68684395494699,
      10.366195698033804,
      10.454474672643082,
      10.469988132033887,
      10.49085257293562
    ],