{
  "test": "polynomial",
  "method": "statsmodels",
  "dataset": "synthetic_nonnormal",
  "formula": "x ~ poly(y, 2, raw=True)",
  "degree": 2,
  "n": 100,
  "k": 2,
  "df_residual": 97,
  "df_model": 2,
  "variable_names": [
    "Intercept",
    "x^1",
    "x^2"
  ],
  "coefficients": [
    -1.1742893574162547,
    0.6253821123258927,
    0.0018725167710425756
  ],
  "std_errors": [
    0.17395595948264425,
    0.04125430204114786,
    0.0021328639500138176
  ],
  "t_stats": [
    -6.7504980048321634,
    15.159197499017777,
    0.8779354027857448
  ],
  "p_values": [
    1.0824280812220912e-09,
    2.4988245660147405e-27,
    0.3821481916110443
  ],
  "r_squared": 0.9848973823117178,
  "adj_r_squared": 0.9845859881325779,
  "f_statistic": 3162.8638179181285,
  "f_p_value": 4.8309561038977196e-89,
  "mse": 0.13236873776567296,
  "rmse": 0.3638251472420137,
  "mae": 0.2663919688568617,
  "residual_std_error": 0.3638251472420137,
  "log_likelihood": -39.26270379850861,
  "aic": 84.52540759701722,
  "bic": 92.3409181549815,
  "conf_int_lower": [
    -1.519543783546768,
    0.5435037425420025,
    -0.0023606277631632207
  ],
  "conf_int_upper": [
    -0.8290349312857415,
    0.7072604821097829,
    0.006105661305248372
  ],
  "fitted_values": [
    -0.10315473924290729,
    0.29418632292135544,
    0.014788773269949537,
    0.5954856787839508,
    0.7176628806180908,
    0.4717766101298561,
    0.3452126918445238,
    0.5468131298166434,
    0.8409364815990266,
    1.9030005189499044,
    1.0468945291918912,
    0.9207606341146636,
    1.2424749649547961,
    1.266270790675414,
    1.5994755395038716,
    1.2479445869222954,
    1.767763899049914,
    1.6556299073764367,
    2.5648393018345916,
    1.734357876441488,
    2.0193935073420177,
    2.662355676734397,
    1.926937713771648,
    2.8847104479393266,
    2.4632284711068007,
    2.207677818972058,
    2.398479174513102,
    2.7794079727890644,
    2.501221800201951,
    2.8595910134706255,
    2.8124827491789235,
    3.0880992024941873,
    2.8866062404824406,
    3.6384339115446442,
    4.254807153281055,
    4.301690710433309,
    3.7175039826395397,
    3.4097090865417194,
    3.9273307194967795,
    3.5701445419013336,
    3.6683291355264473,
    3.888080199297483,
    4.079082912011391,
    4.441745217063824,
    4.435613719106824,
    4.351293154241604,
    4.361916651628975,
    6.2966508522543485,
    4.63907803001442,
    4.753832493263009,
    4.7146872278326875,
    5.279497972481888,
    5.247134756474623,
    5.03834718154949,
    5.084516885724441,
    5.534761264109944,
    5.609467108397111,
    5.463117068781938,
    6.462236739275564,
    5.612810960308644,
    5.847543245987979,
    6.720797002985445,
    6.042237214821081,
    6.301505544460654,
    6.23208263407397,
    6.271084807883036,
    7.654854147556986,
    6.542818704248547,
    7.222031283700206,
    6.657062377138182,
    6.751453540065706,
    6.783338023077784,
    7.2292627943787195,
    7.130968568925051,
    7.75233545672165,
    7.396301456164532,
    8.450130759207074,
    7.453777235573718,
    8.174009418429248,
    8.096662371416558,
    8.191009883959232,
    8.426313329345618,
    8.38259869146048,
    8.333540506311989,
    8.149969756123255,
    8.216319912317122,
    9.173172636838622,
    8.737689372390625,
    9.05752035347264,
    8.841459153496329,
    8.76329434032223,
    8.869777269080558,
    9.323444837022627,
    9.223662943006854,
    9.211396376789898,
    9.47040146141983,
    9.365089819800152,
    9.745785403458068,
    9.657848045432775,
    10.204317518196293
  ],
  "residuals": [
    0.10315473924290729,
    -0.19317622191125444,
    0.18723142875025245,
    -0.2924553757536478,
    -0.3136224765776868,
    0.03327389492064897,
    0.2608479142160823,
    0.16025757725406364,
    -0.0328556735182185,
    -0.9939096098589952,
    -0.03679351909088102,
    0.19035047699644758,
    -0.03035375283358399,
    0.04686052245589911,
    -0.18533412536245764,
    0.26720692822921976,
    -0.15160228288829813,
    0.061541809795280455,
    -0.7466574836527737,
    0.18483404275043114,
    0.0008085128600026081,
    -0.5411435555222761,
    0.2952845084505744,
    -0.5614781247070035,
    -0.038986046864376345,
    0.317574706280467,
    0.22778345174952408,
    -0.0521352455163373,
    0.3270610280808772,
    0.06970191582230356,
    0.21782028112410678,
    0.0432139288189437,
    0.34571699184079163,
    -0.3051005782113112,
    -0.8204637189376207,
    -0.7663371750797738,
    -0.08114034627590394,
    0.327664650832018,
    -0.08894688111294125,
    0.36924939749260544,
    0.3720749048775933,
    0.25333394211665805,
    0.16334133041285082,
    -0.09831087362948043,
    0.008830725337620748,
    0.1941613912129414,
    0.2845479948356715,
    -1.549176104779601,
    0.20940681847042875,
    0.19566245623194067,
    0.3358178226723627,
    -0.12798282096673663,
    0.005390496050629245,
    0.3151881719858638,
    0.370028568821013,
    0.02079429144561118,
    0.04709854816854531,
    0.29445868879381987,
    -0.6036508806897061,
    0.34678499928731554,
    0.2130628146180813,
    -0.5591808413692831,
    0.2203890478051811,
    0.062130819175709284,
    0.2325638305724942,
    0.2945717577735296,
    -0.9881874808903186,
    0.22485806342822023,
    -0.35334441501333735,
    0.3126345925587879,
    0.3192535306413653,
    0.3883791486393875,
    0.04346447834855205,
    0.24276880481232244,
    -0.27758798197417534,
    0.17945611959304308,
    -0.7733630824393973,
    0.32400054220405927,
    -0.29522153964136955,
    -0.11686439161857898,
    -0.11020180315115091,
    -0.24449514752743617,
    -0.09977040863219777,
    0.05029787752639514,
    0.3348787287252293,
    0.36953867354146475,
    -0.4863039499699351,
    0.05018941548816258,
    -0.16863146458375056,
    0.14843983640266067,
    0.32761475058686074,
    0.3221419228386342,
    -0.030515544093335123,
    0.1702764509325405,
    0.28355311815959894,
    0.12555813453976583,
    0.33187987716954304,
    0.05219439452172914,
    0.24114185355712436,
    -0.20431751819629262
  ]
}