{
  "test": "ridge",
  "method": "sklearn",
  "alpha": 0,
  "n": 100,
  "p": 3,
  "lambda_sequence": [
    0.030931220212804447,
    0.050225395896275914,
    0.08155482957291754,
    0.13242683522900392,
    0.215031614689234,
    0.3491633341225702,
    0.5669633001258095,
    0.9206218187179631,
    1.4948842948238439,
    2.427358345713494,
    3.941488019445188,
    6.4000965637661205,
    10.392327928805093,
    16.874820356815018,
    27.40094077338455,
    44.493010259709656,
    72.2467151162017,
    117.31253548848252,
    190.48936634144926,
    309.3122021280445
  ],
  "coefficients": [
    [
      -0.22227831737720294,
      -0.00504413499976397,
      -0.14173372292112013,
      0.2832719916856978
    ],
    [
      -0.21326736395517276,
      0.022193580012578273,
      -0.1375789838213179,
      0.27539146908481243
    ],
    [
      -0.2004707878372134,
      0.06057904679432172,
      -0.13171507815458852,
      0.26427969698602344
    ],
    [
      -0.1834013069479994,
      0.11109990142687697,
      -0.12397701925917935,
      0.24964116806386513
    ],
    [
      -0.16234939438101126,
      0.17191706283819475,
      -0.11461699237608534,
      0.2319886491798238
    ],
    [
      -0.13852210631280926,
      0.23770604729770833,
      -0.10439792149749434,
      0.2128289668358916
    ],
    [
      -0.11349198571494234,
      0.3010628868974279,
      -0.09437179341829473,
      0.19425107233585742
    ],
    [
      -0.08809552208541493,
      0.3554534093822852,
      -0.0854197745302419,
      0.1780652510074245
    ],
    [
      -0.06145879590850534,
      0.3974315198437417,
      -0.07789556213213189,
      0.16514710865959015
    ],
    [
      -0.030546726536308633,
      0.42669635170265935,
      -0.07158627456314226,
      0.15539582855979345
    ],
    [
      0.01005378346098773,
      0.44469417888758483,
      -0.06588537264672874,
      0.14809997221048748
    ],
    [
      0.06861298236065494,
      0.4531359843086666,
      -0.059980568038675706,
      0.1423136320253764
    ],
    [
      0.15720253793770844,
      0.45308608039753506,
      -0.052988627138184974,
      0.13705808743633535
    ],
    [
      0.29284735459829925,
      0.44460814966545953,
      -0.04410582409881566,
      0.1313739406164764
    ],
    [
      0.4979465227556439,
      0.42681677206078167,
      -0.032892809796195056,
      0.12432377168926655
    ],
    [
      0.7979164919731119,
      0.39833040043476003,
      -0.01972834909037851,
      0.11505177981398944
    ],
    [
      1.213108098839942,
      0.35823477613067706,
      -0.006178213364282707,
      0.10298580756638179
    ],
    [
      1.7441461768002604,
      0.3074555433157714,
      0.005294657190411384,
      0.08817590996183032
    ],
    [
      2.3579889392675337,
      0.24979736319621945,
      0.012547171346137654,
      0.0715631525330228
    ],
    [
      2.9900163263199144,
      0.1914672838711816,
      0.015050997302144488,
      0.054831462157960184
    ]
  ],
  "degrees_of_freedom": [
    2.90672516797761,
    2.856789125486864,
    2.786333881517619,
    2.6934147471015475,
    2.581138219566241,
    2.458804286762695,
    2.3392592434922004,
    2.2333893097248287,
    2.145867869126298,
    2.0747281998199827,
    2.0134540585164427,
    1.9531130082943933,
    1.883485007690632,
    1.7936274269245858,
    1.6729721141637106,
    1.5139774865028373,
    1.3162856880930138,
    1.090173545558274,
    0.8557193610809796,
    0.636375868510116
  ],
  "test_lambdas": [
    0.030931220212804447,
    3.941488019445188,
    309.3122021280445
  ],
  "test_predictions": [
    [
      3.612940204002998,
      8.316289211667621,
      4.137257466332073,
      2.7548816672471284,
      6.216970169954546
    ],
    [
      3.7567363386450645,
      8.345052435620913,
      4.165285203124305,
      3.0086093510501373,
      6.291963333897905
    ],
    [
      4.5464581412727565,
      6.438432909480908,
      4.834538514845335,
      4.315557688251152,
      5.599253262350092
    ]
  ],
  "fitted_values": [
    4.5464581412727565,
    6.438432909480908,
    4.834538514845335,
    4.315557688251152,
    5.599253262350092,
    5.887612369868296,
    3.583192710753258,
    3.8884349801803424,
    3.2027074318847957,
    5.968914362893179,
    5.73694746935038,
    5.170615660553914,
    6.367522539396843,
    6.319299418992684,
    5.320855685742022,
    6.533148112339105,
    4.024794802656761,
    3.521410682560357,
    4.2435909692197145,
    3.4482796811759444,
    5.200386004118305,
    6.591321992706375,
    3.1264785073497756,
    3.548019150275475,
    4.867491357670844,
    6.73635348917426,
    4.385922071474137,
    5.2984484664978195,
    3.3935309879091635,
    3.5903322958292962,
    6.797831048924854,
    6.978168690537057,
    3.009479547247044,
    6.825249199324782,
    5.6941543297947055,
    6.418968253242889,
    4.799807093335314,
    5.023275904613362,
    4.887850173151762,
    5.659945443169219,
    3.508374219652574,
    3.3891379574541887,
    4.323016780187898,
    5.88518477151713,
    3.90478400846327,
    5.883668582402387,
    6.9196663302121655,
    3.4657012016255093,
    5.887856718221437,
    4.8796143576206115,
    6.608134728341902,
    3.9163246949349824,
    5.722537565396061,
    6.443965375573367,
    6.576697144214121,
    5.960848241597423,
    4.942194069421391,
    5.524480450195887,
    6.556557719829671,
    5.480791026011094,
    3.294859791571945,
    6.786109003418387,
    5.613283722478153,
    5.7202853893058965,
    3.8728589258022086,
    5.876565552917986,
    4.5021028333587765,
    5.788836171760038,
    3.674150432228072,
    5.795207787827703,
    6.91660620731489,
    3.3813082925176428,
    6.951662749547064,
    4.737349772400102,
    6.582149430228078,
    6.3813706505002,
    5.246419459658273,
    5.885375843522498,
    6.502776765231674,
    4.896496834373713,
    4.293023215495147,
    5.778757652091411,
    6.2867536612297545,
    5.957883198918847,
    6.396612514038518,
    4.979096797129703,
    6.368941846446802,
    3.6102226960518418,
    5.140735206369054,
    3.068062507571461,
    4.300600419031846,
    4.317802510818369,
    4.75892450727316,
    5.663512957348129,
    4.679182453830875,
    4.7677469172039775,
    4.0234160876669804,
    4.579646112963553,
    3.941806347823355,
    3.4378254327717244
  ],