{
  "test": "polynomial",
  "method": "statsmodels",
  "dataset": "synthetic_high_vif",
  "formula": "x1 ~ poly(x2, 3, raw=True)",
  "degree": 3,
  "n": 100,
  "k": 3,
  "df_residual": 96,
  "df_model": 3,
  "variable_names": [
    "Intercept",
    "x^1",
    "x^2",
    "x^3"
  ],
  "coefficients": [
    0.22509576412322607,
    0.8866685581835398,
    0.013720358945077227,
    -0.000522361170054067
  ],
  "std_errors": [
    0.10038762222936137,
    0.0928121567074927,
    0.02242702724511293,
    0.0014991924186119443
  ],
  "t_stats": [
    2.2422661193123674,
    9.553366602372675,
    0.6117778694038475,
    -0.34842836954692247
  ],
  "p_values": [
    0.02724568357999803,
    1.3555082274220976e-15,
    0.5421308929891379,
    0.7282814423601701
  ],
  "r_squared": 0.989112517832822,
  "adj_r_squared": 0.9887722840150976,
  "f_statistic": 2907.155215929428,
  "f_p_value": 4.641247899964436e-94,
  "mse": 0.0988427487996762,
  "rmse": 0.31439266658062526,
  "mae": 0.2511530091967359,
  "residual_std_error": 0.31439266658062526,
  "log_likelihood": -24.1414992120187,
  "aic": 56.2829984240374,
  "bic": 66.70367916798978,
  "conf_int_lower": [
    0.025827908926900678,
    0.7024378832006031,
    -0.030796938290558643,
    -0.0034982346009521845
  ],
  "conf_int_upper": [
    0.42436361931955147,
    1.0708992331664766,
    0.058237656180713096,
    0.0024535122608440505
  ],
  "fitted_values": [
    3.8245772598746433,
    8.524675405389925,
    4.057438588637654,
    3.150243667708456,
    6.390696754645511,
    6.895170208507735,
    1.0525809502428214,
    2.3904603677421985,
    0.18065729510820144,
    6.795096387829249,
    6.869619730664035,
    5.408356312339306,
    8.791682220019862,
    8.156359794068281,
    5.95802124992985,
    8.873986187508125,
    2.3175650162231825,
    1.3112127419696353,
    2.736147972965092,
    0.7187112787756753,
    5.020392322807335,
    9.219361593760595,
    0.12379560420471723,
    1.300245363320778,
    4.1771939811289025,
    8.943385347936653,
    3.2007007647239183,
    5.41995376157687,
    0.844364908172039,
    1.1361718390934128,
    9.508668391482075,
    9.874575110758464,
    0.008388427279232946,
    9.389283201280122,
    6.4808330934989895,
    8.32021962334146,
    4.522688770877422,
    4.6960018989379195,
    4.649190665484805,
    6.689176851573957,
    1.050775331474117,
    0.610545719559638,
    3.064625727408788,
    7.137995241126141,
    2.129374696780135,
    7.0688073142444985,
    9.676868199717136,
    0.9521900254058742,
    6.687309048904704,
    4.543731021892811,
    8.62968374358949,
    1.847311680571106,
    6.640240649088673,
    8.112492712730196,
    8.961190875386718,
    7.28328685645023,
    4.541866661310749,
    5.896964609073125,
    8.405630168059178,
    5.900917324872735,
    0.41670276813485635,
    9.623706232741855,
    6.617794389288438,
    6.773502878891194,
    1.961450497152402,
    7.157901841939497,
    3.5535288602861446,
    6.529863856140728,
    1.3594190479012604,
    6.627168355025504,
    9.87973141501061,
    0.6206936318754301,
    9.725316807940946,
    3.982132827017229,
    8.932336677661254,
    8.419204269798591,
    5.4327923682168375,
    6.898404499625852,
    8.692699373797698,
    4.754498992581938,
    3.0223992351473337,
    7.092976865008236,
    8.514598716728031,
    7.383100645527329,
    8.078832440665252,
    4.783031238540616,
    7.994088146391221,
    1.2538859874349002,
    5.202820751630333,
    0.007073970347587499,
    3.043275261148213,
    3.2792802119687456,
    3.930625805080507,
    6.648261144926223,
    3.9148644258051837,
    3.9774575475572593,
    2.4954483303786454,
    3.940942534135893,
    1.745911025959328,
    0.9830636065838517
  ],
  "residuals": [
    -0.4545454955617805,
    -0.23584174656383006,
    0.2514366479804053,
    -0.6631009418321572,
    -0.2192468886052099,
    0.17260196034672326,
    0.6178381287666772,
    -0.7142682048590219,
    0.18605697422722828,
    0.568923762827156,
    -0.23157445444598412,
    -0.6620475548411671,
    -0.3499777303278897,
    -0.09965826456774884,
    -0.10447760596232847,
    -0.19127338237553815,
    -0.2591529158554997,
    -0.19201654799235657,
    -0.038651857795195976,
    -0.1478427178825268,
    0.29130295720298527,
    0.1466953291890185,
    0.26963980248037916,
    -0.07914622322051001,
    0.3447963017054505,
    0.3953648273423962,
    -0.03913971495641322,
    -0.3476056746929457,
    -0.4286363176681181,
    0.3472601705274758,
    0.3576328381063938,
    -0.2233881463980083,
    0.041011382064863156,
    0.1288346529522677,
    -0.0896337153439859,
    0.3589633218587611,
    0.024709785461168643,
    0.45995838685458335,
    0.2392751370843973,
    -0.020534276112913474,
    0.345737216089012,
    -0.31080982083285846,
    0.01467368850312134,
    -0.09118761375967299,
    -0.1108401755506514,
    -0.33448298099532536,
    0.022252261355568237,
    -0.013182867511690177,
    0.0387121333465581,
    -0.10622882884710005,
    0.05173880018556254,
    -0.07581378609724698,
    0.2860188731729725,
    0.2686601837509066,
    0.4849513193535149,
    -0.45080657355377163,
    0.42988097877352427,
    0.2815077929390135,
    0.2834196767280037,
    -0.19481985848443806,
    -0.11283217116648775,
    -0.3142192776720769,
    0.2774731210271737,
    -0.008369021118729059,
    0.19530102682477013,
    -0.5690471396129242,
    0.3851151962554402,
    -0.01753408572580728,
    -0.29348874482135323,
    -0.04871530899514376,
    0.11440584269605303,
    -0.13857324326986986,
    0.046425034272226995,
    0.08694678021147695,
    -0.22480217428866212,
    -0.5953494292158563,
    0.23737024164984,
    0.4860875928874133,
    0.09245623921578172,
    -0.7130957760716088,
    0.24793238048505328,
    -0.4170430093723887,
    -0.4361392973154459,
    0.23975070223882877,
    -0.10069595207890725,
    -0.4271980904112862,
    0.1842540153589951,
    -0.05179543372881579,
    0.24207022797816258,
    0.0505126346336282,
    0.20258303785448994,
    0.38533513674523334,
    0.03110111101204671,
    0.3064109219723994,
    -0.029283413101726552,
    0.5094786786680476,
    -0.12000702163537058,
    -0.20842461784249222,
    0.5267852466721865,
    -0.25110436889941534
  ]
}