{
  "test": "lasso",
  "method": "sklearn",
  "alpha": 1,
  "n": 100,
  "p": 3,
  "lambda_sequence": [
    0.001791139774089907,
    0.0029084111018029346,
    0.004722610295105849,
    0.007668464745446058,
    0.012451874678944066,
    0.020219064462962417,
    0.032831246563115694,
    0.053310614487756904,
    0.08656453575707689,
    0.1405614796010119,
    0.2282404610020731,
    0.3706115515168769,
    0.6017904166277473,
    0.9771732803868258,
    1.5867112428488666,
    2.5764648079472168,
    4.183603624483028,
    6.793238251421168,
    11.030702256424759,
    17.91139774089907
  ],
  "coefficients": [
    [
      -0.46538843576186295,
      0.7495002929697177,
      -0.2496095909399367,
      0.4978981229614747
    ],
    [
      -0.4499597497463217,
      0.7459310797801029,
      -0.24885950466979687,
      0.49642910860378875
    ],
    [
      -0.4249070082780211,
      0.7401354744255993,
      -0.24764153203195877,
      0.4940437572602437
    ],
    [
      -0.38422694942889457,
      0.7307247052614398,
      -0.24566381639366922,
      0.4901704792338032
    ],
    [
      -0.3181715702485981,
      0.7154437049839885,
      -0.24245244497210147,
      0.48388113535211397
    ],
    [
      -0.2109124576673107,
      0.6906307923139964,
      -0.23723789932606662,
      0.47366865349026455
    ],
    [
      -0.03674755790694473,
      0.6503401491956303,
      -0.22877063851970592,
      0.4570858576734327
    ],
    [
      0.24605732349920917,
      0.584917148506826,
      -0.21502169928728998,
      0.4301591030818185
    ],
    [
      0.7052693810595487,
      0.47868478330564873,
      -0.19269648738011466,
      0.3864360575707436
    ],
    [
      1.4509272373315696,
      0.30618714004894904,
      -0.15644532765722838,
      0.3154395934316137
    ],
    [
      2.661709339680626,
      0.026089420817316647,
      -0.09758152444278968,
      0.20015716185911878
    ],
    [
      3.214956749743424,
      -0.0,
      -0.05589398484173376,
      0.1258020105053422
    ],
    [
      4.125352950043216,
      -0.066532435316945,
      -0.0,
      0.021552605591395716
    ],
    [
      4.714821239320868,
      -0.0,
      0.0,
      0.004200241674442005
    ],
    [
      4.8620618511478355,
      0.0,
      0.0,
      0.0
    ],
    [
      4.8620618511478355,
      0.0,
      0.0,
      0.0
    ],
    [
      4.8620618511478355,
      0.0,
      0.0,
      0.0
    ],
    [
      4.8620618511478355,
      0.0,
      0.0,
      0.0
    ],
    [
      4.8620618511478355,
      0.0,
      0.0,
      0.0
    ],
    [
      4.8620618511478355,
      0.0,
      0.0,
      0.0
    ]
  ],
  "nonzero_counts": [
    3,
    3,
    3,
    3,
    3,
    3,
    3,
    3,
    3,
    3,
    3,
    2,
    2,
    1,
    0,
    0,
    0,
    0,
    0,
    0
  ],
  "degrees_of_freedom": [
    3.0,
    3.0,
    3.0,
    3.0,
    3.0,
    3.0,
    3.0,
    3.0,
    3.0,
    3.0,
    3.0,
    2.0,
    2.0,
    1.0,
    0.0,
    0.0,
    0.0,
    0.0,
    0.0,
    0.0
  ],
  "test_lambdas": [
    0.001791139774089907,
    0.2282404610020731,
    17.91139774089907
  ],
  "test_predictions": [
    [
      4.276180304364653,
      2.053924224206517,
      1.0225231306585343,
      3.447269138749501,
      9.471829174870809
    ],
    [
      3.85482217310401,
      3.8765880885272406,
      3.0521830500130838,
      4.287272723216786,
      7.507952272310895
    ],
    [
      4.8620618511478355,
      4.8620618511478355,
      4.8620618511478355,
      4.8620618511478355,
      4.8620618511478355
    ]
  ],
  "fitted_values": [
    4.8620618511478355,
    4.8620618511478355,
    4.8620618511478355,
    4.8620618511478355,
    4.8620618511478355,
    4.8620618511478355,
    4.8620618511478355,
    4.8620618511478355,
    4.8620618511478355,
    4.8620618511478355,
    4.8620618511478355,
    4.8620618511478355,
    4.8620618511478355,
    4.8620618511478355,
    4.8620618511478355,
    4.8620618511478355,
    4.8620618511478355,
    4.8620618511478355,
    4.8620618511478355,
    4.8620618511478355,
    4.8620618511478355,
    4.8620618511478355,
    4.8620618511478355,
    4.8620618511478355,
    4.8620618511478355,
    4.8620618511478355,
    4.8620618511478355,
    4.8620618511478355,
    4.8620618511478355,
    4.8620618511478355,
    4.8620618511478355,
    4.8620618511478355,
    4.8620618511478355,
    4.8620618511478355,
    4.8620618511478355,
    4.8620618511478355,
    4.8620618511478355,
    4.8620618511478355,
    4.8620618511478355,
    4.8620618511478355,
    4.8620618511478355,
    4.8620618511478355,
    4.8620618511478355,
    4.8620618511478355,
    4.8620618511478355,
    4.8620618511478355,
    4.8620618511478355,
    4.8620618511478355,
    4.8620618511478355,
    4.8620618511478355,
    4.8620618511478355,
    4.8620618511478355,
    4.8620618511478355,
    4.8620618511478355,
    4.8620618511478355,
    4.8620618511478355,
    4.8620618511478355,
    4.8620618511478355,
    4.8620618511478355,
    4.8620618511478355,
    4.8620618511478355,
    4.8620618511478355,
    4.8620618511478355,
    4.8620618511478355,
    4.8620618511478355,
    4.8620618511478355,
    4.8620618511478355,
    4.8620618511478355,
    4.8620618511478355,
    4.8620618511478355,
    4.8620618511478355,
    4.8620618511478355,
    4.8620618511478355,
    4.8620618511478355,
    4.8620618511478355,
    4.8620618511478355,
    4.8620618511478355,
    4.8620618511478355,
    4.8620618511478355,
    4.8620618511478355,
    4.8620618511478355,
    4.8620618511478355,
    4.8620618511478355,
    4.8620618511478355,
    4.8620618511478355,
    4.8620618511478355,
    4.8620618511478355,
    4.8620618511478355,
    4.8620618511478355,
    4.8620618511478355,
    4.8620618511478355,
    4.8620618511478355,
    4.8620618511478355,
    4.8620618511478355,
    4.8620618511478355,
    4.8620618511478355,
    4.8620618511478355,
    4.8620618511478355,
    4.8620618511478355,
    4.8620618511478355
  ],