{
  "test": "polynomial",
  "method": "statsmodels",
  "dataset": "synthetic_nonnormal",
  "formula": "x ~ poly(y, 3, raw=True)",
  "degree": 3,
  "n": 100,
  "k": 3,
  "df_residual": 96,
  "df_model": 3,
  "variable_names": [
    "Intercept",
    "x^1",
    "x^2",
    "x^3"
  ],
  "coefficients": [
    -1.1900885817020215,
    0.632582275722936,
    0.0009897374463043694,
    3.137685941102022e-05
  ],
  "std_errors": [
    0.3276051722552077,
    0.13289005780341653,
    0.01562724188388834,
    0.0005501913140944407
  ],
  "t_stats": [
    -3.6326916742783615,
    4.760192644800495,
    0.06333410934944234,
    0.0570289981088912
  ],
  "p_values": [
    0.00045264457035810464,
    6.832796387119227e-06,
    0.9496321408571353,
    0.9546406271588606
  ],
  "r_squared": 0.9848978939437967,
  "adj_r_squared": 0.9844259531295403,
  "f_statistic": 2086.909765360562,
  "f_p_value": 3.069089299425452e-87,
  "mse": 0.13374304781114363,
  "rmse": 0.3657089659977502,
  "mae": 0.26654729885431677,
  "residual_std_error": 0.3657089659977502,
  "log_likelihood": -39.26100991750057,
  "aic": 86.52201983500115,
  "bic": 96.94270057895352,
  "conf_int_lower": [
    -1.840379709002221,
    0.3687975958258417,
    -0.030030092525580632,
    -0.0010607442674023689
  ],
  "conf_int_upper": [
    -0.5397974544018221,
    0.8963669556200303,
    0.032009567418189375,
    0.0011234979862244094
  ],
  "fitted_values": [
    -0.1090925639173772,
    0.29077448855019017,
    0.009659084747183577,
    0.5936336353362583,
    0.7163617834170892,
    0.46931950750939455,
    0.34208579622619206,
    0.5447287825831499,
    0.8401458376101079,
    1.9049366976907618,
    1.046859022617723,
    0.9202768943806245,
    1.243048907858018,
    1.2669120236257339,
    1.6009113201339138,
    1.248534125940201,
    1.7695019569145736,
    1.657173622276506,
    2.5672339793703842,
    1.736040944832309,
    2.021469813315975,
    2.664754444556543,
    1.9289049623345917,
    2.8870661774267194,
    2.465602948103628,
    2.209924477790185,
    2.4008319444779165,
    2.781792837376728,
    2.503605782183283,
    2.8619550751880904,
    2.814860115601353,
    3.090357302329627,
    2.8889613066444833,
    3.640197112955953,
    4.255731325144536,
    4.302543083713129,
    3.719173278967281,
    3.411714322135021,
    3.928728962333641,
    3.571984801158867,
    3.6700574068517327,
    3.889531367957542,
    4.080268108738683,
    4.442378762475645,
    4.4362569643649055,
    4.352068722503345,
    4.362675665356165,
    6.294595897155271,
    4.639395053116134,
    4.753962830666712,
    4.714881375378251,
    5.278779337168662,
    5.246467045680216,
    5.038013782607232,
    5.084108854780075,
    5.5336532719176335,
    5.608250242942477,
    5.462115850291151,
    6.460037360928627,
    5.61158928456381,
    5.845999192293241,
    6.718429125157109,
    6.0404524105844,
    6.29944598227972,
    6.2300909915872404,
    6.269054471462292,
    7.65260599115439,
    6.540559002471185,
    7.219569713917327,
    6.654729131397777,
    6.749070695856731,
    6.780940803729639,
    7.22680239855945,
    7.128498721317158,
    7.7501781168004005,
    7.3938900782538175,
    8.449146443333522,
    7.45139271965739,
    8.172445601864947,
    8.094964174608432,
    8.189477205011688,
    8.425272702857336,
    8.381457875388556,
    8.332292082156798,
    8.148362899096304,
    8.214834671649896,
    9.17451486851484,
    8.7374837410735,
    9.05840621370775,
    8.841580858272296,
    8.76316713852548,
    8.869992710535046,
    9.325431055746533,
    9.22521504597903,
    9.21289689109062,
    9.4730747819058,
    9.367264922553735,
    9.749904692285506,
    9.661482674822777,
    10.211328095650144
  ],
  "residuals": [
    0.1090925639173772,
    -0.18976438754008917,
    0.1923611172730184,
    -0.29060333230595536,
    -0.31232137937668525,
    0.03573099754111053,
    0.263974809834414,
    0.16234192448755713,
    -0.03206502952929979,
    -0.9958457885998526,
    -0.036758012516712846,
    0.19083421673048662,
    -0.03092769573680587,
    0.0462192895055793,
    -0.18676990599249987,
    0.26661738921131417,
    -0.15334034075295766,
    0.05999809489521102,
    -0.7490521611885663,
    0.18315097435961003,
    -0.0012677931139548626,
    -0.5435423233444219,
    0.2933172598876306,
    -0.5638338541943964,
    -0.04136052386120381,
    0.3153280474623399,
    0.22543068178470982,
    -0.05452011010400071,
    0.3246770460995454,
    0.06733785410483861,
    0.21544291470167742,
    0.04095582898350392,
    0.343361925678749,
    -0.3068637796226201,
    -0.8213878908011019,
    -0.7671895483595934,
    -0.0828096426036451,
    0.32565941523871667,
    -0.09034512394980299,
    0.36740913823507215,
    0.370346633552308,
    0.25188277345659893,
    0.16215613368555903,
    -0.09894441904130158,
    0.008187480079539178,
    0.19338582295119977,
    0.28378898110848105,
    -1.5471211496805237,
    0.20908979536871453,
    0.19553211882823796,
    0.3356236751267989,
    -0.1272641856535106,
    0.006058206845036551,
    0.31552157092812205,
    0.37043659976537935,
    0.021902283637921904,
    0.048315413623179815,
    0.2954599072846067,
    -0.6014515023427691,
    0.3480066750321491,
    0.21460686831281972,
    -0.5568129635409473,
    0.22217385204186169,
    0.06419038135664312,
    0.23455547305922408,
    0.29660209419427375,
    -0.985939324487723,
    0.22711776520558224,
    -0.35088284523045843,
    0.31496783829919295,
    0.3216363748503399,
    0.3907763679875327,
    0.04592487416782198,
    0.24523865242021614,
    -0.27543064205292556,
    0.18186749750375775,
    -0.7723787665658453,
    0.32638505812038776,
    -0.29365772307706806,
    -0.11516619481045254,
    -0.10866912420360642,
    -0.24345452103915477,
    -0.0986295925602736,
    0.05154630168158647,
    0.3364855857521807,
    0.3710239142086902,
    -0.4876461816461539,
    0.050395046805286725,
    -0.16951732481886062,
    0.14831813162669327,
    0.3277419523836098,
    0.32192648138414626,
    -0.032501762817240376,
    0.16872434796036373,
    0.282052603858876,
    0.12288481405379592,
    0.32970477441596024,
    0.04807510569429141,
    0.237507224167123,
    -0.21132809565014377
  ]
}