{
  "test": "ridge",
  "method": "sklearn",
  "alpha": 0,
  "n": 100,
  "p": 3,
  "lambda_sequence": [
    0.01791139774089907,
    0.029084111018029345,
    0.04722610295105849,
    0.07668464745446059,
    0.12451874678944065,
    0.20219064462962416,
    0.32831246563115696,
    0.533106144877569,
    0.8656453575707689,
    1.4056147960101188,
    2.282404610020731,
    3.706115515168769,
    6.017904166277473,
    9.77173280386826,
    15.867112428488666,
    25.764648079472167,
    41.836036244830275,
    67.93238251421168,
    110.30702256424765,
    179.1139774089907
  ],
  "coefficients": [
    [
      -0.4729171587437566,
      0.751483762823685,
      -0.24995684835775003,
      0.49858654947697467
    ],
    [
      -0.46224454625332534,
      0.7491649447727746,
      -0.24942633203007206,
      0.49755273244422094
    ],
    [
      -0.44501207375097884,
      0.7454211481792279,
      -0.24856971675650527,
      0.49588345514421583
    ],
    [
      -0.4172844978899324,
      0.7393979715612998,
      -0.24719134383610938,
      0.49319745681854443
    ],
    [
      -0.37291904726736114,
      0.7297624455375923,
      -0.24498574359262928,
      0.4888995219611699
    ],
    [
      -0.30256424052859643,
      0.7144872019314548,
      -0.24148774277233803,
      0.4820833086234435
    ],
    [
      -0.1925628469157612,
      0.6906163173582178,
      -0.23601762302754958,
      0.47142461169069505
    ],
    [
      -0.024322252267094946,
      0.6541384396234002,
      -0.22764909659183713,
      0.4551192681946128
    ],
    [
      0.2245068628174236,
      0.60026480579836,
      -0.21526631674166471,
      0.43099492732450545
    ],
    [
      0.5748441544077236,
      0.5245997507751375,
      -0.19781863419374507,
      0.39700878365018427
    ],
    [
      1.0353295137969036,
      0.4255725601637202,
      -0.174855093950821,
      0.3522911579203973
    ],
    [
      1.5887060745899593,
      0.30749684553870194,
      -0.1471959715187626,
      0.29845618178622474
    ],
    [
      2.1861071855840457,
      0.18190768646328406,
      -0.1172155079082589,
      0.24015266243515035
    ],
    [
      2.760377290442494,
      0.06471101670617793,
      -0.08819046201555798,
      0.18378848695863487
    ],
    [
      3.2535682105008727,
      -0.029834286376030385,
      -0.06296489351198033,
      0.13491203345311453
    ],
    [
      3.6380099105860593,
      -0.09387104347901618,
      -0.04296189980491431,
      0.09625592298351018
    ],
    [
      3.9180871585581727,
      -0.12675072270530438,
      -0.028172980672024724,
      0.0676778536920029
    ],
    [
      4.118426164730685,
      -0.13322398079098802,
      -0.017782717457224737,
      0.04736384914811645
    ],
    [
      4.2692352644791045,
      -0.12114672391023101,
      -0.010783353619073207,
      0.033094541324172055
    ],
    [
      4.394297307918464,
      -0.09925433026919622,
      -0.006276514937864732,
      0.02299519596254297
    ]
  ],
  "degrees_of_freedom": [
    2.996275246235235,
    2.993963886750876,
    2.9902303075421086,
    2.9842187871018346,
    2.97458942214881,
    2.959291537597979,
    2.9353019354093792,
    2.8984314295975846,
    2.8434542308735713,
    2.7649815245910747,
    2.6593896108134247,
    2.5272116036234697,
    2.3738875994509843,
    2.2067845637599937,
    2.0298111928962923,
    1.8403879395308553,
    1.6320086310517594,
    1.4009543736732089,
    1.152587995339935,
    0.9025414999906117
  ],
  "test_lambdas": [
    0.01791139774089907,
    2.282404610020731,
    179.1139774089907
  ],
  "test_predictions": [
    [
      4.277924071202175,
      2.0497423581840226,
      1.0177770286343932,
      3.445054708985065,
      9.475143954698133
    ],
    [
      4.144043354659855,
      2.948341719052548,
      2.0100912755048403,
      3.831997502886254,
      8.393767841906124
    ],
    [
      4.405563831323019,
      4.905109989627124,
      4.367623722386168,
      4.645974720856489,
      5.285379000442278
    ]
  ],
  "fitted_values": [
    4.405563831323019,
    4.905109989627124,
    4.367623722386168,
    4.645974720856489,
    5.285379000442278,
    4.283847709204263,
    5.39032427068334,
    5.746881022311151,
    4.6208827731343955,
    5.330971648139243,
    4.519241445092189,
    4.170721164661856,
    4.18511467408479,
    4.972807223813151,
    5.414278261263906,
    4.181094737109816,
    5.125054194907015,
    4.036466076439707,
    4.016264897117362,
    4.396750888345449,
    5.376328347291259,
    5.1188157297934636,
    4.3641756757423185,
    4.989947533065291,
    5.348235005941966,
    4.792675776774867,
    4.164842582401616,
    4.80660535807089,
    4.926356683846438,
    5.591571541470193,
    4.636408332186899,
    4.379637867129484,
    5.429572027769711,
    4.9297788388452854,
    4.4623227524616,
    4.69204699694597,
    4.827919626854085,
    4.696124893220342,
    4.736225465179993,
    5.003433560610162,
    4.392939865750683,
    4.010373841992999,
    4.201512108470799,
    4.318473376113428,
    4.7115883518346715,
    4.6559512130102085,
    4.768484467891105,
    4.408460798786953,
    5.00714353798646,
    4.253654912649897,
    4.125151755481024,
    5.043295493500292,
    5.327013618456193,
    5.827613104224493,
    4.799830617587409,
    5.78204705952268,
    4.99996117887416,
    4.7028438268496435,
    5.318581080448923,
    4.843855844384047,
    5.603887272618977,
    5.678372070007648,
    4.57583096848362,
    5.293929623204694,
    5.25000612137605,
    5.03464192823434,
    4.833063507398776,
    5.441100854104251,
    5.040665499264624,
    5.722862243457151,
    5.367403118596004,
    4.8911980641020545,
    4.70925619761123,
    5.065302179375697,
    4.543262874723677,
    4.267334120952112,
    4.649184658491696,
    4.956282824515739,
    4.515359269863826,
    4.846745543003115,
    4.931556680788339,
    5.796111827259925,
    5.871975309868966,
    4.221234775160058,
    4.622487735649632,
    4.509602287483499,
    4.849225970954844,
    5.384900742240648,
    5.515599964223458,
    5.5426055535848215,
    5.079351333524056,
    4.78368889265168,
    4.280129345437136,
    5.115433202230466,
    3.957845255358369,
    4.506487617783643,
    5.039887128152952,
    4.912986040479922,
    5.137021624113356,
    5.0902119880918875
  ],