{
  "test": "ridge",
  "method": "sklearn",
  "alpha": 0,
  "n": 100,
  "p": 3,
  "lambda_sequence": [
    0.038821286647033194,
    0.06303710224283025,
    0.10235818032776903,
    0.16620683228191585,
    0.269882788153616,
    0.43822939371123937,
    0.7115866959370871,
    1.1554579247787993,
    1.876205701367085,
    3.0465391758131357,
    4.946899448712549,
    8.032660255924949,
    13.043246877376657,
    21.179320882980143,
    34.3904886015971,
    55.84247544060824,
    90.67571267917712,
    147.23711305780765,
    239.0801993285682,
    388.2128664703319
  ],
  "coefficients": [
    [
      -0.036190226928503044,
      -0.5006895238840385,
      0.40630869229267735,
      0.037482419732204585
    ],
    [
      -0.04748404198210654,
      -0.5007725301332802,
      0.3766970532796892,
      0.04931160425775424
    ],
    [
      -0.05867567339352142,
      -0.5006876738296723,
      0.3468800806158231,
      0.061201161486377845
    ],
    [
      -0.06840223584259686,
      -0.5002909569654549,
      0.320049540445728,
      0.07185866151610218
    ],
    [
      -0.07569553101371973,
      -0.499388054956963,
      0.2982059573763051,
      0.08046057348589741
    ],
    [
      -0.08009340101839779,
      -0.4977006545727772,
      0.281759016940443,
      0.08680728992158773
    ],
    [
      -0.08139263433980926,
      -0.4948016263092522,
      0.2699705556452865,
      0.09113763210799485
    ],
    [
      -0.07926827788330382,
      -0.4900180913388384,
      0.2616170523729766,
      0.09385104743574021
    ],
    [
      -0.07289880135099924,
      -0.48230085674480494,
      0.255433531034627,
      0.09531127336951649
    ],
    [
      -0.06056808618631848,
      -0.47006599291476414,
      0.25027554075443564,
      0.09575538225636875
    ],
    [
      -0.039115749801672095,
      -0.45104951932097026,
      0.2451036476506139,
      0.09526706440590008
    ],
    [
      -0.0030659513376383174,
      -0.4223030352436447,
      0.23890025753145466,
      0.09377731374703306
    ],
    [
      0.056717175687809984,
      -0.3806069994443379,
      0.23060004961893116,
      0.09108078872108734
    ],
    [
      0.15475902573506595,
      -0.3236996590066835,
      0.2191054845524164,
      0.08687942504275716
    ],
    [
      0.31213718089970843,
      -0.2524690249656912,
      0.20345208373468227,
      0.08087554247020591
    ],
    [
      0.5543847047362735,
      -0.17315178420346866,
      0.18313343671917326,
      0.0729199465705948
    ],
    [
      0.9023030676172752,
      -0.09711148644630226,
      0.1584761550911457,
      0.06317414240093085
    ],
    [
      1.3557135950592052,
      -0.03644384398511084,
      0.13085845034391827,
      0.052206757817352366
    ],
    [
      1.880620680588394,
      0.0021764478894017118,
      0.10257474812907351,
      0.04094606978050295
    ],
    [
      2.415470067522518,
      0.02011255956382251,
      0.07624601188628484,
      0.030448112366622593
    ]
  ],
  "degrees_of_freedom": [
    2.624100862153898,
    2.5051667945842553,
    2.3852467514714015,
    2.2770309370018476,
    2.1883733099749527,
    2.120652806140716,
    2.070490369385741,
    2.0323152826891766,
    2.000015266153695,
    1.9674133574042487,
    1.928012647783573,
    1.8745369386097128,
    1.7988027008942666,
    1.6925487407438078,
    1.549734849068452,
    1.3699348707221823,
    1.160918902036491,
    0.938156188372752,
    0.7209882494589775,
    0.5272586360181303
  ],
  "test_lambdas": [
    0.038821286647033194,
    4.946899448712549,
    388.2128664703319
  ],
  "test_predictions": [
    [
      8.615472297365088,
      9.5005349882871,
      1.4858792373430814,
      9.248816809156345,
      4.93562677525378
    ],
    [
      8.436219419258311,
      9.40991494203783,
      1.5317876977435843,
      9.032187703546814,
      5.0102777760284685
    ],
    [
      5.420981329995376,
      6.192358653294118,
      3.0022451446262473,
      5.598601896895778,
      4.794861552036025
    ]
  ],
  "fitted_values": [
    5.420981329995376,
    6.192358653294118,
    3.0022451446262473,
    5.598601896895778,
    4.794861552036025,
    3.9999196674076223,
    4.555986862999944,
    5.683383149383667,
    4.0826782994175845,
    4.005416845083129,
    5.150506163602564,
    3.6806451199984602,
    3.1800160640679107,
    3.0792628284419266,
    3.5039841239083223,
    3.0529861324118612,
    3.1853431943246946,
    4.767733574193863,
    3.4395917741041915,
    3.719380904060391,
    5.285082219078717,
    4.420237384767549,
    4.7170632422780905,
    3.479467146585006,
    3.193659045306787,
    3.005873384289556,
    3.444275198843548,
    3.331783267872656,
    3.2605466040589026,
    2.8302271634643974,
    2.869037559137004,
    4.720455290646049,
    3.3269141845385235,
    4.277684180952315,
    4.197189764123085,
    5.131001367736559,
    3.2059228902661974,
    5.370463959163386,
    4.778551866054505,
    3.0513500299136296,
    5.389220462418754,
    6.034020704377303,
    3.343252032106106,
    4.147297543798016,
    5.005917363966526,
    5.333521265446748,
    3.8136920725540064,
    3.2360161832084704,
    3.5911558433113404,
    4.5607292076911765,
    4.821848486925233,
    4.306705643737732,
    4.004099686720829,
    5.426690551990756,
    2.7274925198465794,
    3.3394659408519853,
    4.800565673138278,
    5.8772912322207596,
    4.579040405647781,
    4.518162701097356,
    3.0849752250964237,
    4.563624415482368,
    4.398685493442706,
    3.880710074517176,
    3.6445988268251686,
    3.9124275489175497,
    2.8952416478214613,
    3.6889251979566318,
    3.7311214108946795,
    3.9003493824508992,
    2.9707728032746585,
    5.95205009973308,
    4.604823869024822,
    4.952555694965975,
    5.627299351975832,
    4.497518409517337,
    2.7901767836012543,
    4.881321137768752,
    4.758638646239616,
    5.033012507711524,
    3.895677732853925,
    3.5388179285058063,
    3.8564097976363825,
    3.9952132866140277,
    5.177140998587207,
    4.872797641455607,
    3.643258743494853,
    5.731833655643575,
    4.5025483308035925,
    3.8046942368896834,
    2.7958244142001445,
    3.4099628707854137,
    3.8474761513712954,
    3.709334039387076,
    3.292999864501668,
    4.032320684210047,
    3.0786816015889062,
    5.903917692095076,
    2.8053271058699045,
    4.3678465554228465
  ],