{
  "dataset": "synthetic_high_vif",
  "alpha": 0.05,
  "n": 100,
  "p": 3,
  "df_residuals": 96,
  "mse": 0.0397546094327978,
  "train": {
    "predicted": [
      3.5992543874953142,
      8.306871054486237,
      4.137397576321768,
      2.731399395441244,
      6.206330747258381,
      7.02055589942173,
      1.4373236028303613,
      1.9824886041911194,
      0.321665023937303,
      7.309504629468925,
      6.871921432867843,
      4.806975984781877,
      8.172527535485676,
      8.2152108330459,
      5.7024565600047605,
      8.694567141955533,
      2.0035211042624788,
      0.9273049713016016,
      2.812758515672348,
      0.7262721961752396,
      5.125147531506931,
      8.883962427390312,
      0.16635640422681408,
      1.3107181798314291,
      4.183546661513778,
      9.17216094615412,
      3.1970296398572824,
      5.313067445313479,
      0.5935908767336481,
      1.1924275606545889,
      9.859264074404255,
      9.669842929445423,
      -0.011882429963753272,
      9.28617963475973,
      6.363824042859661,
      8.378396484257186,
      4.533895451108014,
      5.2458669179950705,
      4.608428874027367,
      6.4373202839832055,
      1.4695069134039869,
      0.3730194577284712,
      2.994983879689332,
      7.233378563617812,
      1.9863929757986831,
      7.13694374480437,
      9.746497210779781,
      0.8614790137891687,
      7.031273974838547,
      4.41118110536068,
      8.741644161096078,
      1.8547709894592082,
      7.006486840221171,
      8.484020117020417,
      9.222523370050137,
      6.893795171421621,
      4.887921504472832,
      5.972882692045159,
      8.848894313727296,
      5.81440130056198,
      0.2679472798056294,
      9.4208321935238,
      6.58487196068226,
      6.62331994837477,
      2.2682057365738064,
      6.71441720544855,
      3.650381127222699,
      6.600736670183891,
      1.3605356508499757,
      6.705738682038166,
      10.049811720833256,
      0.40474859246106765,
      9.494972817053618,
      4.280536545487053,
      8.717052529867365,
      8.001394116287745,
      5.787662375389095,
      7.268630716045639,
      8.786757394357602,
      4.672806653084977,
      3.0958297607456764,
      6.978671759416445,
      8.23787702405823,
      7.557690305069952,
      8.225738348677789,
      4.623651817802442,
      8.164583512035211,
      1.3803472404459243,
      5.3098599465029235,
      -0.12949156031035658,
      3.0298164887458965,
      3.2392380135770735,
      4.2781176953444895,
      6.6681993624743905,
      3.8870962463214997,
      4.262352758716851,
      2.4878596341602144,
      3.9622574081826274,
      2.194614875221889,
      0.737327015914277
    ],
    "lower": [
      3.197856940118363,
      7.904963300192557,
      3.734000736221157,
      2.324832884675847,
      5.806637613974463,
      6.620797073632728,
      1.0298566248535044,
      1.5726851627048093,
      -0.08406882305677438,
      6.899308124460892,
      6.470504934892199,
      4.394460890608841,
      7.758623713530524,
      7.81518186351018,
      5.297657925906554,
      8.29289871473508,
      1.5984346721002785,
      0.521492329955779,
      2.413111705619982,
      0.32169373063924844,
      4.723451680939059,
      8.477840242312212,
      -0.23837194666138722,
      0.9068485899774941,
      3.780101506447645,
      8.765535484963873,
      2.7983482592438995,
      4.911964126202821,
      0.1902506967249285,
      0.7903704992769782,
      9.446452870506993,
      9.265535764240239,
      -0.41927012275515235,
      8.882511634913861,
      5.963353529457302,
      7.977489925403118,
      4.130685881156733,
      4.838812103358699,
      4.208865992480148,
      6.035930754866882,
      1.0569928814350027,
      -0.03521010288961657,
      2.5957770272922844,
      6.833199446315297,
      1.585526483353834,
      6.738033387360159,
      9.343503362404043,
      0.45960092758196675,
      6.626271726412611,
      4.012155867398333,
      8.335883497217033,
      1.4516629283349174,
      6.601680032357355,
      8.07603094906141,
      8.813886728802443,
      6.487707493381343,
      4.4868506660334635,
      5.572039199550646,
      8.439312129644128,
      5.414027432948122,
      -0.13730866752376597,
      9.016693282486147,
      6.181846942462579,
      6.2236361167967305,
      1.8627333197714933,
      6.308183996595136,
      3.2514149464677207,
      6.1978286337296185,
      0.9590198928920672,
      6.305376730227451,
      9.64088202539458,
      -0.0017888272977415465,
      9.088359749460341,
      3.8805865750863076,
      8.315009454809665,
      7.594889866213045,
      5.383751249368206,
      6.865973541802923,
      8.385068517954874,
      4.271292132138362,
      2.696642930894355,
      6.574605579955946,
      7.829702865357957,
      7.153936851877161,
      7.821087219958922,
      4.22428981726164,
      7.7597549130070345,
      0.978296960686377,
      4.910961972757665,
      -0.5334951780550712,
      2.6309029640313306,
      2.8367868710602075,
      3.8769986168859334,
      6.267601109534212,
      3.488498707326593,
      3.862255769882136,
      2.085693854767648,
      3.5594720634734114,
      1.7861988697048101,
      0.3342291007960658
    ],
    "upper": [
      4.000651834872266,
      8.708778808779917,
      4.540794416422379,
      3.1379659062066407,
      6.606023880542299,
      7.420314725210732,
      1.8447905808072182,
      2.3922920456774293,
      0.7273988709313803,
      7.719701134476959,
      7.273337930843487,
      5.2194910789549125,
      8.586431357440828,
      8.61523980258162,
      6.107255194102967,
      9.096235569175986,
      2.408607536424679,
      1.3331176126474242,
      3.2124053257247143,
      1.1308506617112308,
      5.526843382074803,
      9.290084612468412,
      0.5710847551150153,
      1.7145877696853642,
      4.586991816579911,
      9.578786407344367,
      3.5957110204706653,
      5.714170764424137,
      0.9969310567423677,
      1.5944846220321995,
      10.272075278301516,
      10.074150094650607,
      0.3955052628276458,
      9.689847634605599,
      6.76429455626202,
      8.779303043111254,
      4.9371050210592955,
      5.652921732631442,
      5.007991755574586,
      6.838709813099529,
      1.882020945372971,
      0.781249018346559,
      3.3941907320863796,
      7.633557680920327,
      2.387259468243532,
      7.535854102248581,
      10.149491059155519,
      1.2633570999963706,
      7.436276223264484,
      4.810206343323028,
      9.147404824975123,
      2.257879050583499,
      7.411293648084986,
      8.892009284979425,
      9.631160011297832,
      7.299882849461898,
      5.2889923429122,
      6.373726184539672,
      9.258476497810465,
      6.214775168175838,
      0.6732032271350248,
      9.824971104561454,
      6.98789697890194,
      7.02300377995281,
      2.6736781533761196,
      7.120650414301964,
      4.049347307977677,
      7.0036447066381635,
      1.7620514088078842,
      7.106100633848881,
      10.458741416271932,
      0.8112860122198768,
      9.901585884646895,
      4.680486515887799,
      9.119095604925064,
      8.407898366362446,
      6.191573501409984,
      7.671287890288355,
      9.18844627076033,
      5.074321174031591,
      3.4950165905969977,
      7.382737938876943,
      8.646051182758503,
      7.961443758262744,
      8.630389477396657,
      5.0230138183432445,
      8.569412111063388,
      1.7823975202054716,
      5.708757920248182,
      0.27451205743435797,
      3.4287300134604624,
      3.6416891560939395,
      4.679236773803045,
      7.068797615414569,
      4.285693785316407,
      4.662449747551566,
      2.890025413552781,
      4.365042752891843,
      2.6030308807389675,
      1.140424931032488
    ],