{
  "test": "polynomial",
  "method": "statsmodels",
  "dataset": "synthetic_heteroscedastic",
  "formula": "x ~ poly(y, 2, raw=True)",
  "degree": 2,
  "n": 100,
  "k": 2,
  "df_residual": 97,
  "df_model": 2,
  "variable_names": [
    "Intercept",
    "x^1",
    "x^2"
  ],
  "coefficients": [
    -1.8036029095398196,
    0.9681795365562634,
    -0.021183059401031195
  ],
  "std_errors": [
    0.45121273875296847,
    0.10024703368110542,
    0.004743129593964498
  ],
  "t_stats": [
    -3.99723401986499,
    9.657937008252306,
    -4.466051154913847
  ],
  "p_values": [
    0.00012500845128391458,
    7.347240696810019e-16,
    2.155173341161819e-05
  ],
  "r_squared": 0.8604579157403458,
  "adj_r_squared": 0.8575807593638581,
  "f_statistic": 299.0653976169166,
  "f_p_value": 3.297634109547411e-42,
  "mse": 1.223033644887455,
  "rmse": 1.1059085156049098,
  "mae": 0.8672829226453274,
  "residual_std_error": 1.1059085156049098,
  "log_likelihood": -150.43761126900102,
  "aic": 306.87522253800205,
  "bic": 314.6907330959663,
  "conf_int_lower": [
    -2.6991352939677067,
    0.7692169244802487,
    -0.03059685868044163
  ],
  "conf_int_upper": [
    -0.9080705251119324,
    1.1671421486322782,
    -0.01176926012162076
  ],
  "fitted_values": [
    0.45166685174703597,
    0.09519334881682498,
    0.056846222753242685,
    0.9727595350767216,
    0.1962954261332769,
    -0.0939216658051165,
    -0.08696942598051247,
    1.3191025405333001,
    0.2775963435086094,
    2.293983058504699,
    -0.09093320399978706,
    2.5683769847332227,
    1.730525078393297,
    1.6366405812879994,
    1.421639503699237,
    2.2432703640627896,
    2.0362556582098006,
    3.0237130323257593,
    2.3912664851198118,
    2.5382976673027478,
    2.2235222828707153,
    2.5960017229759997,
    3.0212844952868987,
    1.2744770151020424,
    1.7156206188290097,
    3.747740366427563,
    3.356188691929029,
    3.134147162002258,
    3.4322057033624804,
    3.8501693775062966,
    3.0883148612226803,
    2.9368468592240973,
    4.026843763028201,
    2.9044240954908926,
    4.444272204450481,
    2.237291512094425,
    5.247905040764585,
    4.817415481579698,
    4.698952923274274,
    5.517210160795839,
    6.238919048755219,
    5.748760911306585,
    2.583343223387287,
    3.3905011465368844,
    4.279954073471151,
    5.115639845687389,
    5.732668744276294,
    4.411282689109107,
    5.559866978825658,
    4.538755148416505,
    4.799739011170155,
    3.83447253512514,
    4.562414862728288,
    4.058260999642231,
    4.646954357954785,
    7.039478279356703,
    4.833845529619642,
    8.404109066558318,
    6.718734249924005,
    6.462359644181157,
    5.25329077930664,
    7.15539366391425,
    5.773279234144984,
    6.689797030191323,
    8.748327134784908,
    6.582245899276284,
    7.910370739693457,
    5.959656441069342,
    6.861362045954938,
    8.544052011272196,
    6.264435334348967,
    8.666499225737308,
    7.887956112914495,
    6.545871494261295,
    7.935026111135924,
    8.28182565581544,
    8.037358545277044,
    5.320943973179879,
    6.641295914281842,
    7.307205224921715,
    7.562660232775441,
    8.295094375816559,
    7.93777181803705,
    6.052698953321779,
    8.23078302307055,
    8.471989780912633,
    8.475148850219371,
    8.87090037000182,
    8.754975803751272,
    8.521802671536744,
    8.085717576070277,
    5.962250494347429,
    8.618183608506465,
    8.47798361799709,
    8.570697016352879,
    6.800873335479252,
    7.143954654680186,
    9.123180910548523,
    8.46017923429066,
    9.00446203012947
  ],
  "residuals": [
    -0.45166685174703597,
    0.005816752193276015,
    0.1451739792669593,
    -0.6697292320464187,
    0.20774497790712707,
    0.5989721708556216,
    0.6930300320411186,
    -0.612031833462593,
    0.5304844645721987,
    -1.38489214941379,
    1.1010342141007972,
    -1.4572658736221116,
    -0.5184038662720849,
    -0.32350926815668624,
    -0.007498089557823162,
    -0.7281188489112744,
    -0.4200940420481847,
    -1.3065413151540421,
    -0.5730846669379939,
    -0.6191057481108286,
    -0.20332026266869496,
    -0.47478960176387863,
    -0.7990622730646764,
    1.0487553081302807,
    0.7086218054134146,
    -1.2224878411750377,
    -0.7299260656664028,
    -0.4068744347295308,
    -0.6039228750796521,
    -0.9208764482133676,
    -0.05801183091965001,
    0.19446627208903378,
    -0.7945205307049688,
    0.4289092378424404,
    -1.009928770107047,
    1.2980620232591105,
    -1.611541404400949,
    -1.0800417442059609,
    -0.8605690848904359,
    -1.5778162214019003,
    -2.198515008351178,
    -1.6073467698924437,
    1.6590810190369552,
    0.952933196897459,
    0.16449037097329366,
    -0.5701853002328443,
    -1.086204097811648,
    0.3361920583656408,
    -0.7113821303408097,
    0.4107398010784449,
    0.25076603933489494,
    1.3170426163900113,
    0.6901103897969643,
    1.2952743538931228,
    0.8075910965906692,
    -1.4839227238011476,
    0.8227201269460149,
    -2.6465333089825602,
    -0.8601483913381465,
    -0.5027636845851973,
    0.8073152812994202,
    -0.9937775022980881,
    0.4893470284812782,
    -0.32616066655495946,
    -2.283680670138444,
    -0.01658933361971826,
    -1.24370407302679,
    0.8080203266074255,
    0.007324822731930247,
    -1.5743550415752265,
    0.806271736358104,
    -1.4947820540201366,
    -0.615228840187223,
    0.8278658794760787,
    -0.46027863638844924,
    -0.7060680800578654,
    -0.3605908685093677,
    2.456833804597899,
    1.2374919645060372,
    0.6725927548762645,
    0.5181478480326405,
    -0.1132761939983773,
    0.34505646479123175,
    2.331139430516605,
    0.2540654617779339,
    0.11386880494595353,
    0.2117198366493156,
    -0.0830215821230329,
    0.13391308513761757,
    0.46809631836224597,
    1.0051915148388133,
    3.2296686975717632,
    0.6747456844228275,
    0.9159557759423045,
    0.9242524785966175,
    2.7950862604803435,
    2.553015042289509,
    0.6747988874312743,
    1.4388106646992398,
    0.9955379698705293
  ]
}