{
  "test": "polynomial",
  "method": "statsmodels",
  "dataset": "synthetic_autocorrelated",
  "formula": "x ~ poly(y, 2, raw=True)",
  "degree": 2,
  "n": 100,
  "k": 2,
  "df_residual": 97,
  "df_model": 2,
  "variable_names": [
    "Intercept",
    "x^1",
    "x^2"
  ],
  "coefficients": [
    -0.25620458890741027,
    0.3759486895529378,
    0.014636848136340967
  ],
  "std_errors": [
    0.15577167652163446,
    0.0381847035126079,
    0.0020672440976687275
  ],
  "t_stats": [
    -1.644744376053673,
    9.845531193631144,
    7.080367602861816
  ],
  "p_values": [
    0.10325961687616177,
    2.889991753742844e-16,
    2.27931911479061e-10
  ],
  "r_squared": 0.9818145761422087,
  "adj_r_squared": 0.9814396189492646,
  "f_statistic": 2618.471107149683,
  "f_p_value": 3.949901365359775e-85,
  "mse": 0.15938836905454234,
  "rmse": 0.3992347292690634,
  "mae": 0.32518236569204084,
  "residual_std_error": 0.3992347292690634,
  "log_likelihood": -48.55031883004487,
  "aic": 103.10063766008975,
  "bic": 110.91614821805402,
  "conf_int_lower": [
    -0.5653682470241683,
    0.30016262314039527,
    0.010533940844547285
  ],
  "conf_int_upper": [
    0.05295906920934784,
    0.45173475596548035,
    0.01873975542813465
  ],
  "fitted_values": [
    0.45803618060258605,
    0.15491478072256443,
    0.2598418754700096,
    -0.047027495917234825,
    -0.07342361097293758,
    0.4029676400681467,
    0.7864079291961065,
    1.0054636336636922,
    0.8607218198503377,
    0.9912557781707529,
    1.1157564131686608,
    0.9549438650462275,
    1.4965220609260061,
    1.7607233137235694,
    1.6922162148521875,
    1.730131688915115,
    1.8263838353267463,
    1.3533266725653792,
    1.4900913443711221,
    1.5017716983360965,
    1.4535720180919813,
    1.6209491985075923,
    2.3085848213240356,
    2.5222998770177827,
    2.365597314507641,
    2.594495767298784,
    3.019497583094589,
    3.2136385779482723,
    3.1238524789059223,
    2.884478078242878,
    3.1308347341411973,
    3.2433876530940906,
    3.4996218846257916,
    3.6307568798948786,
    3.8788809381287397,
    3.5948711814049332,
    3.9929464909032175,
    3.9546290875317642,
    4.553819559776365,
    4.119691750983769,
    4.62268855917442,
    4.5087141476100925,
    4.187084593491018,
    4.0471226409940195,
    4.029451255396573,
    4.281020064019367,
    4.521252281954942,
    4.365431128619509,
    4.462749255035805,
    5.282862809609973,
    5.769293918603699,
    5.693152455216975,
    5.533190275567057,
    5.4817634897966965,
    5.648531956481759,
    5.231954180057183,
    5.235325857276594,
    4.794877184892449,
    5.210175392764138,
    5.6252371977722975,
    5.557439185163864,
    6.270327822958075,
    5.8059849151165235,
    5.4373517322505736,
    5.799219638528039,
    6.386797191703978,
    7.0828483627416965,
    6.805828632301754,
    7.2243169939140675,
    7.1300882282011955,
    7.0480927156967885,
    7.427112912662778,
    7.642110987632839,
    6.974026971607818,
    7.708877140741137,
    8.237110345978945,
    7.849901884956578,
    8.018437921723612,
    8.212565487233132,
    8.292359525770538,
    8.06110968969701,
    7.888743437427626,
    8.058984062898533,
    8.698781421600943,
    8.934780214127752,
    8.76215554418326,
    9.149465776538166,
    7.985044935060136,
    8.821387371559513,
    8.277135632416046,
    8.48950530757582,
    8.369901576266122,
    8.252908009155503,
    9.209491724547838,
    9.252014783602771,
    9.663396526881426,
    9.825803219752926,
    10.205666241231075,
    10.339628973575246,
    9.883986797174343
  ],
  "residuals": [
    -0.45803618060258605,
    -0.05390467971246343,
    -0.0578216734498076,
    0.3500577989475378,
    0.47746401501334157,
    0.10208286498235836,
    -0.1803473231355004,
    -0.2983929265929851,
    -0.05264101176952962,
    -0.08216486907984377,
    -0.10565540306765064,
    0.15616724606488364,
    -0.284400848804794,
    -0.44759200059225623,
    -0.2780748007107736,
    -0.2149801737635999,
    -0.2102222191651304,
    0.36384504460633793,
    0.3280904738106958,
    0.41742022085582264,
    0.566630002110039,
    0.5002629227045288,
    -0.08636259910181332,
    -0.1990675537854596,
    0.05864510973478332,
    -0.06924324204625876,
    -0.39323495683196263,
    -0.4863658506755453,
    -0.29556965062309404,
    0.04481485105005101,
    -0.10053170383816701,
    -0.11207452178095956,
    -0.26729865230255934,
    -0.29742354656154557,
    -0.44453750378530543,
    -0.059517646051397755,
    -0.3565828545395817,
    -0.21725535015802677,
    -0.7154357213925264,
    -0.18029781158982994,
    -0.5822845187703791,
    -0.3673000061959515,
    0.05533964893322452,
    0.2963117024403239,
    0.4149931890478715,
    0.26443448143517756,
    0.12521236450970452,
    0.3820436188552385,
    0.3857355934490432,
    -0.33336786011502273,
    -0.718788868098649,
    -0.5416373037018234,
    -0.28066502304180396,
    -0.12822813626134266,
    -0.19398650193630473,
    0.323601375498372,
    0.4212397992890624,
    0.9626985726833084,
    0.64841046582172,
    0.33435876182366187,
    0.5031668754421963,
    -0.10871166134191323,
    0.4566413475097386,
    0.9262846313857898,
    0.6654268261184253,
    0.1788593739525881,
    -0.41618169607502953,
    -0.038151864624986764,
    -0.35563012522719895,
    -0.16039125850422575,
    0.022614355010282416,
    -0.25539574094560713,
    -0.36938371490556765,
    0.3997104021295561,
    -0.23412966599366225,
    -0.6613527702213693,
    -0.1731342081889018,
    -0.24066014394583402,
    -0.33377760844525284,
    -0.31256154597255836,
    0.019698391111070634,
    0.29307474439055525,
    0.2238442199297488,
    -0.31494303776255883,
    -0.4499317292792675,
    -0.17629695832467362,
    -0.46259708966947954,
    0.8028338528186509,
    0.06750151732937582,
    0.7127633574829435,
    0.6014037833332697,
    0.8220176156530705,
    1.0400212837737897,
    0.184447669391556,
    0.2429347113467255,
    -0.067436930921831,
    -0.12883352278323024,
    -0.40768644325127745,
    -0.4406390745853468,
    0.1160132028256573
  ]
}