{
  "test": "lasso",
  "method": "sklearn",
  "alpha": 1,
  "n": 100,
  "p": 3,
  "lambda_sequence": [
    0.0030931220212804447,
    0.005022539589627591,
    0.008155482957291755,
    0.013242683522900391,
    0.021503161468923403,
    0.03491633341225702,
    0.05669633001258095,
    0.09206218187179631,
    0.1494884294823844,
    0.24273583457134942,
    0.3941488019445188,
    0.640009656376612,
    1.0392327928805094,
    1.6874820356815017,
    2.7400940773384552,
    4.449301025970966,
    7.224671511620169,
    11.731253548848251,
    19.048936634144933,
    30.931220212804448
  ],
  "coefficients": [
    [
      -0.22175552398833354,
      0.0,
      -0.13863665449836804,
      0.2815709887029055
    ],
    [
      -0.22145014225339477,
      0.0,
      -0.13709142057257484,
      0.2813579703954351
    ],
    [
      -0.22095427163173476,
      0.0,
      -0.13458230515222466,
      0.281012076212841
    ],
    [
      -0.2201490881268242,
      0.0,
      -0.1305080620435166,
      0.28045042128774644
    ],
    [
      -0.20876676648801062,
      0.033646158342380106,
      -0.11885654915982967,
      0.26986825891679816
    ],
    [
      -0.18990703534088027,
      0.08953996299790398,
      -0.09974856273451427,
      0.25232307003225235
    ],
    [
      -0.159283019730454,
      0.18029910025362997,
      -0.06872144712175751,
      0.22383357819132232
    ],
    [
      -0.10955643742320831,
      0.32767173745273565,
      -0.018340329227333318,
      0.1775729864216091
    ],
    [
      -0.01036594588245432,
      0.37390274421274955,
      -0.0,
      0.1586103318300219
    ],
    [
      0.15935245489467764,
      0.3583782691198335,
      -0.0,
      0.15416829033697024
    ],
    [
      0.4349372462888974,
      0.33316998757585026,
      -0.0,
      0.1469554066860394
    ],
    [
      0.8824254202290058,
      0.2922373663698092,
      -0.0,
      0.13524329399118362
    ],
    [
      1.609046308134995,
      0.22577192818141778,
      -0.0,
      0.11622543783051935
    ],
    [
      2.788916404125392,
      0.11784689569112133,
      0.0,
      0.08534468536759617
    ],
    [
      4.740899964388772,
      0.0,
      0.0,
      0.018869427669636056
    ],
    [
      5.1232044600102515,
      0.0,
      0.0,
      0.0
    ],
    [
      5.1232044600102515,
      0.0,
      0.0,
      0.0
    ],
    [
      5.1232044600102515,
      0.0,
      0.0,
      0.0
    ],
    [
      5.1232044600102515,
      0.0,
      0.0,
      0.0
    ],
    [
      5.1232044600102515,
      0.0,
      0.0,
      0.0
    ]
  ],
  "nonzero_counts": [
    2,
    2,
    2,
    2,
    3,
    3,
    3,
    3,
    2,
    2,
    2,
    2,
    2,
    2,
    1,
    0,
    0,
    0,
    0,
    0
  ],
  "degrees_of_freedom": [
    2.0,
    2.0,
    2.0,
    2.0,
    3.0,
    3.0,
    3.0,
    3.0,
    2.0,
    2.0,
    2.0,
    2.0,
    2.0,
    2.0,
    1.0,
    0.0,
    0.0,
    0.0,
    0.0,
    0.0
  ],
  "test_lambdas": [
    0.0030931220212804447,
    0.3941488019445188,
    30.931220212804448
  ],
  "test_predictions": [
    [
      3.613539364959744,
      8.31613539898246,
      4.143334983007495,
      2.760817639324501,
      6.217509582874453
    ],
    [
      3.8440136795729254,
      7.995699361650142,
      4.439599674246182,
      3.2847946838074273,
      6.151735670995647
    ],
    [
      5.1232044600102515,
      5.1232044600102515,
      5.1232044600102515,
      5.1232044600102515,
      5.1232044600102515
    ]
  ],
  "fitted_values": [
    5.1232044600102515,
    5.1232044600102515,
    5.1232044600102515,
    5.1232044600102515,
    5.1232044600102515,
    5.1232044600102515,
    5.1232044600102515,
    5.1232044600102515,
    5.1232044600102515,
    5.1232044600102515,
    5.1232044600102515,
    5.1232044600102515,
    5.1232044600102515,
    5.1232044600102515,
    5.1232044600102515,
    5.1232044600102515,
    5.1232044600102515,
    5.1232044600102515,
    5.1232044600102515,
    5.1232044600102515,
    5.1232044600102515,
    5.1232044600102515,
    5.1232044600102515,
    5.1232044600102515,
    5.1232044600102515,
    5.1232044600102515,
    5.1232044600102515,
    5.1232044600102515,
    5.1232044600102515,
    5.1232044600102515,
    5.1232044600102515,
    5.1232044600102515,
    5.1232044600102515,
    5.1232044600102515,
    5.1232044600102515,
    5.1232044600102515,
    5.1232044600102515,
    5.1232044600102515,
    5.1232044600102515,
    5.1232044600102515,
    5.1232044600102515,
    5.1232044600102515,
    5.1232044600102515,
    5.1232044600102515,
    5.1232044600102515,
    5.1232044600102515,
    5.1232044600102515,
    5.1232044600102515,
    5.1232044600102515,
    5.1232044600102515,
    5.1232044600102515,
    5.1232044600102515,
    5.1232044600102515,
    5.1232044600102515,
    5.1232044600102515,
    5.1232044600102515,
    5.1232044600102515,
    5.1232044600102515,
    5.1232044600102515,
    5.1232044600102515,
    5.1232044600102515,
    5.1232044600102515,
    5.1232044600102515,
    5.1232044600102515,
    5.1232044600102515,
    5.1232044600102515,
    5.1232044600102515,
    5.1232044600102515,
    5.1232044600102515,
    5.1232044600102515,
    5.1232044600102515,
    5.1232044600102515,
    5.1232044600102515,
    5.1232044600102515,
    5.1232044600102515,
    5.1232044600102515,
    5.1232044600102515,
    5.1232044600102515,
    5.1232044600102515,
    5.1232044600102515,
    5.1232044600102515,
    5.1232044600102515,
    5.1232044600102515,
    5.1232044600102515,
    5.1232044600102515,
    5.1232044600102515,
    5.1232044600102515,
    5.1232044600102515,
    5.1232044600102515,
    5.1232044600102515,
    5.1232044600102515,
    5.1232044600102515,
    5.1232044600102515,
    5.1232044600102515,
    5.1232044600102515,
    5.1232044600102515,
    5.1232044600102515,
    5.1232044600102515,
    5.1232044600102515,
    5.1232044600102515
  ],