{
  "dataset": "synthetic_interaction",
  "alpha": 0.05,
  "n": 100,
  "p": 2,
  "df_residuals": 97,
  "mse": 0.7120941247658426,
  "train": {
    "predicted": [
      2.5869397043819347,
      6.895173745886006,
      10.381904504739538,
      5.341128919601022,
      10.551118896683562,
      1.3138855357153003,
      3.7284198932584287,
      2.4513966128735145,
      6.980993997300235,
      7.3577084859877475,
      1.7332898704085782,
      6.157437212643019,
      3.3698003547767152,
      5.087500233177737,
      4.48936412780686,
      9.056953855633214,
      6.119370041374146,
      2.8814949636805505,
      3.081210565196216,
      1.1359532034234032,
      3.3341484450212246,
      1.8425356789747047,
      9.047532922411225,
      5.132720819867743,
      5.153861526004915,
      2.127849829407989,
      7.681045795932718,
      7.506946042743405,
      1.3965597523777658,
      6.340583571492953,
      5.304858944005123,
      0.051124258208180784,
      4.6700152681314595,
      4.911639337356608,
      1.334316604741912,
      10.10334485202792,
      6.369892967899461,
      5.855283756656459,
      4.560570093167164,
      4.41240503281038,
      6.056823750613871,
      5.352832594980931,
      0.4649029796484818,
      4.96571090654053,
      7.219560772780582,
      4.2921333218517255,
      1.101414041914723,
      8.566115134998835,
      1.7403611812299005,
      3.557254334799486,
      1.363499397026926,
      3.612667526218578,
      7.455665155030056,
      4.790539136265275,
      3.1980149912006506,
      9.258984696615247,
      7.202000114062049,
      9.25740133635909,
      2.9910940410263542,
      4.319719319878612,
      9.871936370159146,
      7.257835649189502,
      1.7587834450706736,
      2.095091206529514,
      4.69895772978334,
      7.594622903285345,
      5.295480795578891,
      4.83131663659861,
      -0.058720007522910844,
      6.567047752381124,
      8.445300461201487,
      3.7169938095332835,
      6.591361408043235,
      10.863519652302784,
      1.781176963567198,
      4.986080022478458,
      3.6461384606636775,
      7.051764436522367,
      5.328456495615967,
      6.502032960298151,
      7.600976466823115,
      3.90527808461891,
      10.423626838064358,
      4.9541027667083775,
      2.1457377942575944,
      5.8264677255372135,
      8.14138074165517,
      2.4893721367780284,
      7.0896366932260815,
      9.54897847599021,
      3.2834243867782016,
      10.916446605160072,
      0.7548163373370622,
      1.3717840691887693,
      3.575632008369206,
      9.983329003185752,
      6.448786125897896,
      2.495732806192349,
      4.175527003218625,
      5.489534288069093
    ],
    "lower": [
      0.8802686086856801,
      5.198758066835252,
      8.667238342458882,
      3.657764415901262,
      8.827165026225853,
      -0.38512817544038347,
      2.017950701456966,
      0.7561799845249106,
      5.293858337621347,
      5.649638473374431,
      0.01775767106314574,
      4.47117417254499,
      1.671369234355763,
      3.37476778898752,
      2.8055638254536337,
      7.356040573016168,
      4.43242782325886,
      1.1746935221949006,
      1.3755786979497648,
      -0.5737754884062092,
      1.6373710689707384,
      0.13013960582249995,
      7.344198927783108,
      3.449543615103572,
      3.4674215116771956,
      0.43250837215112203,
      5.9891086967943234,
      5.81216456106053,
      -0.3017427137222355,
      4.651112933718517,
      3.6214171567186155,
      -1.6784329377833118,
      2.9826707282821694,
      3.214537646241804,
      -0.3722843871398409,
      8.390748651723605,
      4.661533432828792,
      4.160800926718929,
      2.861320852145642,
      2.725476952907804,
      4.371443099843793,
      3.664952891068701,
      -1.2474457795544005,
      3.2816497758877863,
      5.525676629981364,
      2.5966620549523514,
      -0.5994536235287433,
      6.856502697100741,
      0.04116122687319601,
      1.856418211353206,
      -0.34088985328972643,
      1.9236775312704835,
      5.765773739874691,
      3.084462728534997,
      1.5000768520104606,
      7.552474067016852,
      5.500150035596407,
      7.551738679440279,
      1.2983907305119615,
      2.6340752743908395,
      8.164529441066911,
      5.569179194479536,
      0.06091082340426213,
      0.39520807456513407,
      2.9893092245252255,
      5.895608219056006,
      3.6108993639477895,
      3.129882707711455,
      -1.7937252115637636,
      4.877578256217513,
      6.747222047023076,
      2.028722409924293,
      4.895315820889413,
      9.139675123016438,
      0.08074203635925281,
      3.3027967805580727,
      1.9441622056787768,
      5.362599569258677,
      3.644526144751283,
      4.807458500639866,
      5.910979461327257,
      2.2187275627190317,
      8.700286337797952,
      3.2516299273842404,
      0.45270850635475157,
      4.114473676416667,
      6.446686828734669,
      0.7770708408081364,
      5.392268389741801,
      7.840040921809139,
      1.592231924831961,
      9.191848083407551,
      -0.9604307997758752,
      -0.34074096192638703,
      1.8648974203156148,
      8.26491183127343,
      4.761058943329301,
      0.8019916874115927,
      2.480465954317486,
      3.7986499920792545
    ],
    "upper": [
      4.29361080007819,
      8.59158942493676,
      12.096570667020194,
      7.0244934233007825,
      12.275072767141271,
      3.012899246870984,
      5.438889085059891,
      4.146613241222118,
      8.668129656979122,
      9.065778498601064,
      3.4488220697540104,
      7.843700252741047,
      5.068231475197668,
      6.800232677367954,
      6.173164430160087,
      10.75786713825026,
      7.806312259489432,
      4.588296405166201,
      4.7868424324426675,
      2.8456818952530156,
      5.030925821071711,
      3.5549317521269095,
      10.750866917039342,
      6.815898024631915,
      6.840301540332635,
      3.823191286664856,
      9.372982895071113,
      9.20172752442628,
      3.094862218477767,
      8.030054209267389,
      6.9883007312916305,
      1.7806814541996734,
      6.35735980798075,
      6.608741028471411,
      3.0409175966236646,
      11.815941052332235,
      8.07825250297013,
      7.549766586593989,
      6.259819334188686,
      6.099333112712956,
      7.742204401383949,
      7.04071229889316,
      2.177251738851364,
      6.649772037193275,
      8.9134449155798,
      5.9876045887511,
      2.802281707358189,
      10.27572757289693,
      3.439561135586605,
      5.258090458245766,
      3.0678886473435787,
      5.301657521166673,
      9.145556570185422,
      6.496615543995554,
      4.895953130390841,
      10.965495326213643,
      8.90385019252769,
      10.963063993277899,
      4.683797351540747,
      6.005363365366383,
      11.57934329925138,
      8.94649210389947,
      3.456656066737085,
      3.794974338493894,
      6.408606235041454,
      9.293637587514684,
      6.980062227209993,
      6.532750565485766,
      1.676285196517942,
      8.256517248544736,
      10.143378875379899,
      5.405265209142274,
      8.287406995197056,
      12.58736418158913,
      3.481611890775143,
      6.669363264398843,
      5.348114715648578,
      8.740929303786057,
      7.012386846480651,
      8.196607419956436,
      9.290973472318973,
      5.5918286065187885,
      12.146967338330764,
      6.656575606032515,
      3.8387670821604374,
      7.53846177465776,
      9.836074654575668,
      4.201673432747921,
      8.787004996710362,
      11.257916030171282,
      4.974616848724442,
      12.641045126912593,
      2.47006347445,
      3.0843091003039254,
      5.286366596422797,
      11.701746175098073,
      8.13651330846649,
      4.189473924973106,
      5.870588052119764,
      7.180418584058931
    ],