{
  "test": "polynomial",
  "method": "statsmodels",
  "dataset": "synthetic_high_vif",
  "formula": "x1 ~ poly(x2, 2, raw=True)",
  "degree": 2,
  "n": 100,
  "k": 2,
  "df_residual": 97,
  "df_model": 2,
  "variable_names": [
    "Intercept",
    "x^1",
    "x^2"
  ],
  "coefficients": [
    0.20620263973218805,
    0.9159384598224288,
    0.006025154516824567
  ],
  "std_errors": [
    0.08409994569180856,
    0.03928189046903752,
    0.00388147403821884
  ],
  "t_stats": [
    2.4518760153286574,
    23.31706669118644,
    1.5522851518515979
  ],
  "p_values": [
    0.015999548362713174,
    1.5081781977138728e-41,
    0.12385075343979535
  ],
  "r_squared": 0.9890987494402299,
  "adj_r_squared": 0.9888739813874512,
  "f_statistic": 4400.530845964072,
  "f_p_value": 6.570548225950138e-96,
  "mse": 0.09794746004792586,
  "rmse": 0.3129655892393377,
  "mae": 0.2509367411100523,
  "residual_std_error": 0.3129655892393377,
  "log_likelihood": -24.20468964441838,
  "aic": 54.40937928883676,
  "bic": 62.224889846801034,
  "conf_int_lower": [
    0.0392875275751387,
    0.8379747810180683,
    -0.0016784970027396958
  ],
  "conf_int_upper": [
    0.3731177518892374,
    0.9939021386267893,
    0.013728806036388829
  ],
  "fitted_values": [
    3.8340348545795413,
    8.520512116776105,
    4.065179124153416,
    3.1634743435412243,
    6.380546984084727,
    6.883323865311636,
    1.0545194874186383,
    2.4046568272918356,
    0.1602766411906826,
    6.783468490424589,
    6.8578231459853125,
    5.404749522945489,
    8.791307580393585,
    8.148289370342466,
    5.950339109383167,
    8.87495211068063,
    2.3316097400273783,
    1.3173113750897383,
    2.7504395902418204,
    0.7137201657401886,
    5.020037861451472,
    9.226894122255446,
    0.10145090765648057,
    1.3061875325804162,
    4.183994669149383,
    8.94554719214146,
    3.213727450061572,
    5.416253233853826,
    0.842199652680562,
    1.139564561866213,
    9.52294130865646,
    9.899121381025108,
    -0.018156888657139856,
    9.40063206051726,
    6.4702770882992615,
    8.313706715954998,
    4.5266265985308305,
    4.6984514088509055,
    4.652044041486317,
    6.6778471038659895,
    1.0526812651300945,
    0.6029004081816285,
    3.0781679281728898,
    7.125893030027416,
    2.1427940232594302,
    7.056736802221706,
    9.695612741091098,
    0.9522376093643977,
    6.675985155544925,
    4.547489353087502,
    8.62691041223088,
    1.8591085567902164,
    6.629070932788546,
    8.104052563586075,
    8.963669359171423,
    7.271231011354523,
    4.545640912520063,
    5.889690736407943,
    8.400042656319611,
    5.893616628265317,
    0.40376219301159183,
    9.640992170506332,
    6.606702645615784,
    6.761930288594244,
    1.9740081448253022,
    7.145796826691285,
    3.5647509207732924,
    6.51910445894222,
    1.3661852431278116,
    6.616043702969843,
    9.904437102300625,
    0.6133062749378448,
    9.745427669781197,
    3.990445962654709,
    8.934304064028852,
    8.413771176047625,
    5.42898837432093,
    6.886552156652733,
    8.690821881751983,
    4.75644265128019,
    3.0360784116164723,
    7.080891439850368,
    8.510308700280635,
    7.371169162419447,
    8.07012180001133,
    4.784727878667042,
    7.984746465360655,
    1.2591477459235136,
    5.200913093925766,
    -0.01952087528642949,
    3.05688812664596,
    3.2919604929133284,
    3.939321459171934,
    6.637064259205427,
    3.9236755623873947,
    3.9858057204201884,
    2.5097795232591955,
    3.9495621934018463,
    1.756906575822378,
    0.9837098228694952
  ],
  "residuals": [
    -0.4640030902666785,
    -0.23167845795001085,
    0.24369611246464284,
    -0.6763316176649252,
    -0.20909711804442654,
    0.1844483035428217,
    0.6158995915908603,
    -0.728464664408659,
    0.20643762814474712,
    0.5805516602318157,
    -0.21977786976726144,
    -0.6584407654473505,
    -0.34960309070161344,
    -0.0915878408419335,
    -0.09679546541564577,
    -0.1922393055480427,
    -0.27319763965969557,
    -0.19811518111245952,
    -0.05294347507192443,
    -0.14285160484704007,
    0.29165741855884786,
    0.13916280069416764,
    0.29198449902861584,
    -0.08508839248014821,
    0.3379956136849698,
    0.3932029831375896,
    -0.05216640029406694,
    -0.3439051469699024,
    -0.42647106217664105,
    0.3438674477546757,
    0.3433599209320093,
    -0.247934416664652,
    0.06755669800123595,
    0.11748579371512946,
    -0.0790777101442579,
    0.36547622924522294,
    0.02077195780776009,
    0.45750887694159736,
    0.2364217610828856,
    -0.00920452840494601,
    0.3438312824330345,
    -0.30316450945484896,
    0.0011314877390193878,
    -0.07908540266094732,
    -0.12425950202994684,
    -0.32241246897253273,
    0.003507719981605817,
    -0.013230451470213733,
    0.05003602670633711,
    -0.10998716004179077,
    0.05451213154417367,
    -0.08761066231635728,
    0.297188589473099,
    0.2771003328950279,
    0.48247283556881015,
    -0.4387507284580643,
    0.42610672756421053,
    0.28878166560419505,
    0.28900718846757023,
    -0.18751916187702022,
    -0.09989159604322323,
    -0.33150521543655387,
    0.28856486469982734,
    0.0032035691782210662,
    0.18274337915187,
    -0.5569421243647126,
    0.3738931357682924,
    -0.006774688527299233,
    -0.30025494004790443,
    -0.03759065693948216,
    0.08970015540603882,
    -0.13118588633228456,
    0.026314172431975535,
    0.0786336445739968,
    -0.22676956065626008,
    -0.5899163354648902,
    0.24117423554574735,
    0.49793993586053276,
    0.09433373126149647,
    -0.7150394347698601,
    0.23425320401591465,
    -0.40495758421452077,
    -0.4318492808680503,
    0.25168218534671105,
    -0.09198531142498556,
    -0.42889473053771265,
    0.19359569638956042,
    -0.05705719221742922,
    0.24397788568272993,
    0.07710748026764519,
    0.18897017235674252,
    0.3726548558006506,
    0.022405456920620015,
    0.31760780769319474,
    -0.03809454968393755,
    0.5011305058051185,
    -0.13433821451592065,
    -0.21704427710844554,
    0.5157896968091364,
    -0.2517505851850588
  ]
}