{
  "test": "polynomial",
  "method": "statsmodels",
  "dataset": "iris",
  "formula": "Sepal.Length ~ poly(Sepal.Width, 2, raw=True)",
  "degree": 2,
  "n": 229,
  "k": 2,
  "df_residual": 226,
  "df_model": 2,
  "variable_names": [
    "Intercept",
    "x^1",
    "x^2"
  ],
  "coefficients": [
    8.346825048857207,
    -1.3537945659275064,
    0.1572988138516725
  ],
  "std_errors": [
    1.0643018819097496,
    0.697158742305227,
    0.11368210400171196
  ],
  "t_stats": [
    7.842535271928607,
    -1.9418741870051655,
    1.3836726126154713
  ],
  "p_values": [
    1.7369769455564086e-13,
    0.05339514525845358,
    0.16782382296764342
  ],
  "r_squared": 0.10714528513102461,
  "adj_r_squared": 0.09924391597289206,
  "f_statistic": 13.56034416146027,
  "f_p_value": 2.7430263870110906e-06,
  "mse": 0.19685346906907747,
  "rmse": 0.4436817204585709,
  "mae": 0.2803878600191173,
  "residual_std_error": 0.4436817204585709,
  "log_likelihood": -137.33066146623307,
  "aic": 280.66132293246613,
  "bic": 290.96248894312885,
  "conf_int_lower": [
    6.249600903435791,
    -2.7275571913685197,
    -0.06671361858609717
  ],
  "conf_int_upper": [
    10.444049194278623,
    0.019968059513506997,
    0.38131124628944213
  ],
  "fitted_values": [
    5.535454537793923,
    5.701130675739741,
    5.625422291730313,
    5.661703495596511,
    5.51175723903586,
    5.459541200423871,
    5.562297812829019,
    5.562297812829019,
    5.743703832160004,
    5.661703495596511,
    5.49120591655483,
    5.562297812829019,
    5.701130675739741,
    5.701130675739741,
    5.448427806773942,
    5.4354339949445585,
    5.459541200423871,
    5.535454537793923,
    5.473800570350834,
    5.473800570350834,
    5.562297812829019,
    5.49120591655483,
    5.51175723903586,
    5.701130675739741,
    5.535454537793923,
    5.440460389401046,
    5.661703495596511,
    5.701130675739741,
    5.562297812829019,
    5.535454537793923,
    6.065208272499291,
    5.625422291730313,
    5.535454537793923,
    5.49120591655483,
    5.473800570350834,
    5.625422291730313,
    5.49120591655483,
    5.592287064141149,
    5.625422291730313,
    5.625422291730313,
    5.661703495596511,
    6.065208272499291,
    5.789422964857302,
    5.789422964857302,
    5.592287064141149,
    6.003759258416825,
    5.743703832160004,
    5.701130675739741,
    5.838288073831632,
    5.743703832160004,
    5.743703832160004,
    5.701130675739741,
    5.838288073831632,
    5.743703832160004,
    5.743703832160004,
    5.701130675739741,
    5.838288073831632,
    5.743703832160004,
    5.625422291730313,
    5.743703832160004,
    5.789422964857302,
    6.129803262858788,
    6.129803262858788,
    5.625422291730313,
    5.592287064141149,
    5.701130675739741,
    5.945456220611394,
    5.945456220611394,
    5.661703495596511,
    5.701130675739741,
    5.701130675739741,
    5.701130675739741,
    5.838288073831632,
    5.701130675739741,
    5.838288073831632,
    5.743703832160004,
    5.838288073831632,
    5.701130675739741,
    5.838288073831632,
    5.743703832160004,
    5.701130675739741,
    5.838288073831632,
    5.838288073831632,
    5.789422964857302,
    5.562297812829019,
    5.789422964857302,
    5.789422964857302,
    5.562297812829019,
    5.701130675739741,
    5.789422964857302,
    5.789422964857302,
    5.789422964857302,
    5.789422964857302,
    5.789422964857302,
    5.789422964857302,
    5.562297812829019,
    5.789422964857302,
    5.789422964857302,
    5.789422964857302,
    5.789422964857302,
    5.789422964857302,
    5.789422964857302,
    5.789422964857302,
    5.789422964857302,
    5.789422964857302,
    5.789422964857302,
    5.789422964857302,
    5.789422964857302,
    5.789422964857302,
    5.789422964857302,
    5.789422964857302,
    5.789422964857302,
    5.789422964857302,
    5.789422964857302,
    5.789422964857302,
    5.789422964857302,
    5.789422964857302,
    5.562297812829019,
    5.789422964857302,
    5.838288073831632,
    5.789422964857302,
    5.789422964857302,
    5.789422964857302,
    5.789422964857302,
    5.789422964857302,
    5.789422964857302,
    5.789422964857302,
    5.945456220611394,
    5.562297812829019,
    5.562297812829019,
    5.789422964857302,
    5.945456220611394,
    5.701130675739741,
    5.562297812829019,
    5.945456220611394,
    5.701130675739741,
    5.789422964857302,
    5.789422964857302,
    5.789422964857302,
    5.789422964857302,
    5.789422964857302,
    5.789422964857302,
    5.789422964857302,
    5.789422964857302,
    5.789422964857302,
    5.701130675739741,
    5.789422964857302,
    5.701130675739741,
    5.789422964857302,
    5.789422964857302,
    5.789422964857302,
    5.789422964857302,
    5.789422964857302,
    5.701130675739741,
    5.701130675739741,
    5.838288073831632,
    5.838288073831632,
    5.701130675739741,
    5.838288073831632,
    5.743703832160004,
    5.701130675739741,
    5.789422964857302,
    5.789422964857302,
    5.838288073831632,
    5.838288073831632,
    5.701130675739741,
    5.838288073831632,
    5.743703832160004,
    5.701130675739741,
    5.945456220611394,
    5.701130675739741,
    5.562297812829019,
    5.701130675739741,
    5.789422964857302,
    5.789422964857302,
    5.789422964857302,
    5.789422964857302,
    5.789422964857302,
    5.789422964857302,
    5.789422964857302,
    5.789422964857302,
    5.789422964857302,
    5.789422964857302,
    5.789422964857302,
    5.789422964857302,
    5.789422964857302,
    5.789422964857302,
    5.789422964857302,
    5.789422964857302,
    5.789422964857302,
    5.789422964857302,
    5.789422964857302,
    5.789422964857302,
    5.789422964857302,
    5.789422964857302,
    5.789422964857302,
    5.789422964857302,
    5.789422964857302,
    5.789422964857302,
    5.789422964857302,
    5.562297812829019,
    5.789422964857302,
    5.789422964857302,
    5.838288073831632,
    5.562297812829019,
    5.789422964857302,
    5.789422964857302,
    5.562297812829019,
    5.789422964857302,
    5.701130675739741,
    5.789422964857302,
    5.562297812829019,
    5.789422964857302,
    5.562297812829019,
    5.701130675739741,
    5.562297812829019,
    5.562297812829019,
    5.701130675739741,
    5.562297812829019,
    5.701130675739741,
    5.562297812829019,
    5.562297812829019,
    6.268431172408884,
    6.268431172408884,
    6.268431172408884,
    6.268431172408884,
    6.268431172408884,
    6.268431172408884,
    6.268431172408884
  ],